frameIndex,EnergyFlow,Volume,PathCurvature,CoMHeight,PosturalSway,SwayRaw,LeftAngularIntensity,RightAngularIntensity,SyncCorrelation,TransitionTorque,Jerk
0,14.342783468362754,0.040786225483215824,5.510346014037519,0.8408671447634696,0.08139842308231153,0.02606735951649323,16.350384873984154,3.804348324362933,0.7357583623436429,30.87840636629764,480524.90722584305
1,14.43210623342698,0.03555555017896175,6.114942342178256,0.8453224167227742,0.07802070544375485,0.039586360996316045,15.222719172498124,5.500563335301868,0.7489770626242894,31.118228041350218,483459.97514855815
2,14.43787744592132,0.02862290579212922,7.674244262587461,0.8517062592506408,0.07542917376393861,0.046730022450906634,14.970554088120597,4.404435742736593,0.7302099084287533,31.16741940852457,483298.3046679985
3,14.420865777550086,0.02272213391825908,6.131724579696441,0.8538856914639472,0.07348723581929659,0.048229081392795276,20.23050444225615,4.493939552871163,0.6772015722941165,31.428913286122338,479692.23433920473
4,14.41204974371955,0.021862036286717214,3.4807368936378116,0.8595571547746654,0.07220908016970333,0.04518281500615461,23.792425883862716,5.000921846149404,0.6353906634803053,31.28460847242272,484832.8176274166
5,14.417241086182859,0.029008719701863615,4.014033108863753,0.8629778245091437,0.07114408417671075,0.05695085183307321,22.275518974619985,5.932650634753163,0.6431858322894962,31.602994171428268,474494.0446779179
6,14.421758149205655,0.03649822023385247,4.408012170820893,0.8671437340974805,0.07025652363763264,0.06908242115142245,19.606740132081676,4.977909038301814,0.6239934232638059,31.68554375793925,472578.718644323
7,14.501652677105936,0.04212439001478546,7.249981510805349,0.8643068891763686,0.06973522244960327,0.07107415241689745,16.5174652055666,4.463752035547127,0.5991914902833811,31.85731883730382,454712.50445390935
8,14.692777148294695,0.04594213887773426,9.226073206858715,0.8638900288939474,0.06987293146526868,0.06755394086165763,15.454030221116392,4.627122856780085,0.5882420833476888,31.13022183407434,455583.0848549332
9,14.774101376651847,0.04543170818569668,6.917521919366175,0.8596080064773557,0.07036654649517242,0.07539383333370597,18.26540328230113,4.718982884154162,0.5673931463659952,30.7158472524938,428267.88181343523
10,14.716152965418246,0.043601916943886515,5.250649182915012,0.8640701079368588,0.07107423773899758,0.08055202440954143,20.41033339090351,4.315602985282218,0.5242969504371798,30.107049522070923,390464.28977298486
11,14.474103377387188,0.04103171114240438,4.711260797416991,0.8629264429211615,0.07213703702502003,0.08322044661713418,20.741685006785488,5.149742234375365,0.5161467078131635,28.88718199261338,387690.2131097537
12,13.801102307572494,0.039350657513968594,4.027295302625448,0.8628782954812049,0.07330079761553049,0.07996124326679173,17.849356486145357,5.25041278767013,0.500567696748067,28.571718863856823,361489.2559287436
13,13.21872274056122,0.038132889620869984,7.282281083181502,0.8666941061615943,0.07458594087668148,0.07495817729072905,11.00338680132199,4.8195104686433154,0.46546610137583255,28.332934719477436,347409.7514186175
14,12.711601697461925,0.034967117996491846,6.244100032391421,0.8757194897532462,0.076070250224768,0.07256689020704392,9.010131070090821,5.324460689811826,0.41005781767804167,28.169897128729332,344751.9430910057
15,12.546752411478177,0.03434242215566677,7.0088750317432655,0.8819248288869855,0.07792677467059544,0.07326493546490495,6.30385795245382,9.143464238292633,0.17660751898988208,27.82750868818052,336775.19278029003
16,12.336028024033949,0.039865738771692194,8.962172694910358,0.8870997849106785,0.07961588636708536,0.07698922153406446,7.623644682538691,7.718433229447417,0.07880461244162286,27.975980415988197,337244.3259956535
17,12.264747322383926,0.04878859090320673,7.161878007550905,0.892073339819908,0.08083080832725913,0.08431880074395315,7.067385209071236,5.357309756437211,0.029447836591311508,27.83386011200544,341098.1182629738
18,12.490158263587311,0.05503404353743846,6.394842767493525,0.8951653736829754,0.0815923581378951,0.0884216821184887,8.078679974868109,5.935645701482177,-0.051173333885978174,28.02619463805885,321599.8776068563
19,12.723873690514086,0.06027410655733325,6.7777602105534624,0.8955026245117186,0.08219187107720874,0.09206927670763584,7.863205191744178,5.089523215497204,-0.1051723265579771,27.861625307931973,324008.39444467076
20,12.770563928926451,0.0630192871441206,7.884591836306704,0.887990899980068,0.08309289632811657,0.09019138365891163,7.714464424230004,4.126289052127245,-0.2074350175418314,28.098868429855322,308592.36407729593
21,12.760137068967603,0.0649056636613064,5.477803973734242,0.8747549784183498,0.08381648921552676,0.08989783955978722,6.8495784473938475,5.695596771037136,-0.2401318278921936,28.173105469830745,296058.31321433076
22,13.017659462559047,0.066329692802063,4.732770949416211,0.8561157780885695,0.08438803980228625,0.09403045429026852,7.421694923381088,8.160737075424942,-0.3475874215281291,28.304413296951576,314705.47678911063
23,13.40732916582361,0.06842781532840013,7.430819199555941,0.8417527943849561,0.0849361483875068,0.10068663833221866,8.71930551685525,5.87456450131255,-0.3580202741867209,28.41027575168356,303511.6317878901
24,13.62759456264985,0.06908105714310611,8.4524836108904,0.8293634074926376,0.08508830736884809,0.10536991260663862,6.820330366475487,4.179905681732231,-0.29559271672768433,27.85392925059109,321176.53944836353
25,13.5827796718241,0.06926659981905339,6.455348512401497,0.8131676203012463,0.08450939761380911,0.10574301260435189,6.792344322360409,6.198254260750156,-0.33626167609350166,28.011495265422948,332224.23251637217
26,13.00344844289698,0.06942313569042495,6.891493143820089,0.7921840709447859,0.08329800726286068,0.10990277476338832,7.2789264994898355,5.20515406831152,-0.3890331259803101,29.35048928038602,340508.42796565575
27,12.657202777848383,0.06818259183559451,8.606725033871951,0.7766659343242643,0.0818068162808503,0.10290162824291917,6.550306488892037,6.419136688754688,-0.4216457307411984,30.317597709381374,347263.4488610578
28,12.536964104600992,0.06552182828758867,8.164854599133282,0.7694405701756475,0.0802651736792405,0.09664892891732652,6.129859443717358,4.786550992230044,-0.39901143868563965,30.074535257378965,367128.1845850865
29,13.150406012794935,0.06458995506441215,6.803766540659121,0.7605542770028113,0.07839010260444904,0.08760946967660715,7.70127320365179,5.841197199811995,-0.41574461101370114,30.414782018463892,371524.316629021
30,13.215483580061708,0.06331504415997657,5.99299206873617,0.7857942724227903,0.07645120719773084,0.08057443481633093,9.057511983007453,7.73897791942848,-0.40741614888829475,30.669950158243996,403436.4200046148
31,13.606204386376861,0.060589524413015856,7.083831796127566,0.8086578595638273,0.07500995902805643,0.07842982210768067,10.583465349282275,7.182356273730224,-0.40727239739163396,31.693270402278422,436012.5446305898
32,14.61337640698348,0.05881893881050199,5.901380040248718,0.8278395748138426,0.07388981462017127,0.07724894176170322,13.654821619662195,8.52364466377991,-0.3443835914832449,32.779681135960786,455098.6667642234
33,16.3918871526659,0.05370181933443128,3.3117715680571185,0.8385985076427459,0.07315089503132556,0.07033806658062211,16.781077218327273,10.588497032731633,-0.16758960588488492,33.034842395839284,599161.4604466488
34,17.46746800650059,0.04398292396176653,2.9207934462817144,0.8498414149880409,0.07281055051574115,0.06681398251151824,20.88185032959293,13.215723851790838,0.10290672415526055,35.037552774179694,626411.3335375858
35,17.63959018816586,0.03614561857793494,2.630882663704671,0.8534996795654295,0.07272153228472547,0.07311459778429709,19.37542757424381,11.651843875686804,0.2233465430123674,36.335978996195074,762880.9279589825
36,17.812303270838616,0.03858061506101902,3.219272167901032,0.8614535331726072,0.07319204375641591,0.07938223134278917,18.515122767516317,14.391988781024786,0.3534231807996938,37.473108473416396,865092.8313199808
37,18.86713771520661,0.04285371046146598,5.090577150246466,0.8764796829223632,0.07412611701757185,0.08680048934096701,16.631228210462567,15.88318054776294,0.4229750230224953,38.158495709656144,882592.2060607242
38,20.482765283896907,0.04780379365193268,5.947971252252275,0.8895527023077009,0.0751460244851103,0.08806551855873389,15.451507122646294,15.371167995374151,0.46421732852654596,38.45702049624732,1042203.550983475
39,21.831394480148848,0.0487473549136019,4.8039211628028955,0.8954179236292839,0.07604169936833385,0.0722708692832378,9.148188443100532,15.488011580978462,0.4475165383276949,39.53245367013183,1113873.3638801202
40,22.012566869941605,0.04639415237205002,6.553223460063983,0.9020211791992184,0.07672316343016612,0.057447630927497086,15.875366885621542,13.922698820136858,0.5677284485126475,41.03331249900244,1143347.1140520398
41,22.25767636993605,0.047556566869872495,9.131963006520062,0.91382962167263,0.07717666388358393,0.04299892353014036,10.187033987202177,7.522665282780194,0.6770151707487709,41.73792830004686,1188960.8885931775
42,22.587645056893656,0.04418441348970795,7.355664908365284,0.933959097266197,0.0770321515731503,0.036993526174812115,6.726688184909422,10.165218997059355,0.7351814712335336,42.185253545985624,1202213.967280277
43,22.765869489470468,0.03650109919720105,7.96157906376306,0.9597006747126577,0.07655371710206213,0.03217032261688807,8.676586549987832,5.913700214103553,0.7533382576764266,41.95168702408455,1203900.7292144345
44,23.10126246848734,0.030479509464718404,8.858159137931182,0.9794095426797865,0.07587684722308208,0.016830973972193505,8.253962892360818,8.172718592084017,0.7538523383272899,41.80955380561451,1201806.7013494573
45,23.49646384100872,0.02624721575539004,7.223729111872736,0.9898782250285147,0.07491055385959057,0.012461132598779437,8.999748295199465,9.26899176658638,0.7664939601890377,41.51107745487364,1199145.7409354018
46,23.906474029633056,0.023731819429739624,4.071578478188055,0.9919411748647687,0.07352284520608467,0.02858624220499807,10.222511546609425,10.597535688824298,0.76249811896124,41.50136938015031,1198495.781469916
47,24.0904927898557,0.020089677488169047,2.153947457727237,0.9875562128424642,0.07161821126806815,0.0422647448896251,13.241782447722635,8.740375854484356,0.7520961135453371,41.60244923468483,1194667.7045384892
48,24.11834061286422,0.018467023369085726,4.963711087193822,0.9805393010377883,0.06977680322648121,0.061412293489735995,15.281463767672161,12.594076130680474,0.7572795288467513,41.49842825203278,1193044.0520603762
49,23.773172902632275,0.017925247738074346,7.390802370368874,0.9683462172746659,0.06846407601883168,0.0778710021353717,15.271170014521728,6.936942207540691,0.7177061114794646,41.49004672705108,1192872.6880528412
50,23.151119738001384,0.020216619408585466,6.535436451490311,0.9612861868739124,0.06766957380505775,0.08930971154614985,11.035939246456008,9.615606002468603,0.7109471722341149,41.252340641799016,1222565.3087297357
51,22.75443581888692,0.022738130963005313,5.00385196577014,0.9516330781579015,0.06715911743135781,0.10477723928131542,9.652628649191286,7.621523526914016,0.7020575476123484,41.49092171734472,1218440.048507918
52,22.752613828708405,0.02737132639767489,5.263471981667996,0.9392187666893003,0.06694188512722098,0.11885411065562122,22.307277406863843,10.524963180417677,0.6645850685243637,41.037468387797105,1260039.501974556
53,22.56294985707157,0.03203390995731255,7.852160402128979,0.9219146168231961,0.06681338229187982,0.1256475857839607,33.032260915814845,8.591237809446776,0.4771405161220804,41.20555499274647,1252213.294081849
54,22.04623493571889,0.038448381158571826,7.695683061624705,0.9083824771642682,0.06680483060976473,0.12845255971214847,29.002848456446443,8.078240266570324,0.36377968223229423,41.254379721858335,1254760.229612016
55,21.55550235594918,0.0474839032426888,7.366606870086113,0.9076539078354834,0.06751662317474515,0.1264952985234394,15.723227951535984,7.576164460864293,0.32929054762492477,41.12414056758968,1236744.273540907
56,20.978187075056187,0.053567361770175126,8.19194217238823,0.911666698157787,0.06896437028198002,0.11980152666030416,12.74687726452977,7.9025737982902164,0.29777033199003355,40.457803103917406,1219955.2100009737
57,20.897225218869306,0.05504758790715403,10,0.9175488513708111,0.07095178647595943,0.105422893139945,7.506667532448229,5.274439019947726,0.3020512071583698,39.132881070096225,1204410.2425659853
58,20.447814029375262,0.054895421657644716,7.7875493192609095,0.9199168440699576,0.07287901778925038,0.08807015963918653,7.609931238011627,4.865359728945571,0.29179261836649883,38.1070379245035,1175108.2055990149
59,20.064706121952486,0.05665383743745068,9.036808201568054,0.9179879590868948,0.07465918519431572,0.07566596266894514,8.499354762914246,4.454629379552014,0.2946212560981437,37.66151481224167,1143242.32335222
60,19.373947666967208,0.05918734681657644,8.28069243060915,0.9179577228426931,0.0767682469032431,0.05765437540837051,9.76619870324815,5.880804122574316,0.3015594601076457,36.920388400395574,1132145.473255415
61,19.20294354732305,0.0633668508488818,6.4915839968920555,0.9192165473103521,0.07893859281586305,0.03755546655764767,12.498875174744096,5.932534784790951,0.29499702414541334,36.667800848838645,1089171.8295510171
62,18.69423946812363,0.06603843135450717,4.452733146090855,0.9185967072844504,0.08048098669107391,0.0193861700291686,12.900473824394027,7.112457285145662,0.29661379419203293,35.3055845706324,1066615.1226632579
63,17.613140391084166,0.06569823379725725,7.3978221278944005,0.9127726864814757,0.08147820926740627,0.020165292472508516,11.127820545425887,6.347787636892727,0.30166352197497814,34.66197102900644,1046839.0388673131
64,15.971676334085812,0.06368647357089852,8.388336201129173,0.9020904931426045,0.08193922854099446,0.029643523143486797,9.98505700300044,4.868298164057505,0.2841445862662231,34.45131543459533,917917.5325774255
65,14.992349107560912,0.06367897773787166,9.227445396228106,0.8915474417805671,0.08197333076884392,0.04218441388452633,6.836562590478117,4.523064004800102,0.297835962888528,32.29070950628555,888663.4261156927
66,14.816633009189013,0.06643012592627862,8.532385673373932,0.903477634191513,0.08168344069000615,0.057290450199598844,6.324127040637746,5.9253353961347734,0.2839033182362956,30.735238509502285,751157.8652657643
67,14.795577372941699,0.06823691037243981,8.114409482743998,0.9135172519087791,0.08093943180019114,0.07264802991454733,7.893509883491884,5.457619805892157,0.275980876581357,29.279099389296615,649095.9630727071
68,13.768436122917535,0.06766075997458484,7.694031687492045,0.9198498398065564,0.0799197916682935,0.08281690144539092,9.809455740029609,4.550012169898949,0.2720610381304046,28.278912166975488,636019.9201047128
69,11.869705992947324,0.06724453910510042,7.458934110307247,0.9230460244417189,0.07881807109804526,0.08780041641316585,8.712334717360124,5.65964968802089,0.3852937057812055,27.655739321047474,474333.41698693874
70,10.18774189449181,0.06614179613198007,7.702034390044107,0.9292047053575515,0.07760365663866713,0.0943364387976309,4.731935626266333,3.326539453500045,0.4228718173631439,26.758383605408227,404157.80498389294
71,9.89670423421026,0.06478533717451163,7.45831650184885,0.9390375423431394,0.07621338715789717,0.10232779125177813,3.7499404269699443,3.3048702843518374,0.4636561551561727,25.515575632685195,372783.19780545833
72,9.740023504638723,0.06442160334562122,5.418599095027455,0.9473172184824942,0.07479008900905745,0.10460882554350212,3.9642757687751446,4.810766471136883,0.5399948825439465,24.581525675454234,337837.1809072318
73,9.363861655268655,0.06414722441071505,6.865245469830386,0.9520310780405996,0.07367268748261714,0.09673769688683106,3.88926114097284,4.920005381795868,0.5512360824704076,24.313909557447193,323799.9190424664
74,9.124180990729986,0.06345875737044258,4.811120621201073,0.9483522889018057,0.07310063805113347,0.08735551217391345,6.259010936583039,4.892844002134272,0.5760832290143569,24.64093383056122,319274.9292822127
75,8.850780589281284,0.06186938323489358,7.897227769551261,0.9383429485559464,0.07294136699694584,0.08221188694894262,7.032686864095095,3.6149076210534066,0.6114076643926291,25.251909476189603,323263.6750311187
76,8.411431837742665,0.05879812085168868,8.468390373157026,0.928943323791027,0.07322799856034573,0.07974185588999784,7.004986196103143,3.556687801386513,0.6638725238650433,25.258514668429854,335755.5453038814
77,7.913212006756949,0.05399494318457378,8.963178766797817,0.91533250272274,0.07399475920296165,0.07640045233653503,6.1050936779868,4.941229499482416,0.6716916723087174,25.575074869383585,333017.0099333044
78,7.593140759265013,0.04946101578804271,6.85511350294315,0.9000054037570951,0.07520553489636912,0.073178644755928,7.019238558264092,3.8252800777168674,0.7339960558554248,25.260160506517792,334627.7730631972
79,7.386257335018859,0.048011815953760306,5.599212952008141,0.8869548174738882,0.07608625019120412,0.07570389097096958,6.267875807392651,1.9206866061552772,0.7176835145039389,24.656848436401962,333884.53521806607
80,7.312408589745235,0.048136777083194825,10,0.8768131104111669,0.07626240597603791,0.07892817119870466,5.583554094147566,2.3293664083206167,0.7626664788080356,24.24801639736673,325049.5066315719
81,7.36818103505161,0.04951155781838126,8.3516052133657,0.882904541790485,0.07539872388789845,0.08032311910217906,4.961543439202284,3.120476162897943,0.7879130490994289,24.214870296180056,286287.8222295796
82,7.1740977205890815,0.055855246825614276,6.224275986057669,0.8920124620199202,0.07473887327050063,0.08171296369705092,5.646813807563798,4.633150708387953,0.761811026252552,23.496015924286112,290872.8346953421
83,6.5627516937482655,0.06117697693457937,6.2277763359759275,0.8938542360067365,0.0745059925243154,0.08724526656679406,3.461805371460958,3.4625157790788292,0.7356520819805313,23.736267086223197,250592.50983433198
84,6.100953138132448,0.06421124100990214,10,0.8940649080276486,0.07492154901471787,0.09149424810626512,2.31442350719046,3.1559769587789943,0.7671379142074367,23.43590694362928,238931.8404146287
85,6.003501178353938,0.06449920636307764,10,0.8873067638278007,0.07602624249823678,0.09080571147142683,3.776010461617672,2.186543271893139,0.7390315677943295,22.966645602376133,235318.82622094612
86,6.049933396587844,0.06303877834265845,10,0.8774384111165997,0.07736479545397801,0.08339694461957099,4.469363743716524,2.9203244396977333,0.7001778126651018,22.928654907085626,231626.58034324498
87,6.017659742163059,0.0594322769025638,8.842466867279875,0.8650267642736434,0.07846649834855847,0.07567928404627328,3.7699771866218303,3.5068318847671707,0.7057130331044918,22.98302418931974,234870.468078783
88,5.889700470919131,0.055804706428507364,6.414766682159979,0.8530855658650397,0.07904839893928514,0.0707834458202955,3.1842319754738684,4.244493266251938,0.6880030007377248,23.415090410909887,245290.54214616198
89,5.778458089189677,0.05326709146308788,7.233680515131736,0.8393640121817587,0.07940469664982165,0.0703366272631929,3.7953795723139625,4.331782341409769,0.6798690608734975,24.18399483745146,248188.50924412676
90,5.726436284817314,0.05224255567865441,10,0.8294671842455862,0.0796021637129041,0.0707285599891278,2.919188490069032,3.662109324486127,0.6628853341133293,24.30570657677458,260499.86839500253
91,5.686897932275357,0.05221436205578635,10,0.8339872643351554,0.07940881644761415,0.06653995387376743,2.108228983569012,4.010048805296526,0.6170984653145085,24.34462418916606,265908.56560180715
92,5.71054188657112,0.05297521148607214,7.736065876973838,0.8429122641682623,0.07852212329314101,0.061325046478740514,2.0714262590764543,4.064839249212305,0.4860391966963565,24.42258884057914,267844.67322563345
93,5.927493083707684,0.05761775417407479,7.436097814155305,0.853870956301689,0.07714544917133466,0.05692021652480096,4.911281324487027,4.883569851410582,0.3658143855633869,24.673625992394978,257071.62258696833
94,6.139413225978191,0.06149048820242392,8.831936171139237,0.8561521378159522,0.07534116011970146,0.047467466612392505,5.734195571294503,3.7104378002587692,0.329915666845431,24.459554186085754,260158.0222775825
95,6.215849438614669,0.06465252534043221,6.8883081126618215,0.852634099423885,0.07348093389887154,0.035104352473334606,4.870661654988531,3.674654556491753,0.31964495267776105,24.34544630138164,252313.1727499497
96,6.178396901641685,0.06695832881010744,5.137476535842088,0.8494091606140136,0.0719330561797355,0.015410269152203376,5.954061678923749,5.122113565470494,0.3087718371298937,24.567046531842895,262265.8318079957
97,6.360098589299261,0.0668763438896557,7.515454704527751,0.8448273214697837,0.07094055364114779,0.03683508106026613,3.2212898142701407,5.021399203783631,0.19633803371000252,25.08996717549756,266870.150387977
98,6.54314184033435,0.06521174431464193,8.01044466345689,0.8427329376339912,0.07054627782653344,0.06542872678280527,3.404391570283416,5.49325956432291,0.09926464899296361,25.566959566415207,275725.4191826697
99,6.623288028177107,0.06062790903044387,7.05023489863386,0.8374970573186873,0.07066947846099936,0.09569915264786763,2.0779607915960012,5.827843756221734,-0.16734115334145863,25.40320490660362,272827.0033882157
100,6.864883133971801,0.054340201260616755,7.87449759401782,0.8328810349106787,0.07098327777380559,0.12204591440225229,4.339749971211793,4.82634709215743,-0.16508894970170496,25.62069276860012,288767.5811663338
101,7.179917014679342,0.05049244126060189,8.328890413683272,0.8304743260145186,0.07158943299210374,0.13583158042560947,5.717596948891223,4.470977964518265,-0.1643710793949638,26.579595561281483,312103.3063399419
102,8.112770738892362,0.04946335180551124,8.428653482432392,0.8333045899868011,0.07241379004099169,0.136480580983772,5.583289660878275,5.627765938368888,-0.11233687583374315,27.653228084754037,317621.33755427465
103,9.634744029952115,0.051281037908885184,9.977616937538006,0.8363924315571785,0.0731384276691799,0.1226477438560289,4.215930513714804,5.409924199023251,-0.10856750094128806,28.40528653038297,399643.98139117355
104,11.13955396187997,0.05235836554457699,9.2360935523143,0.8395956382155415,0.07362240897247092,0.10778292591346211,2.4834733176316197,5.2828441095590195,-0.1881648615566297,29.248416035575588,451651.7567166965
105,11.798603010338526,0.05174415240911839,6.5383939644613,0.8462860751152036,0.07364166491162313,0.09347699112946964,4.536534445201298,4.704979696249431,-0.16708014203804408,30.15242310628465,466560.4232861191
106,12.092432709464097,0.04954632859627274,6.630119061412649,0.8510791590809822,0.07387789964338058,0.0762181217249534,3.870094470690859,5.716482164580248,-0.1504870774038484,29.97868896763098,508076.9277402795
107,12.729104869082237,0.047630641758782684,6.688481287753801,0.8591523212194441,0.07504985216488973,0.05225436810133109,6.369637523696866,5.822466576349174,-0.099796296907534,30.363606542000664,501338.7457050641
108,13.228001106113377,0.047199856637532484,7.232106713865766,0.8739779752492904,0.07657510615497118,0.03372355456053856,11.391520392730516,8.680316800639309,0.37340908665155553,30.72243230381561,518588.67327283014
109,13.386673118845703,0.047230436694448985,6.3830484214256735,0.8917762267589567,0.07749139668954759,0.0172456841552991,10.987161135361056,6.173829755465032,0.5128396847278675,31.59986945001184,521206.27663288254
110,13.48910734218382,0.04463415341344658,7.622800683020798,0.8990809637308119,0.07773165006999448,0.018036878125241615,9.405747140549227,8.740945794055271,0.6472321892604631,31.99602420482318,533443.8181291211
111,13.737882387913434,0.043571107319363644,10,0.9014199301600454,0.07671943762014019,0.030943961905487077,6.423580107500572,7.939871384690849,0.6622950567781893,32.28129244860267,541737.6845143969
112,13.975335940326417,0.04797513486558259,6.988029299894475,0.9053891205787659,0.07716439877349009,0.04955554040596025,9.791023771755967,9.009691036723684,0.7174042153127757,32.46841512639053,550245.6258869161
113,14.114318800525009,0.05652509317396061,9.537389242301682,0.9159248247742652,0.07767625326362093,0.06949041344400622,8.761753093142133,9.651088611822914,0.73460652592965,32.51659413297774,550267.810934252
114,14.48237970373785,0.06031533992074711,8.759871107737665,0.9187839716672894,0.07777704475558461,0.09106448623523786,7.743753187181297,6.716174739280423,0.7290189564394137,32.26711089463632,567691.3757767904
115,14.622118884396475,0.06345297223232467,5.262841817079142,0.9093736964464185,0.07723546544120022,0.10122202680325829,5.288208878205721,8.919602891468399,0.6946054399043603,32.74838850297513,572081.608761144
116,14.733140139757358,0.06163146081180845,7.187560709287315,0.9001441401243208,0.0758579685486655,0.1095965232386694,5.799126856832398,8.630425427189179,0.6851443034393818,33.034509882334156,580561.645229982
117,14.896049370874724,0.05692673127617511,5.7236486734731695,0.8928976893424987,0.07412816376276699,0.10895201313509673,5.83152585959392,6.701785635031782,0.6811224036309341,32.83245703057508,592179.0089986775
118,14.895491163264262,0.04975509860709637,2.812096661878764,0.8865525704622267,0.07258884827769557,0.09814305052010848,8.875416499417334,7.608915384129204,0.6829163070057174,32.91618380614322,589049.1110281098
119,14.940326496024095,0.0437128159581522,6.934826597643911,0.8808761927485462,0.07161515475736444,0.08578686622231749,8.768256082189659,7.560324237100431,0.6850370003955857,32.886748216992174,599722.3639620875
120,15.086286301416935,0.03829015751321881,6.979126076280609,0.8704474562406538,0.07129691066247777,0.07093356137691142,7.365927511692041,8.001801415413006,0.672842573920597,33.1042649268811,599790.0182283663
121,15.434059164675796,0.034000876557929195,2.0339333133686783,0.8612463885545729,0.07138585178483185,0.0780518366736084,7.843663704652404,8.253957663324886,0.6575317136006708,33.33562912380277,605698.3800061235
122,15.654192471178764,0.026203631313150032,3.819124394519078,0.8506356731057164,0.07199219659153505,0.10287048204055106,8.377201413287008,13.37732582969562,0.5953877767111829,33.689646781868994,600849.540553162
123,15.992855378828994,0.021995670490570846,9.266162266431435,0.8488496917486188,0.07311781490004247,0.10860792017126536,9.248637527159227,9.648032684096655,0.6095868451882899,33.20856278798891,602910.6062652386
124,16.075968842156957,0.027215547342204844,7.863753878110917,0.8502037021517752,0.07482478932144655,0.08532522309666943,6.493637540342517,11.618425916637474,0.5731131722118741,33.2241518899584,602959.7404031004
125,16.10364200479947,0.0314117244226558,5.193587309936297,0.8581799158453939,0.07739185223544107,0.054915321406246685,7.407068608977193,11.166612155636322,0.5555465121912777,33.29029598150487,605273.9855209821
126,16.535939923650087,0.041050705061280245,3.2462917096330433,0.8477057087421415,0.08010983620546686,0.0037257665278512247,11.248774980564997,13.323402031671113,0.6159119486535899,33.42526031032394,610607.974526416
127,16.86138243544997,0.05299235717276546,4.514202587911553,0.8439884933829307,0.08257573621462325,0.029204064906050303,10.51546052859872,14.923831387981572,0.6279228019929403,33.53778735598088,618522.9719937197
128,17.188793562222425,0.06281987593379594,5.901085546826012,0.8369287532567977,0.08441371290971307,0.0527025702543218,10.425646318974618,9.842237058748115,0.619544621253815,33.8913730407585,623893.8622987296
129,17.271977684347867,0.07170574321592701,6.62642169537156,0.8405908983945842,0.08563066195082902,0.06855326303367948,12.755614640091054,10.500254033354182,0.6174827312439883,34.61267428932697,610761.1165693783
130,18.08369530081102,0.0765746613169335,6.874799708411355,0.8359059226512907,0.08584152120797342,0.07891019390195175,10.818126387267874,7.025341349138187,0.5556729143235515,35.22592026701391,657413.4269253691
131,18.652049720904483,0.0793705222978929,9.473267420034738,0.8492885571718215,0.08532293038306664,0.07934351073367642,3.510502522387761,12.249656399605922,0.4199783426086421,36.102875552073314,661022.6235827074
132,18.643180825925896,0.0776781393007979,8.686332704769217,0.8477668172121047,0.08416704341710822,0.082207632062755,7.430760906638486,9.413738444350532,0.39920728007070283,35.78527167110234,644574.8747136901
133,17.936161525576946,0.08078016924592386,9.4306755406269,0.8583158057928083,0.08299352326179171,0.08876180094655833,4.093287786888773,9.51942034203986,0.3330073594633337,34.59023212733506,668196.851557653
134,16.768396318320608,0.08377790448818472,7.497013290591766,0.8513438376784322,0.08210370812423722,0.09246324472576377,5.421232117343372,4.823832119306849,0.29824375423202765,34.98209029913099,578578.68069067
135,16.149716490132246,0.08553939305308762,7.722968849407458,0.8506212341785431,0.08118721491503299,0.09791735897197551,7.5196317284323175,8.495330172099482,0.23911039656260769,34.00734324995323,554857.0096511951
136,16.142055412890723,0.08247158292982888,7.709474184939284,0.8398640793561933,0.08053561105521505,0.09623416592244605,6.842270046402972,9.462472393116254,0.16621804132093215,33.63238980652646,563994.2217359637
137,16.44067041774631,0.07232481817967523,10,0.856103245913982,0.0794886076553017,0.09501481073275245,8.79234615033215,10.840371367601625,0.13958982288195032,34.330602983845154,560837.5947444612
138,16.023486794939668,0.06962958058185882,8.398163831642385,0.8496029630303382,0.07749473323188708,0.08714853566506124,11.415493553795859,10.559935823394092,0.17987630603758537,34.18523992681205,633242.1469838911
139,15.788061884061454,0.06533591036940908,9.048505563339981,0.8506212872266767,0.07562580316962557,0.08663976162406528,11.681984841297878,7.9141696998037,0.20864340676201848,34.98198529721774,638065.7963704885
140,16.020018772717574,0.06026376060987773,6.710053072793691,0.8482131880521774,0.07503168220726582,0.09682463448912842,9.710670450298238,6.428019571484529,0.17785747816345374,34.18398872885293,698979.1214504659
141,16.208208463532895,0.06313898526663542,6.405944397480708,0.8435679554939269,0.07575821874762731,0.10229438119604065,14.085843161889017,13.14839094852147,0.2652668475594764,34.914000967963155,694395.3895394464
142,16.239019578507893,0.060064100923604063,6.765066947672018,0.840322345495224,0.07833217275398191,0.10738686218933531,7.051919526235697,11.122694510050511,0.2553037658431177,35.308598400205206,703601.0857346909
143,16.2652474769761,0.05890203838890744,6.894137898229634,0.837397295832634,0.08044789767199659,0.10653281795374518,7.79943745317278,11.034810777133226,0.24893775303865393,34.83384096235346,716802.682455546
144,16.26809165752608,0.05994369618394962,6.295248366489459,0.8380024898052214,0.08192551752150377,0.10721583371860104,4.468868865244053,7.024453842165912,0.2877047798680023,35.09231294154137,713667.603480278
145,16.05902280710462,0.061406221764023466,8.104950420226348,0.8349190989136696,0.08288682244948076,0.09760112320671327,6.73406627632566,9.016165227874703,0.2859235918854865,35.201677179095924,694194.6124917059
146,16.0097629028522,0.06064820569579851,7.950065793195182,0.829901622533798,0.08371516577434765,0.08514571123114902,3.4725154172317945,7.322766799187926,0.31638539577767033,34.505802153958804,685652.2283933625
147,15.872322372162513,0.06465416790148065,7.637993481881628,0.8247834569215773,0.08470956596969659,0.07376402729395898,7.358725346732507,7.595129665622877,0.2958310056192238,33.727984596457006,677218.5912895288
148,15.705977935843599,0.07176643324741579,7.095288753841374,0.8249344456195827,0.08562219968806487,0.07257288832028443,8.831413754596113,4.606998234778788,0.26997763029464705,33.876954494795115,663576.0158577056
149,15.719214549388766,0.07696117263760976,6.669005352972462,0.8301058086752888,0.08624466711144488,0.07055878125591984,12.124302991045262,6.352237542575029,0.2017456121761979,34.29406543836716,671457.4784979034
150,15.95529825879462,0.07960319349755635,5.315229730362507,0.829227936863899,0.0866175244389377,0.05737557673698599,13.748062567993196,10.635592438421568,0.21030957764936062,34.44148615096016,657793.5453272968
151,15.989091988456492,0.07959614952642453,5.660041498990382,0.8290227940678596,0.08636015809127823,0.050733841722554816,14.218547148762521,9.100385141501757,0.18241457864951996,33.75255921163737,656927.6956322396
152,15.670852787608105,0.07996223279520269,5.5360167186701315,0.8288149657845494,0.08554563904867873,0.04559473127629561,18.12421691712643,8.796133782551792,0.14800503727563943,33.698986852157596,639759.8013979354
153,15.593326709476475,0.08205147927064628,6.345542623357223,0.8410620537400244,0.08444815813418405,0.041060374914697044,10.589603012528547,9.591540653178658,0.14831833781438614,32.99674721664526,646994.8024256804
154,15.292430422848327,0.08857880839886821,3.4250484931108236,0.8480677467584606,0.08355439122774581,0.05067108824115883,8.00269060604514,9.187688662058651,0.17710858887344277,33.53899210204572,643911.6813890663
155,15.129843265409217,0.09452210431002345,1.7780248501778326,0.8594161397218704,0.08302864701156432,0.06690747326351704,8.42320617548387,9.487887559798686,0.1928678085497423,33.57470445058206,644275.7524059042
156,15.046888634626574,0.09745159885262358,6.885127456026867,0.8667426690459249,0.08263068972059047,0.07743795415745264,6.599483439982237,14.070667574002096,0.10517313010731578,33.15461930980964,648948.9201372069
157,14.651786406284835,0.09675210149025097,7.370415343137799,0.8765340563654895,0.08259668693279736,0.08351834072484357,7.07604273698302,13.923079488117171,0.03576529675490953,33.34861562769584,641476.6527783717
158,14.800041768476783,0.09337991741818435,7.504005560894854,0.8818261101841923,0.0830508777143914,0.09479153736450542,9.905343532085645,13.283783913120526,0.0462476388723215,33.75159791647329,620878.6099849914
159,15.182057844730796,0.08765750565574432,5.6236532474476295,0.890497877895832,0.08391323752644793,0.09850878558904415,9.568388757776244,8.860174851608965,0.02834808043792951,33.823433072491355,622772.8967370495
160,15.887848210242474,0.08085057134492436,5.28854074111997,0.8886552464962003,0.08511794641460588,0.09835371580096543,9.103889546982355,7.453974178826357,0.045837036107974315,32.9676802827046,666078.2920030792
161,15.540092490891546,0.0789933937029968,6.405070304137739,0.900009922981262,0.08708657993414994,0.10458883697282553,7.464820028692991,6.088279947725255,0.1351410507920939,33.050490864241254,626911.2760252528
162,15.104014594059482,0.0754594202907149,8.046053306509833,0.9034436607360841,0.08980603092102063,0.11016991678949381,3.569958901989402,7.080032139655846,0.17430431586329287,32.846119641721145,613657.1123273638
163,15.00419124883073,0.07279948573247874,7.8081272251736795,0.9113766413927075,0.09299116007963258,0.1104992773321717,6.617304054755957,8.171177438043337,0.19602537919237686,32.01705056194213,645459.0737112641
164,14.94170645109218,0.06856226058444587,6.771137947226518,0.9143478342890736,0.09625899016451957,0.1080582910713388,6.163403735194922,8.955371449601806,0.14404513327721338,32.628521298740274,624353.4429821424
165,14.650850648537123,0.06169887959544264,6.362511310652854,0.9260411876440047,0.09975585133655483,0.10402182187804211,7.360116316376429,8.803012301491584,0.14247164304120927,32.58732822286673,624324.5939640539
166,14.087656768637945,0.05172773396950728,5.433462159590221,0.9346838799118994,0.10389118691658218,0.08993900219453185,7.645046795530736,8.23599058824612,0.15068200549680127,32.69244289112235,622943.2056973138
167,13.684415430803101,0.05123751431927717,7.2393924112795265,0.95366193652153,0.10867116781425495,0.07098407560186165,6.362353517076635,6.9534768626907315,0.17289088426800056,32.328670665236295,618577.5960091745
168,13.022879923051125,0.053504370590046445,7.9798992902398025,0.968174407482147,0.11393679428359786,0.060992902383416564,4.677997280141737,5.375516137060159,0.20789787760940331,32.14215869149237,585334.859064464
169,12.817811773739331,0.05645662076149852,9.93053057647023,0.9820039108395574,0.11955692395648843,0.05944176156547674,4.476910777089172,5.979037845142572,0.260335988591261,31.881282906978758,531686.9266270212
170,12.695298691413155,0.055768930431266676,7.4489531164506255,0.9886692124605176,0.12500003889911646,0.07034169092243832,6.9732935407613645,5.119285919760687,0.2876125032422358,30.702389997623754,508434.80295171414
171,12.439374295793707,0.05790541068634923,8.007264811416592,0.9969406864047048,0.12992187810084052,0.084487958468939,4.25250687040354,5.333553937419262,0.24420113154155287,30.31624992751084,455126.72438524663
172,12.200331070841244,0.059362389351589634,6.712557167888157,1.0007196086645127,0.13432888780552704,0.10124029477445405,4.500994830425179,6.631255690122783,0.2784473973872252,29.51670989040962,445123.7196974386
173,11.891628493886124,0.06012030047051871,6.575937171198225,1.0035583585500716,0.1382314927070968,0.12146677641875042,5.5231961905702445,8.488798890138353,0.28079327941700777,28.716597008279106,446296.76333638025
174,11.628728081477972,0.06556035311489058,3.7984430724724128,1.0078515669703483,0.14144984612989447,0.13326597212749808,6.595041913006813,11.223086693150918,0.24559619758173537,29.360747267515443,424252.41516820615
175,11.760035772113005,0.07033592549625417,2.5092605972287823,1.0034978717565533,0.14417020360772065,0.14456180925149723,7.754379824105725,12.771322156339712,0.2343635634332499,29.032420379024074,445596.2199309922
176,11.80719400464259,0.07119290714881471,4.469570924893,0.9899622687697408,0.14655150884078375,0.15862876231257902,7.748161828459114,12.39910058697977,0.20766863849746872,29.225453513459556,444805.1808148813
177,11.83986411580594,0.0671439850653275,3.76904427200623,0.9762457114458082,0.1482936806316903,0.16944869182414016,7.428304334751259,11.631674644463354,0.193968399957582,29.285653646274525,452269.4027581267
178,11.941653041973092,0.06213430914820158,2.5970310544966537,0.9642904859781264,0.14931171614923178,0.17250303121092986,6.929751640968567,12.006758734760858,0.1991161111931016,29.515728294885,452293.84210385045
179,12.019156580415128,0.060471775716459536,6.52832755740775,0.9546493780612941,0.14945878068345328,0.17387562095178075,6.281953122570133,10.06223395314872,0.2518064463478839,29.61592076977966,457246.3606500887
180,12.088297070607572,0.06330906649014348,8.055335196218865,0.9503146845102307,0.1487310724652824,0.1789614775890136,5.271524926740762,7.296989041437801,0.24483021918380776,29.282439746168354,451935.4564492997
181,11.917231442714687,0.06375591581720498,8.527846339392989,0.9496742367744445,0.14730512207247087,0.18557097971783348,3.6319241745715574,6.446376723398998,0.30237083061991543,29.274150041884898,452726.79851923557
182,11.79273372254698,0.06415005865169256,8.744837605787648,0.9458658835291859,0.14570372572553203,0.19891324955041062,3.715321518421079,5.495687702344801,0.5156122618247462,29.35105528179085,456902.448282039
183,11.750925149447085,0.06409802810978894,10,0.9444211655855177,0.14397716064945318,0.20882915182592615,4.3817378603277515,4.554990111954634,0.5686663245299116,29.418913628476723,454905.20275672094
184,11.767673450403784,0.060506350290525784,8.076528996162516,0.9447040662169457,0.14261845581120897,0.21528439477430505,5.524988839189739,6.531800275599238,0.5764825133079521,29.65901666946418,450882.52228489146
185,11.937409267867979,0.05760456378509607,6.6043383954112125,0.9414614081382748,0.1414063392901918,0.2194076514626278,5.85664561699639,8.929061048219243,0.5772171909809286,29.244356145406638,455525.12502362905
186,11.916050766468357,0.055173876156262736,6.851304264556702,0.9408434009552002,0.14001941307484667,0.2194844885169625,5.000601668019972,9.785053304402375,0.5854080605671225,28.948179077473725,448234.243924237
187,11.894281454670429,0.05535525916640703,8.758002069560375,0.9392184910178181,0.13838655618464402,0.21405525500273473,4.385525658130103,9.210623271234944,0.5730332208816515,28.992378052258886,437357.74481098366
188,11.697628014853075,0.056816961549170444,10,0.9413980063796042,0.1360895219408116,0.20449909267350602,4.365203427981056,6.5513748862054975,0.505857351420157,29.064055711904622,432710.57536713895
189,11.41795994769172,0.05250467464897092,9.729689167407228,0.9407277658581732,0.13306273501476237,0.1945604934712333,5.8072517290806065,8.276364889587716,0.5286297072314495,28.691873034557215,445668.64396411343
190,10.49650937461514,0.045181283736859056,6.376318476148658,0.941060719490051,0.12947647235657297,0.18283986740165573,11.005365123877587,6.030256144585389,0.39064681375914995,28.214322528465566,438132.9394531713
191,9.448988182532888,0.04337070518158366,6.510466767520588,0.9185145872831343,0.12571801096179291,0.17217417802592092,11.617975215390624,5.538538273576528,0.2459858177364234,28.258808493499444,399729.47981673974
192,8.83183267593342,0.044365247778804955,7.655270642207339,0.9089689683914182,0.12151132457886782,0.15859616249092853,7.227417456122928,7.7899831538287785,0.2323977174299324,27.821470485134007,402258.5718504633
193,8.519515615395973,0.05251052286895648,5.087025329861227,0.8871162378787993,0.11731257086578152,0.14172901783328168,11.046340714467313,4.9443845574729215,0.10379768013572338,27.334111673933055,392935.6184685022
194,8.36017288882062,0.05914772961715466,8.16945337001342,0.8783942246437071,0.1131565641978724,0.11505827789303741,10.784278692093768,5.206663587660354,0.02341753224796045,27.60281406756782,352763.5697015053
195,8.161139563943745,0.06515930372697588,7.062468001297168,0.87385331004858,0.10936310234233709,0.08549933630804142,10.825838445899201,4.992279666013572,-0.05223368779860729,26.705142735007215,347192.8861486832
196,7.915465218773452,0.06905024701524136,7.575205052888853,0.8750205028057098,0.10570161553876144,0.05981735970088443,10.863073509505064,4.247779042379957,-0.12825516021404224,25.931832651463072,344744.932852779
197,7.491072075901469,0.06909239315397027,6.703502572811027,0.8525057557225225,0.10226332406030209,0.04029571543942715,6.546069973063894,4.203635714376992,-0.12321897913533521,25.87283092339893,317800.47216764453
198,7.1448132858325915,0.07115703630255933,5.420713375008136,0.8388869819045065,0.09847601260207839,0.017460558243417947,6.792230101649639,7.399248524918402,-0.149325867203321,25.434514639016946,300721.640801754
199,7.07833934024133,0.07243869185420732,7.472289250809787,0.8066711202263831,0.09440581762561054,0.01887305239784629,8.093230767279392,6.381382196626228,-0.17893847230114124,24.695760433522786,292299.49839500705
200,7.026148750019977,0.07431635414149929,7.032067203883473,0.7877105960249899,0.09005377745804835,0.021866149413945678,6.712707668436295,11.491425821643542,-0.17750306624459455,24.37472177628602,271482.6474995708
201,6.884200324751246,0.07476608911117115,6.798444881878589,0.7555486807227133,0.08563649582276567,0.027346978246738197,4.647781315131768,8.20802305031255,-0.22153892508158257,24.167551822162455,269171.59483300755
202,6.722539867754304,0.07376112487795827,7.789802668315338,0.7357642328739166,0.08144330456450125,0.03386939487265743,6.1785459019361255,9.405839961018165,-0.2475781933373457,24.109764780755768,257371.91578241956
203,6.579603524287397,0.07015206045940488,8.177868580124652,0.7068492311239241,0.0778310335096153,0.03003223321564798,6.125493229775115,8.32027578339265,-0.24601188125231116,23.92809572746049,255691.80067566046
204,6.533891516639716,0.06571630705586776,6.502696804163421,0.6922903996706008,0.07484984120181018,0.027636381711225063,13.679097358455293,8.66407514723353,-0.18973188860696516,23.747886634730307,235879.54157535103
205,6.4318524464198825,0.06417563598478741,7.862083631525169,0.6646226036548613,0.07237506243486916,0.022091829723625944,6.132482846963011,6.004154991408563,-0.20795529559391376,22.99955857274668,234941.69513266132
206,6.09088173946821,0.06286588132546854,8.739697344408002,0.6570038524270058,0.07038392140345573,0.028049506013315646,8.687681638335674,4.982595535840986,-0.2571087519114016,22.741945777456223,209747.42024285503
207,5.890081114414506,0.06370034122606404,7.912019754241564,0.659809999167919,0.06874125477692686,0.02822148444190111,5.975719510897067,4.280978268291363,-0.2524346159770052,22.351881223093596,204422.56995105094
208,5.755278752477632,0.06652118491377208,7.019572950776132,0.6683871799707413,0.06772402429226537,0.039287326718465174,7.713894538006433,5.578650540411964,-0.2747454652523361,21.941072916479566,196599.9785401467
209,5.5781649125484485,0.06824573711037923,5.38088279507256,0.6699276733398436,0.06761631485047008,0.043666824505746604,8.299777598991593,6.556796839809241,-0.2699878548353238,21.792229127049154,190091.6667658914
210,5.361277556466802,0.06738525598763431,6.1373877705682895,0.6724971309304235,0.06881552599918328,0.056278303430186666,5.385090018234775,8.022252723877482,-0.27727217427207435,21.3769301668331,180725.4350915029
211,5.197436190052154,0.06666208511757797,6.812250024178004,0.6672077316045759,0.0713642801312866,0.06545538667816826,5.333968952646082,7.322010315803707,-0.29954619114290193,21.007960669621877,176682.9477250593
212,5.083729689488612,0.06811185720985116,9.646621034523756,0.6709341889619825,0.07512949186411103,0.07898394388559385,3.7369345099612707,6.193368145403525,-0.3191005289696481,20.58588365309155,172853.89238460956
213,4.8887672106120785,0.06604038769993198,10,0.6706278067827223,0.07983312236876128,0.08150659434547611,3.492165397276614,5.341592824605884,-0.3255723056308945,20.594145780570408,166357.21112613342
214,4.685600966131606,0.06306341350921489,10,0.6734959083795545,0.08558122278951699,0.08265310755542232,3.567302309254248,3.812810544543922,-0.2357019801722065,20.087020645095674,167498.83422475043
215,4.376367465627381,0.06061989003019807,10,0.6756855353713034,0.0917378414963403,0.0803711495798773,4.136016663957032,4.268286415097091,-0.16512304910176187,19.688878032698298,162637.95957149818
216,4.0145013246610235,0.058178551838928456,10,0.6759068056941031,0.09809291833691618,0.082471920768865,5.730612563576733,4.959686544312985,-0.11127774271578096,19.669652152152377,154304.27467235053
217,3.7891320224925527,0.0567798406889494,10,0.6624655404686927,0.10439608391698722,0.08949555951076468,6.166669544960792,4.381665001171614,-0.04673075146418183,19.452949593009293,156937.75691386336
218,3.5799774189749316,0.054962397101007525,9.882589459195003,0.6472135445475575,0.11044076049785546,0.10207485230127086,5.281971536969638,3.259532433431988,-0.000634285146185605,19.302307842690517,153626.42514802772
219,3.4852830329720654,0.053707214276021265,10,0.6369930884242057,0.11646741508985728,0.1120821311315471,3.7093279411206623,2.9039959987531576,0.08993468619075219,18.719561197704675,152980.17722822932
220,3.1914644547832074,0.053858221422596005,9.124210382907156,0.6340997400879859,0.12205323564807727,0.11784235169606164,3.7039017578288744,2.403951699328736,0.1568961288107651,18.417005892448078,143719.72570774416
221,3.1951181183242814,0.0543807400280837,8.535701692808942,0.6319709247350691,0.1270851622089967,0.12111449542783873,3.9290594037877398,3.0227624356104212,0.21683076952322297,18.374559523775126,135495.14403978072
222,3.1151773119037016,0.05481912969982335,10,0.6294923502206801,0.1312541302410553,0.12125151260352579,4.095660283657617,3.8892616855827926,0.23530052869120052,17.818513408002133,135584.16472973872
223,3.0726329817437916,0.05626217884498312,9.475100849669982,0.6272677600383757,0.1348961843626215,0.1270620174664229,3.928518973406665,5.0919723482757595,0.2750335478289891,17.556581174383766,125088.1359193267
224,3.0148973760039826,0.05797231898326001,7.871413778276126,0.6262266436219213,0.13839689548975928,0.1383900251376272,5.347415969323678,4.539720021867866,0.3099708986980658,17.422075237282883,125165.18852232394
225,2.940977515386986,0.05765182693188443,7.611401461735185,0.6291805124282835,0.1416107388036551,0.15223382350314713,5.332965141463623,2.940966988825487,0.3581813570988212,17.446056190583985,118720.81620105886
226,2.923164692693788,0.05903631381314608,8.52835323425607,0.6374174854159353,0.1442874881326934,0.16451071440324413,5.289082427644274,4.101032925205419,0.44741831137125004,17.452577507748654,117461.36010401769
227,2.9376371798698804,0.06192882312507297,10,0.6381703943014144,0.14634235943062476,0.17653892341844174,4.276059809157055,3.1303682166658886,0.47282223558615233,17.400406577254415,116496.87069847352
228,3.0386970762924053,0.06399490741801973,8.693222966369607,0.6359094449877737,0.14774143438295165,0.1861082610835855,2.6927079918905306,2.5410761197381024,0.49749225994643936,17.565939047804047,117195.28159282994
229,3.271436562391823,0.06173949274632987,8.895015955750534,0.6252139276266097,0.14866921655475723,0.19565167128684494,3.098844553087828,2.5082226371302188,0.5161108399838394,17.42802396628545,130134.58097474599
230,3.3634208898342592,0.06002798884762333,10,0.6179840338230134,0.14941381685612817,0.20972823230936868,2.8558859180754794,3.644331961230748,0.5453833523252629,18.048150950890705,131365.51902162688
231,3.4025238145118357,0.05932156706057588,10,0.6120277166366577,0.1499786315955625,0.21887353147179808,2.847492369391542,3.6568443823897985,0.5968596300693925,18.48518962671861,137140.34937121245
232,3.4889035667502424,0.06016463501992819,10,0.6081808155775068,0.15078822814581455,0.22274511122894056,1.4617201891463227,3.3485145588327825,0.6351143233435194,18.213770009590156,144357.6680285776
233,3.480720075524684,0.06114038124420678,8.589712929356756,0.6073161435127257,0.15166415004958514,0.2212543688795729,3.506648330736357,2.6691661338589245,0.6621897198684787,18.57215667360358,141644.84733217358
234,3.6561249769427815,0.06401378203213902,7.96366335175478,0.6139088869094848,0.15278543791522772,0.21685852556770413,4.7733623876708675,6.407270858683938,0.5076746268814462,18.718188407501955,143238.1199590495
235,3.887154293130434,0.06657290103690593,7.719654889115876,0.6127940848469734,0.1539078360776294,0.20079681901604476,5.50697288286892,3.661283305075435,0.47901892825202425,18.985036196663213,147746.6170026539
236,4.23625136589986,0.07032653011909452,6.923586297509249,0.6067859348654744,0.15548233913965162,0.17808155311212856,5.654520617888212,4.602416416023548,0.4974513033824715,19.421024489423143,157443.9782607371
237,4.547850969908108,0.07315825474992409,5.055023204148171,0.592798864841461,0.15745217410725873,0.15728751500713214,4.605802627385806,5.743594453645182,0.5004346042674709,20.202076417503868,160526.95620381736
238,4.856303221901933,0.07572939736062895,4.412870485047984,0.5790535140037535,0.16036178474277568,0.1411251622104525,6.999273086062631,4.273869689569775,0.45542757945952383,20.547699491270418,164729.46531542487
239,5.2228553449246355,0.07752540293005271,9.372468428938774,0.5604673320055007,0.1637413218698305,0.14780937165973704,6.969437580602907,2.8378529091127116,0.2782875826573682,20.800704278628192,167691.26093136164
240,5.599005443378694,0.07621991688406836,10,0.5523851764202116,0.16728702932793885,0.14329596723651708,4.758754857842501,2.6531464869197996,0.22966551273452523,20.983669280431016,175549.4503430506
241,6.0383966525077915,0.07286594502442471,7.646042193437973,0.5542634218931196,0.1710151924682874,0.13925753263037335,3.208842057728567,5.08098734015417,0.1515004671660039,21.46215587731822,187881.35631527158
242,6.162555078877334,0.07146647970461385,8.255096212193656,0.5553002145886421,0.17468305670500947,0.12915639691404082,5.370207682834231,4.252333031160296,0.20902778650276185,22.371553022489817,189307.71556201836
243,6.140415752218823,0.07022815802683176,8.206184026657493,0.5572556033730505,0.1781738382328022,0.1223552674077277,4.873322035383467,6.893437160893299,0.253008747087566,22.465886405343806,197671.6084620229
244,6.24935805885414,0.07164492812207182,6.978406640004554,0.5603338265419004,0.1816123308642007,0.11026784167144957,5.649853568896713,7.261943769441046,0.29718763673858817,22.465628798712917,203301.61060094862
245,6.389442447451926,0.07182963086924717,8.987127340771897,0.5656763136386869,0.18512522983458027,0.10573571689792098,5.290544365009243,5.216125064791502,0.31142099064734774,23.12878253706329,208624.88631203977
246,6.557233007084769,0.07123537446547948,9.567095760503118,0.5673137259483335,0.18851782658596838,0.09788040650234121,4.397612980727244,5.066966842222,0.290771502048066,23.602547421106312,215264.5896013118
247,6.748082522174056,0.07055002844933994,8.079440724950993,0.5691075721383094,0.19157005476052655,0.1075694138266785,7.181015857540599,4.39236981791731,0.2851562032649517,23.794443755873917,222437.07587238788
248,6.860864647979342,0.07261544249418624,7.7900977437195,0.5792861974239347,0.19433457018888395,0.11664913852765317,6.061313277922379,3.6881181485103416,0.28210638691736395,24.05359353628696,222838.43757691965
249,6.926551623228728,0.07468456563682269,9.345460782035534,0.5835466608405112,0.196923810033878,0.1368347761361924,6.48064775724959,6.580851495540739,0.32516523472943903,23.96708693563551,228400.1644369427
250,6.932714311001912,0.07611358174538992,8.467678258201646,0.5917422473430631,0.19953281979797938,0.1468764741659974,5.349469157608255,7.962292028339359,0.30919801301194455,24.01945146038625,225715.8159738249
251,7.014253151897578,0.07466718085568703,4.695021727745954,0.6021571624279021,0.20234192173623042,0.16665194661875082,7.514163671703184,9.374012772583031,0.41685524819936126,23.696345146444795,228827.05572143293
252,7.028151553107517,0.07648511265361786,4.28721860352505,0.6173819777369499,0.20548907591060192,0.18217937942365875,10.404415931052238,9.223251722039198,0.5543616213718312,23.529873369599617,228040.56213007422
253,6.946944892961958,0.0779650174669339,3.9818032857507357,0.6328243660926817,0.2092086508627393,0.21144944230455195,10.700363389211763,8.562331925168484,0.6282871398755641,23.598356940055883,225048.03792313277
254,6.902389170946763,0.08192780880502894,7.482599203563679,0.6436837378144264,0.21365840776944636,0.2318276684051213,11.65451482249082,9.198438238598385,0.687876369598351,23.19410157140754,224379.55811911277
255,6.879331767257801,0.08415499250381048,7.030075153027505,0.6466903001070022,0.2178765155494865,0.2483069563389863,12.610656096678396,7.284846785738354,0.6878537569628996,22.821922667500967,221688.02203058
256,6.884188579355759,0.08818950198585175,4.838800566120689,0.6456286886334417,0.22179576799968373,0.26780688085395227,15.199414899938104,7.093416977116976,0.6556873841613801,22.81797827964289,219803.5249492865
257,6.941031872210753,0.09184114393806653,10,0.6475707408785817,0.22538224112395255,0.2782145057416272,10.42487043225142,4.5479298405585205,0.6137209773415305,22.78459765848505,223616.7152796066
258,6.929777781632989,0.0943174025886104,7.6613067820173075,0.6519372025132177,0.228902353732544,0.2847531507800162,6.2175227802428825,4.123108452127195,0.590868260363447,22.823020720868495,232846.63780312653
259,6.840305336793472,0.09852975522151554,8.446241051493722,0.6597183203697203,0.23221440546104208,0.2927015326569402,8.249311002709192,4.757531894492576,0.5597196765709976,22.84020816300537,231637.04449281856
260,6.654479234783603,0.10089129535278654,8.071614877686276,0.6689974781870842,0.2355289228350367,0.30455153936861085,6.289004073266476,6.543026355296128,0.5388474496374933,23.053712883997484,223530.84336749208
261,6.546544508920833,0.10208717777896655,8.108257135626573,0.6818023788928983,0.23870110986592952,0.314898731602399,6.874103924941673,7.542396732468227,0.5124951244380284,22.250817979066724,228195.60427046297
262,6.531754911029676,0.10315368978145219,8.995441114813218,0.6923641011118888,0.24188593590097313,0.31349260488310166,8.281507913860459,6.465592905719742,0.4800742529011828,22.320554716047333,232146.34476222246
263,6.530819237221551,0.11077628493097556,7.230508005909255,0.7077069419622419,0.2446075356179457,0.3084450895080209,6.313841746802468,7.691723358735256,0.4248418384318465,23.307635822073383,227599.5716572087
264,6.950595047233585,0.11600697910908365,10,0.7236850589513777,0.24702871319632488,0.30152080407438747,5.356228939423632,6.823301580957644,0.4229201669934778,23.604848233899144,259942.91887016912
265,7.217346353776814,0.11545674806694094,10,0.734549622237682,0.24888454857025752,0.29773782825484807,4.853352128012871,5.305770740305872,0.41578113746392353,23.752427636623676,286974.037410796
266,7.299952446116177,0.11204095625266071,9.015368354722693,0.7437762510776519,0.2504147441286179,0.2878789791018275,6.937408679549734,4.861543583119811,0.4064379500511018,24.47711534973648,283074.8742873097
267,7.276852618012016,0.10961636908111715,9.377629066216688,0.7515021526813506,0.25139793705067687,0.27564333251764334,5.728966279543776,4.634818355888712,0.41585986770818806,24.10883635350398,287505.38039476983
268,7.209381548949873,0.10899288246326919,7.650082084620862,0.7597845020890234,0.2518193023584086,0.2725943385233912,4.616933394367452,3.256231626287773,0.4445564280845048,23.684232097421773,286543.8150037907
269,7.072691288990319,0.10915614051518752,7.638409707403034,0.7682717370986937,0.2510752898003799,0.2790676263183728,5.130189545271554,3.35448778726446,0.4782354655064236,23.549001006065076,283794.13666584203
270,6.965826507361211,0.10610889156607903,9.206662621853738,0.778474544882774,0.24937818855178429,0.2785707128409816,4.942642436523265,3.5771877593157093,0.47444491802642635,23.474709821519788,287462.9443759874
271,6.7201759744689005,0.09903542621503114,7.645685576092374,0.7824169963598249,0.24710539673287737,0.2647927931926306,5.867403199950438,3.323581073287163,0.4734548666575149,23.97989901489105,285243.84294612607
272,6.320529648844774,0.08999839078478812,5.531892800384517,0.7841072764992714,0.24458673182377777,0.2504381994827065,8.610746997754013,3.663035929556952,0.4274173476694076,23.899581393414405,276896.78343167325
273,6.266432656106201,0.08147349788353712,5.381651222766246,0.7859711900353428,0.2420309898998172,0.238279887780375,9.455573609437343,3.5355613211043675,0.4040992220416976,23.09258194793718,279144.4145144745
274,6.270857390022666,0.0750247421275897,6.030949222991903,0.7847474381327627,0.23954005141391585,0.22502887099116886,8.253573126422452,3.9718185202854865,0.41331243563483894,23.249818307469898,267692.20581290434
275,6.179273397797378,0.07137635664138603,8.78872317089623,0.7776779636740682,0.23701993948108674,0.21301788026528407,4.103636779785991,4.96002087935051,0.4156141349208728,23.024252905900575,274046.94626088714
276,6.195940994177156,0.06827636782219455,10,0.773986324071884,0.234423938831941,0.20407351485559738,5.183777780086533,4.181334416212626,0.42644016943326984,23.069017535533128,269076.04048396647
277,6.2153558931735775,0.06472260966310275,10,0.7705902644991872,0.23177980276893495,0.1966100135886924,3.2626196540151713,6.045082082989125,0.4015385210662522,23.1281050917355,269190.14919421804
278,6.285629266382548,0.06197751303719166,8.008763029009863,0.76994707763195,0.22927260775037042,0.19193900505282904,4.8175993950357086,5.0793942617350725,0.3982533713337963,23.037924359901492,278651.45827524725
279,6.375374186706473,0.06095321491350761,7.867483844537466,0.7679160705208777,0.2269768222585445,0.1917056434574081,10.63036352667701,3.396252684910265,0.3406552431470784,23.557282059198524,278007.7214388692
280,6.378526952602654,0.06251807064759803,8.398177904440182,0.7678700798749923,0.22502123017362075,0.1943656727281041,10.682345024957728,3.4615713283187435,0.3294244191507209,23.976358258407185,286323.88446032733
281,6.4326515542776255,0.06323245665055596,9.628539284770095,0.7724568235874175,0.22338600623572552,0.19431253647516886,7.614900372429102,3.360007369778117,0.3506544756741024,24.088014687047053,292797.376719863
282,6.332761669107132,0.06579164011921534,10,0.7845189815759657,0.22210927397375108,0.19713092720257885,5.722199822625149,4.853867421419373,0.3110671441917354,24.40178653644685,287480.24470433814
283,6.303470167222462,0.06820026956580123,10,0.7993596693873405,0.2212664638823319,0.19524170396334184,4.726489820053581,4.528966026260079,0.26228046614677014,24.343315736156118,287681.0337175281
284,6.360843993519917,0.06905375230695993,6.665214374356552,0.8088837420940398,0.2204632125418265,0.18838505300566258,4.840402267969634,7.410348169820737,0.08821094625806297,24.168483744705167,287123.4630196138
285,6.399407364184718,0.070729914073016,3.984947455391893,0.8175973471999167,0.21923131318636385,0.17921752969865684,6.195548363975063,8.455568967463678,-0.04478048265280427,24.237603480330467,289316.1396066144
286,6.435509852208947,0.07295927671788201,8.603300538939754,0.8279122948646543,0.21781958670969903,0.17785040995287152,4.953548412161058,8.165073031241619,-0.2972968920136237,24.68341182671494,288100.2757035835
287,6.591792568869959,0.07288907127310712,10,0.8339535453915594,0.21657848352583728,0.18972826867186446,4.795142727591104,5.81534836913493,-0.304678636245585,24.660699771234313,291179.3007956451
288,6.64220312404884,0.06843068383703389,8.969107819406524,0.8340229049324985,0.21572948763597322,0.19898650609884924,6.091234956888673,4.990644259798333,-0.3073686734224881,24.69019474583149,294595.1267445299
289,6.779900270157496,0.06690222895467383,10,0.8412521606683727,0.2153153140365222,0.20753405771707464,4.443285300734537,4.50002274785127,-0.2865436453176937,24.949895706879357,289730.049438001
290,6.711599732916617,0.06457496219226493,7.970636655944966,0.845703764259815,0.21527341711970435,0.2145780627392371,5.200322062587945,4.225911422258781,-0.28042190003476036,25.068308764486154,301202.04765835643
291,6.667078277073384,0.06103606345222645,7.502793767013254,0.8453141328692435,0.21569877988070318,0.2240755192450934,5.715237089342562,6.254307144541937,-0.3188026325358112,25.33135547462111,294084.6929065716
292,6.786143596496918,0.05655427350215789,8.014979291158008,0.8348012694716452,0.2163657192631237,0.2329305136492122,5.573065801455886,6.152112384420285,-0.37477685033941893,25.33383465992537,297594.5412637447
293,6.788076552695924,0.05171487968788915,6.3558571905664305,0.816896892786026,0.21734026311564672,0.2357695593075997,5.58643846473232,4.5982715579514455,-0.40583894155775707,25.22445045570726,287825.94744540815
294,6.7753712553679915,0.04606277798862714,5.91266771634694,0.7976212805509566,0.21818355498032338,0.237275739261419,6.140866594634353,3.944225869597074,-0.4018936995546065,24.689758670365105,287668.744374687
295,6.422008935843869,0.04179897588135454,8.813288897612912,0.7786752057075499,0.2189581876162353,0.24089744944175062,6.9950579299252675,4.655751841202305,-0.3971912657313254,24.408893959495472,263998.68413233245
296,6.0179334790516785,0.04727466869506948,6.172001318164191,0.7871515250205994,0.21913027274861463,0.2470458861800961,8.600586900971916,4.910404260264177,-0.382998127489704,24.510290856249647,241002.1552593807
297,5.860659425765372,0.05093721763064554,8.019699987316107,0.7975435137748716,0.21874008155892452,0.24830027898062004,6.326900442415216,3.8307567526369786,-0.3832029378430989,23.829330060853643,246322.92521634712
298,5.656266559288189,0.05236667420345459,8.728730600741175,0.8101278635859488,0.21739117450997192,0.24951621968364876,4.442611958466801,3.1577452827793886,-0.37563626861897326,23.92454818888107,237250.00516708635
299,5.527002140716284,0.05060378921710727,7.871651523227058,0.8179767400026318,0.21541248730781937,0.24769354696772322,4.065059855780112,3.621920947580808,-0.36011586802671286,23.852662727326553,236099.22314334792
300,5.414935389327309,0.0494457449878198,9.148335625471924,0.8237729147076605,0.21261515571953704,0.24087874629903203,4.014532446886914,2.9248003540160337,-0.31905103398416823,23.706007475815884,241535.21266191994
301,5.263499178607081,0.04593322636803294,8.303024331290334,0.8242723578214641,0.2094119291705575,0.23480719206437223,5.259436440837528,3.119744556372341,-0.30398963802515316,24.001022658408562,237195.32637354487
302,5.202747654407975,0.03768640909186901,3.9861468251063794,0.8155786257982253,0.20578500240400288,0.22631859449291597,5.158481749746473,4.763637423951102,-0.28024825206263565,23.533102630754218,236641.3420559265
303,5.2092826685230715,0.02745993040559057,3.254966483543214,0.8187083807587623,0.20167221086844442,0.22411932689692043,6.161439260488399,5.844631029177196,-0.2353383748291767,23.299114940050377,249025.34662071176
304,5.248433670229394,0.025918677070397866,7.030682024047983,0.8209900286793709,0.1966319216138612,0.2254405061973931,6.25271049328921,4.928275804297523,-0.21379806959566078,24.022184558825746,249847.41515518428
305,5.5946677019137905,0.030407116608176785,6.71838566691271,0.8202887842059131,0.1906824547799946,0.22373006656981628,4.200328784635189,3.557864507107453,-0.179979627672058,24.020448241699405,272862.59009149816
306,5.826849972208892,0.035240234658644475,6.694847476978912,0.825182498395443,0.18471469106575925,0.22620412585624808,4.919531685131625,3.9048340683866654,-0.17326955456271667,24.626388596226672,265290.38994406007
307,5.929224054934561,0.039928901770050235,7.915564767933725,0.8254968279600142,0.17838402986044655,0.2247486357106331,4.298209314617284,3.486353824853359,-0.1042365131519591,24.410718295368483,268641.72569048026
308,6.00446064671536,0.04563372945158377,7.808775080552476,0.8243051290512083,0.17195013067619694,0.2268208730169056,6.077025073305826,3.728136370435794,-0.10214022481199392,24.12377871943806,271968.81981734035
309,5.947956329242391,0.048842818131071226,8.922701228919616,0.8254528111219404,0.16571269575083641,0.21808105285780496,6.52590444245326,6.081308998998085,0.0045791783520330856,24.226563863405207,259565.10129427575
310,5.962333968156147,0.04763685069901315,10,0.8249709209799764,0.15982041927252066,0.21571925517067922,5.812908631220461,4.1092627951090535,0.15435511532042923,24.12105384674002,264393.89891589916
311,5.9601460626446645,0.04503414279711079,6.236730477627065,0.806060936450958,0.1536544872188165,0.19970031183186213,6.599533134344412,5.557788698429679,0.25691134575621466,24.28560302350534,257596.8867265528
312,5.908666087248607,0.03797835985021048,5.777777633177029,0.780098664164543,0.14761617987978523,0.18221660959477634,8.173175363367513,8.356682865117879,0.3890364210090157,24.057191317641628,264566.377282155
313,5.983322171475094,0.03075743024591398,7.350998862024083,0.7522399562597272,0.14204845623500614,0.1553148086850494,7.022466435557089,8.31277398907734,0.43122498536362397,24.07898453115678,266384.21093481046
314,6.105551444103611,0.022908887461803064,8.930638367187955,0.7303769868612288,0.13662216915527906,0.13390240069661158,7.927775697205876,6.85204876869172,0.5194433941012842,24.325434899829798,272267.1395765536
315,6.178895668141187,0.021886866753139656,8.20987578458466,0.7223918592929838,0.13146666108259245,0.1016677737689112,9.705388237564037,4.157469496856034,0.40723891261852596,24.693445854925173,279824.384439312
316,6.200820746537175,0.01884941328724205,10,0.7128430280089376,0.12674081618744823,0.07991750668029104,9.045818811567951,4.097192310500519,0.4275661506907374,25.25102952094344,279825.5840795996
317,6.224329715218144,0.021352819391149334,9.49187409791201,0.7128575763106345,0.12225185325101733,0.06541568018967887,7.103809595227258,5.2239008550437465,0.46156690104839626,24.889264414664968,287448.2864196199
318,6.136009257934849,0.023690854312408857,4.8919427982643295,0.7240162420272827,0.11818461232815766,0.06223173106955126,5.959084474750325,4.701655786358858,0.4619153660429286,25.0106499558027,289307.387860687
319,6.079703660791391,0.028991932371026007,6.458721913019206,0.7436411723494528,0.11464120053502258,0.04273753920676987,8.486983582453217,5.414742366643705,0.4672900605208034,25.468844627123822,286240.81375517306
320,6.041420775858685,0.03624071459705124,5.809090654989105,0.7664228454232214,0.1117334986880639,0.023100585867209967,9.416715149218502,5.953114342352585,0.47917107506924983,25.334880897976515,295291.66785213555
321,6.199559503738088,0.041609849549232865,9.574900202328823,0.7883312636613845,0.10951576964530262,0.02957738759794231,10.33498084200018,5.570865266370327,0.49811842226231223,25.40369254901131,293532.33681751206
322,6.311792332758871,0.04407892283906244,7.080766025379556,0.8013994368910787,0.10763466045940265,0.027825021880398884,12.351262094853958,5.349090118280801,0.48808399860253565,25.295295049495103,302482.87484563724
323,6.251825384123074,0.04598673607833665,6.954426246502294,0.8075128054618833,0.10603227070757036,0.033479638937475534,13.76603266272159,5.101391449952285,0.43222304159784203,25.61034835354976,298754.2099875438
324,6.2600592202021925,0.04703594239627806,7.364985858478704,0.8069452637434005,0.10446477057785902,0.042409076621423514,12.409814686640557,5.599288269136249,0.43104404782201816,25.41905607137579,298374.09180398996
325,6.147731419354772,0.048096034238018656,9.764108592215418,0.8058498737215993,0.10326446363369692,0.054615168433630415,8.516140127471632,5.105155025607447,0.4312771436724671,25.143150468242535,303850.75112754887
326,6.107486645415183,0.045362893149090484,9.431976079682622,0.7886735412478446,0.10231278602495791,0.04975355577692124,7.013886723866541,5.531983218780932,0.43028106703185687,25.412148206041582,303367.5682802021
327,6.155644089960219,0.04098736857591063,7.838216528840231,0.7994066888093946,0.1021184552859862,0.059858358670127496,4.818842872266605,5.569002493648857,0.40434313885608514,25.513864388124947,308520.9478443007
328,6.102927472636953,0.03585934161495,5.950647641398197,0.8058881455659864,0.10263338966614358,0.07570084599246751,8.501922013764792,6.9764822920780025,0.38133582350356166,26.02452056307089,307670.5939170168
329,6.281753688761672,0.03403272564842429,4.398356493413396,0.8039772078394888,0.104269166012285,0.08130132021210816,12.43687115809379,5.449410757063392,0.3407513449758285,26.068228951573914,332192.25549822295
330,6.2276082626457905,0.038363332050094436,8.241430143581097,0.7969647121429442,0.10663719889696308,0.0878727967144378,12.682136578769656,3.265454753219548,0.16377810910770887,26.136751424522675,336035.74124473217
331,6.267689342279253,0.03963650810837923,6.162712098486946,0.7918676063418386,0.11021009918686267,0.09437755454956186,10.539760071469464,2.861844784939139,0.05127835676626808,26.525064781824643,343535.04425875185
332,6.313311466804628,0.03515280288599511,8.482532255329186,0.7913245502114294,0.11463482573016734,0.09564934103501373,8.662494447871879,4.65112075245845,0.037468765648866836,26.319559944379925,354027.2266718622
333,6.3503911181388935,0.032229564762203955,7.949382875842818,0.7920047894120215,0.1196958450593902,0.10023412588426643,10.121758918794797,7.067339520333182,0.08262740288985221,26.676910521825086,355776.5823150711
334,6.3652316941886715,0.03326325186049485,5.415619481865346,0.796570732295513,0.12488095736425749,0.11427356130973286,10.581944920682208,6.913119982135917,0.10801317216079333,26.86976826771452,351010.5021758156
335,6.374323600839687,0.03525872221326397,6.1600539109502,0.8010993042588231,0.1306982917834749,0.13530174894167393,9.134186834822719,8.6800118143755,0.05195931712280557,26.508409455989106,360869.11011702137
336,6.1328946364262595,0.03896487843604822,7.637801081413359,0.8054044115543363,0.13718853415109739,0.15498046624421627,10.074197553359014,8.516969844922873,0.032140796586842296,27.021085628053513,349074.7731484536
337,6.2442592374953625,0.043700598026099526,7.055685309831337,0.8058279150724409,0.1439838665626457,0.16788974109334914,11.627651006758155,6.2455440140103615,-0.04753799947850844,27.08967946367754,379464.34162208234
338,6.412969427881933,0.04462185578653041,9.979381564834203,0.8171739053726195,0.1512771621410138,0.1750745534038322,7.929944620301082,2.8391753352892257,-0.07245333351784342,27.82270021327802,401933.04092730104
339,6.893370153014681,0.04584712314654658,10,0.8211525782942769,0.15890301333402038,0.17822836899585412,6.6433958762775855,2.966424513291987,0.002387917472395788,28.88792749611409,409610.5273891945
340,7.311447370591386,0.046776948285311495,10,0.8208554109930992,0.16674690150831065,0.18087153758877997,4.431956589795041,2.4876875049908733,0.08368041052211264,29.181965594825087,431569.53221615305
341,8.197977068811896,0.04787771610465407,9.481124983936791,0.8188755226135251,0.17461119481766313,0.1862172492997702,4.974047204676406,4.191440782469743,0.12494135727547276,29.089659593795748,490250.03363413975
342,8.72836236912751,0.05049938083954854,8.513104690395005,0.8176245784759519,0.18285915355189716,0.19367605892373935,5.586462152318045,4.376981483748011,0.17549859239269766,30.183748895058002,496314.50509105047
343,9.187969151939727,0.053985445981204534,6.743664545422981,0.8099964368343353,0.19073447512687491,0.19817957537965525,8.796953299010235,4.289253236298103,0.24136249183900266,30.93533363251259,522949.4874489606
344,9.450246872945034,0.06181479786927564,6.395444044127597,0.8080856144428251,0.1978511326048834,0.20602387541543338,12.916956856680306,5.699213347635802,0.27118758929706055,31.009287723116632,535778.6061024651
345,9.51375043824037,0.06715261942320534,7.125704219160234,0.7998928296566007,0.2044653827671377,0.20731142012163206,9.064432697773002,5.56704756201182,0.27809608178606837,30.84227821792677,532657.8413617399
346,9.653253546485578,0.06846303320725469,7.76633626415172,0.7990471881628034,0.21035876954943164,0.21242768275579862,8.009511117395121,4.604781696099968,0.284373388647012,30.69345413930296,523541.83945875627
347,9.802186209672536,0.06386282854171943,9.384761361019125,0.8015067201852796,0.2154075918337342,0.2170840295227357,8.451284096794904,4.992566149437208,0.28835361028966416,30.49378394477263,527955.9601423189
348,9.999058828334968,0.06027129239806786,7.567881226745436,0.8052811920642852,0.21979080204681084,0.22230727939558748,7.58524150302266,6.303755616161878,0.2616512740776516,30.820736692267882,529612.97308216
349,10.074913471594135,0.056533948478492316,7.799316616549946,0.8031836515665054,0.2234732705884343,0.22297021252043736,6.835737353588562,4.541829727203621,0.2730251322247767,30.93957375550406,536868.8747543475
350,10.17841305204852,0.0551137002969423,9.628376406897774,0.8099862539768218,0.2260008040901832,0.22307490620251016,10.705765921430494,4.435980880506879,0.25889178619729847,30.911405153856997,554209.0584008096
351,10.21933658760628,0.05474236029035119,8.848912053790876,0.8064370784163472,0.22729957884839927,0.22429809926350608,9.25939633515715,7.938813602508075,0.2457318877964859,31.416705418661525,550690.5989634083
352,10.208189453235667,0.05198115320004273,5.028326161385268,0.7864876621961592,0.22760966123754364,0.24023269235593925,13.341187231955036,13.032509059573073,0.3794446984957348,31.32456561890119,555943.5934756941
353,10.363799699453207,0.045362045922784824,6.290998487652286,0.7633931756019592,0.22684308709235662,0.25391718480981057,13.144521528297002,14.628702827302806,0.4943243817691189,31.55445281158056,555153.4505723374
354,10.675770001945894,0.0400169353895544,6.257825190310425,0.7394896608591078,0.22519877094354324,0.26988102592068003,19.280772265892217,10.78636071915065,0.5791704693707742,31.57106948897371,567305.6499706887
355,11.128491162927574,0.03561195940220709,8.729625883329831,0.7272832751274108,0.22251884071446681,0.2855696100244221,14.369398564708344,10.945708142411176,0.613042854120243,32.11612586315092,575953.1026748741
356,11.279779138892994,0.041400811090099236,8.128745633920676,0.7222718226909636,0.21932258737639254,0.2984082610235574,17.933043130914513,16.212086702975693,0.6963463106154102,32.42409695323164,573629.7228781692
357,11.510634987160206,0.056883473824730045,3.9001360866742596,0.7276181018352508,0.2154332754533618,0.3054402765381765,16.111105890109787,13.868421658862466,0.740300667860139,32.61681635159266,573214.9579456286
358,11.448760332613784,0.06724121502275088,8.532453156589483,0.7274143192172049,0.21111099706977862,0.3039933274944381,12.900893733596464,15.132241786362227,0.7322826485528593,32.38598223391403,606649.5758598798
359,11.59772384013315,0.07365899877134682,8.771607767070693,0.7379658606648444,0.20608386264165124,0.29631722781073083,11.21511852151368,12.70040992602525,0.7336523193067472,33.06682711244968,614722.5821896333
360,11.771869775155617,0.078669095954577,7.544839977474148,0.746706278324127,0.2006220393384781,0.28634307524199076,10.477304846002767,7.804505868410278,0.7749509351205699,33.51362174918263,623762.7506496769
361,12.334245203064013,0.08207005747186479,5.784433181756167,0.7708004003763198,0.1949389156206977,0.27056778696554995,10.317497950574595,11.985975653148275,0.7802920252676572,34.48512767779934,631541.0113586147
362,13.65351065263392,0.07925889949732488,3.8701279994292475,0.7863603115081784,0.1894865640287399,0.2508910453629411,10.996713873886296,9.80521303796862,0.7780580082520463,34.56325369283482,663901.8184752002
363,14.08238093268087,0.07434322969484829,8.164460096081042,0.8082704839110372,0.1843792267346436,0.23152885764038938,8.849527462011977,12.354173630605807,0.7450824308782963,35.49630700026264,660368.9230837359
364,15.569760614203966,0.07376142594986075,8.838087927796511,0.8107972076535224,0.17944833796018583,0.214390650674593,8.100303132312897,10.06027984761328,0.7297008432781112,35.378389387304566,687861.8641248983
365,15.944097307709736,0.0823532956751241,4.4484733928309,0.8183734172582624,0.17444261514279458,0.192627099863949,7.652497178800225,12.343779506820285,0.6892876422772659,37.365723781191164,682050.0067678283
366,20.634356948799343,0.08918252089964163,6.662411416945542,0.8132187044620511,0.16873240010243595,0.17556376644637164,12.354002855829092,7.704505455709043,0.6820550592415485,37.49703065884442,882667.6098041249
367,20.931861298313358,0.09688626577914886,8.773871077291915,0.825886385142803,0.16203417569064618,0.16459302030769046,6.731077899576968,5.4498769751720975,0.699637090016797,38.546005286835005,897135.4082586587
368,23.322834455524248,0.0970451752321075,7.666352235502039,0.8182477593421933,0.15499126399659396,0.14412594259255176,9.801796300009444,12.279357602221067,0.6837221968649055,38.584820212858894,926586.658447439
369,23.274356120704507,0.09489539962039925,6.62870013504047,0.8372649782896038,0.1482281429994504,0.1241007527906176,8.298278349737666,5.585693914618055,0.6741104655023469,39.338400655276736,936890.530397106
370,23.948077068211106,0.08290410478610338,3.764426660746661,0.815562528669834,0.1413993090578681,0.09515053189448504,14.34239048915493,12.83310890646963,0.6547809297990962,39.18898494233313,1008445.8257178626
371,23.659908083733185,0.07661451193670739,4.8790614671959665,0.8177537342905996,0.1342738765478027,0.08178768410847746,5.840887529925033,4.591952094682929,0.6503019941643094,39.169083650998594,1001685.1863592461
372,23.435065030911318,0.06456185397049229,7.742726742946863,0.795657616853714,0.12691573973095796,0.06564857968581798,12.05222270961842,7.241522363961655,0.6164145486334338,38.99769745028487,944437.172324394
373,23.092964924109474,0.06364050010186753,7.802604382680397,0.8100789070129394,0.1192588483470096,0.05968542903265996,5.175828758153248,4.583357864666004,0.6357999898681103,38.34507515244019,937499.9644378948
374,22.77850393301599,0.05489211752200025,8.066248828074011,0.8003918108344076,0.11158586801831392,0.04233840810770695,12.82310651053915,8.115445855412364,0.6593214737976041,38.07284808750727,916849.8194994472
375,22.612870741959586,0.05387029395089373,8.844816804631678,0.8187411245703695,0.10436944396374295,0.036707353017066145,5.852711891026731,6.3885791874977205,0.6657528542520512,38.15137440753568,916229.5526049609
376,22.673769552827338,0.04483413935952193,6.591999000809423,0.8101867598295209,0.09833295253555559,0.03113458487043946,14.253062357169625,10.42790724634279,0.6550429680960188,38.436388218578166,919600.3538731042
377,22.632819220531015,0.04184641851441747,7.231320001866893,0.8261239683628079,0.09346291471667005,0.043404783405106825,21.339702658648427,8.82284782518647,0.5509388964853759,39.07755854460682,923936.127866738
378,22.608081959591253,0.03985322426079491,3.77372560980779,0.8203015437722204,0.08966381399368928,0.05875657340575155,12.55775024237171,10.58184779475132,0.5377254925121683,38.99951047113998,927893.5189019988
379,22.49663864346497,0.048116797986677146,8.247708784259196,0.8302622401714324,0.08659483795203053,0.06944972738739748,28.089138611193114,12.64908807185866,0.48740619244025357,38.806697596427114,922436.3952338538
380,22.42740947922269,0.04560686033747694,4.804849251766528,0.8221500393748281,0.0838799122578321,0.0677928051813069,10.005578838179211,11.955252741694874,0.48420274741549546,38.51483583366023,917364.6050348262
381,22.33607957471769,0.037494675327361976,5.098848929761616,0.8187228184938429,0.08201121542798097,0.046058239951392715,51.76949204370332,21.136004388612506,0.6641891363282617,38.41901178796922,900442.3212830384
382,22.26656086479755,0.03284990306362061,8.452886347409784,0.8137488856911659,0.0808264677214899,0.016653142498023785,11.229447911898053,12.529112997466681,0.6611674357266615,38.10274800337538,899460.0791862201
383,22.220006462751233,0.03381113723336773,5.916445536605201,0.8110183233022686,0.07997791312619512,0.02190242984031962,32.04374657066657,21.849418822812872,0.726764318487644,38.157508060464906,895140.1224477686
384,21.975699226521076,0.036790324273135146,5.88903168971399,0.8150865006446836,0.07982568394254008,0.04426043389836053,6.574048742330862,7.839248649574053,0.7367590049104958,37.93936270709343,890911.29236958
385,21.723871914922412,0.041427343135121995,5.843130858580338,0.7906880420446393,0.08032027167403519,0.058187173731629536,12.034837535454823,29.832227175868546,0.5491507649730523,37.79606725604079,876892.0265462769
386,21.404532110511767,0.045684036421781274,6.008388393564087,0.7942469248175619,0.08184776638462857,0.0646812022123934,11.263781788743717,12.748268770578413,0.5411160942682061,37.25536379275766,870881.2646850098
387,21.369938992985922,0.04938979574526991,6.888152617760355,0.7754544979333875,0.08373873721385626,0.07030601970137108,10.067051548814668,24.04791075233701,0.4688444868930902,36.94096834719355,867931.0567882643
388,21.111142601871794,0.05341213160886674,9.645632966278917,0.7667058804631233,0.08595726803078273,0.06807664363577787,7.043540574241443,10.316625067326541,0.4733733762746452,36.503020723780836,868051.0228421044
389,21.24195973381695,0.05446675576756646,7.853411558584721,0.7396823167800901,0.08812612793757167,0.0661309373048719,6.906483329273676,11.196452309621236,0.4731525642801401,36.55950873008147,832412.1604587665
390,21.313547157899443,0.058769346158710066,10,0.7322557675838468,0.09049474064066854,0.07260808211903047,6.81920896485841,7.730824891014768,0.47897056474214006,36.017203952654526,826022.8016179863
391,21.34715655699002,0.0653268405852795,7.346458573672719,0.7254830741882322,0.09295755488847315,0.09921184096818272,6.328647753916733,10.80896079911869,0.47917704778148335,35.48226879988426,814692.672498863
392,20.938075330849713,0.06866464953277665,6.494914711504691,0.7306961077451704,0.0957263530946344,0.11959661458009858,5.903744734442464,7.171848612882991,0.48733665998932396,34.76099803151671,803394.5998704009
393,19.705887104937503,0.06797795836265774,6.28566361807494,0.7331762728095054,0.09827286240687727,0.1331189229505374,7.850097914476508,5.248620471924491,0.4968399563573565,34.64148433759962,803526.491341526
394,19.529737169686424,0.0657180077146901,7.847427701581958,0.7403667846322057,0.10041658973107569,0.1363906003489677,6.975331497067284,3.9646808023327655,0.5041195115262723,34.99452628719385,794281.8547802332
395,19.066981872602764,0.06530237438653412,6.569075100109129,0.7440544453263281,0.10233396066301145,0.1302279541544417,6.486868226567689,6.663380061570481,0.5175128892270704,34.7216792733623,850410.8007953648
396,19.129784004113315,0.06816736223075903,8.304074803817606,0.7509393438696859,0.10465640843368855,0.13469749813856352,5.954095095877291,5.825621792327871,0.5280130328752428,33.70066296942495,855798.3788454994
397,14.527486661859788,0.07331253801135343,8.752570539479757,0.7618182992935181,0.10799886198181617,0.13883658754514788,8.20194533279323,7.000519359789321,0.5247665244602053,33.78766357684608,659165.1281469563
398,14.322444845437067,0.07765466463532726,7.738165166486493,0.7642082405090329,0.11248628142983427,0.13828782785355312,7.111891236480745,8.523584760869019,0.5306231512391264,32.376406474745636,635319.2658663843
399,11.858502192445178,0.08199101863669442,5.243103824369886,0.7683634570240974,0.11710674530904237,0.13940683789924513,6.35782213890135,7.358741156016275,0.5323803286909011,31.648629330904242,576548.6774088832
400,11.734304681666094,0.08710495137001155,5.745014051397916,0.7745060497522354,0.1212752757378646,0.13943297246696576,5.822452774797626,10.175612079784369,0.5291111090389218,29.71420723703223,547144.7731898848
401,10.580082860774283,0.09270851731710573,8.067123124552644,0.7744515103101729,0.1252975939296794,0.1425028679228801,4.127864212924202,11.13690298107893,0.5138304701827854,29.207238815829644,457480.3216438646
402,10.621931503662342,0.09667765679427916,8.25679305420183,0.7758330819010734,0.12951927340182595,0.14040777981453614,1.6430356674171098,9.73229208803739,0.5157379038509268,28.714596376677825,446564.50575772196
403,10.049264156248926,0.09766987386639718,5.973501560862316,0.7816439580917356,0.13374433304602495,0.13442303501053826,4.945560211225863,8.572149190072722,0.5106025231849894,28.760336173592805,442578.8616979945
404,10.008144003125507,0.0980335965602313,5.04056836802587,0.7810380461812017,0.13798723444107322,0.12692008614311723,4.825969300382509,11.00444394691073,0.5127331843940727,28.224229023506147,438831.8559621922
405,9.92033039713171,0.09763224625327148,7.320466239372571,0.7715844464302062,0.14219149372485648,0.11576540190371001,5.681681265810128,9.505387814964823,0.508618009827248,28.01269892898188,429238.6501791571
406,9.832119760803462,0.09676643240896139,7.861342907611738,0.7656378504633901,0.14599103715589895,0.11305459469900903,5.061274742595773,7.37144853807363,0.5173411745012882,27.92469544404959,427902.59317380853
407,9.724701487219644,0.09408135531896972,8.13896204964133,0.7632380881905553,0.1491079869075523,0.11696732926143777,3.8585835419122816,7.273430715142531,0.5504711215017116,28.118344362430737,421717.3183165697
408,9.855543206867798,0.09075157644283201,7.947749332511283,0.7585925000905989,0.15174963820344903,0.12234657208463605,4.450602920790142,6.756389017583912,0.5575185386743883,28.10857507241253,440794.0077981297
409,10.094008733569794,0.09097738781213648,7.698203233885941,0.748834645450115,0.154224549366091,0.12521212045590246,6.701189040018879,7.761869842047924,0.5750289435630429,28.551559449040585,457281.16987884435
410,10.125509403871252,0.08925470796271175,6.940217454112839,0.7446295234560965,0.15691350076024643,0.12888822627740612,6.326442651344752,9.279650434550717,0.5758607138101876,29.850998183818664,461073.78077835403
411,10.159882317076482,0.08915360205363893,8.924714256989295,0.7390386447310445,0.16000009555303454,0.13978868607229686,5.403169669833052,5.159660835544296,0.5845464267804502,30.164769570716718,473872.62253492017
412,10.223406367744076,0.08671399536650207,8.303672138656335,0.7364368346333503,0.16310183165156042,0.14967429994334944,6.727785379406357,5.233628684581941,0.5772090051110533,29.95525450420212,474784.70944651007
413,10.226850715384105,0.07728803254513046,5.868936179483004,0.7362067982554436,0.1664120461129696,0.1557631453865849,9.150769794238293,5.765098932785705,0.5316419457694732,29.677758138447548,475137.21205436694
414,10.346576102522253,0.06793418699854203,8.425768770051386,0.7413571894168852,0.17016869742683646,0.16513681009577044,11.663415274386512,5.786676128158006,0.43312603429473084,30.262422625172476,469948.098996337
415,10.77759503473047,0.061460778335060674,7.440099143918911,0.7463741841912268,0.17443516499207465,0.17348487719184935,8.44745736047544,6.124073605023634,0.1652159292847172,31.009743144012496,489512.76755304565
416,11.335635384287297,0.05562216723162275,4.476721418437021,0.7470006465911863,0.17889691724502357,0.18287903767788882,9.355620468912516,6.535575657313354,0.05565138834108398,31.54637089149687,517146.1487409487
417,11.387940730669062,0.05328598186772045,5.845117379519226,0.7474982148408889,0.1835929016425947,0.19555326584893584,6.085050579386223,8.208807474124647,-0.4165153972406778,32.477707349360095,516290.88503776304
418,11.526485371224853,0.051148229370406736,8.567115308472296,0.7462141847610472,0.1886550981405588,0.20128286867154088,5.165606277757147,7.508939214862728,-0.4401096749434,32.38954101706522,532064.177257388
419,11.720122951657158,0.04968802035935961,8.102804910461499,0.7507079854607579,0.19414088097531512,0.199606586882273,2.7772008921840836,5.573482042066375,-0.39095958856501206,32.576616312819176,528737.9821300708
420,11.91813624198002,0.048346259476789326,9.514311366419602,0.7607123038172722,0.1998262790285841,0.1964629751021542,4.826483543688809,5.4363928821991605,-0.35867766896526326,32.747938650849306,529399.2192506281
421,12.010625715180721,0.044756562201938264,9.527856202374725,0.7631125479936597,0.20614732778221506,0.1903939284813472,4.983201718637683,5.551991684031702,-0.36071701411734697,32.208519858280006,545320.4717529358
422,11.725476361002874,0.03850833078890926,7.456852886568196,0.7578088977932929,0.21241402247170965,0.19583728326943745,5.279525758427011,5.751644469773824,-0.3452105153414227,33.47089386895756,525126.6721735923
423,11.898181361486058,0.03363961756760636,8.460106470295672,0.7484230193495749,0.21831135538142116,0.2014878047528954,3.839668858183974,5.957086639975031,-0.28919341053264924,33.41306211993221,579951.3327950691
424,12.095515071249407,0.030942427620853665,8.697018965794403,0.7405229619145391,0.22339003298766194,0.20984116899243768,5.4760572489016575,4.717016214761571,-0.2538225514508776,34.31224203000155,566719.2449104587
425,12.350809132643603,0.031644084979429325,8.28046867566707,0.7330335497856139,0.22779727609185932,0.21974809356778735,6.934516176038825,6.604147195868274,-0.2559639394454791,34.5835746587148,614966.4308694317
426,12.34572320890222,0.031882976484377365,7.938485574124519,0.7218311342597007,0.23167029112174203,0.2259123927308727,8.825508054690449,6.167680068740193,-0.27700291556189677,35.415152037390364,631252.728613549
427,13.092008477235028,0.02929957498875719,6.708072736527329,0.7110915300250052,0.23467720002465342,0.23085131719286683,9.761722500840047,4.784524692515879,-0.33328892491730405,36.11611476776828,707498.2305321407
428,13.162893075691999,0.027580130203977676,8.002862284960928,0.707374744415283,0.23693946183642506,0.241453235848833,9.383930578347456,4.754528283808469,-0.3912080353176623,37.34496857041797,740157.726707975
429,13.524752181224002,0.025118476630562547,8.67486747166829,0.7074806696176528,0.2388106133251972,0.25474401858342505,8.000813310331301,2.965026533773407,-0.4158655747832705,37.238186449587836,791717.3416062453
430,13.60525277932074,0.025032675585552572,7.541872439032076,0.7163912898302076,0.23978619879079327,0.2716673324216288,5.938237400460942,5.258590871689514,-0.41973370758872497,37.610193747315854,910467.55731096
431,14.351518678784078,0.0250189176722842,7.67938289029623,0.714004899561405,0.23953607285195272,0.27774729230838296,9.311709390644168,5.659989758308022,-0.3990025090264416,39.518733813109684,911234.2916226683
432,16.24322182348607,0.026126682468758055,6.480104539076905,0.712481895983219,0.23861298389706243,0.28807838424758525,7.842062175918288,2.6358822532993487,-0.3267913781649642,40.183482312538516,1176774.1316547443
433,17.515327143733266,0.027762207027082656,7.585837683699319,0.7082863655686378,0.23691605756565154,0.2973358712514236,5.925816468856079,4.551351752795935,-0.289223253535334,42.30460445231672,1282776.3392741766
434,18.65468857407336,0.02917585729760498,9.582453197774981,0.7101548331975934,0.23473047893645996,0.3044823028879846,7.548927624522827,5.193838459884328,-0.25148101301183107,43.21776137815645,1317888.593853979
435,18.793310071986742,0.030320431056115982,8.10324390504271,0.7102485483884811,0.23237470130290383,0.30316742579445366,5.864631375663038,8.661803300168929,-0.24708032111610145,43.27250285992786,1374181.3261640137
436,19.871927271974958,0.03310296251605275,9.436491656598843,0.7199823778867719,0.23001204038343626,0.3117179132662698,8.415092445670487,9.182113327653092,-0.15313167709125433,43.32863277392899,1375173.3390561705
437,20.207368341763278,0.03541332410264465,8.087077174489611,0.7132149702310562,0.22767912507586155,0.30732213007334247,6.180019045821924,6.4169780746983465,-0.12195151334353253,44.08152968135159,1375880.2146900254
438,20.54076747359002,0.04081174254948498,6.57786518073277,0.7308730241656302,0.22524562571785164,0.2997846494624934,14.70784698118602,8.023755321967666,0.05385316085104451,44.07283994644935,1393494.6353189668
439,20.24982755520524,0.043055357011510795,5.024315185178207,0.7405778646469113,0.22266354949268974,0.2797855778781006,10.038233882615703,9.353931519587485,0.1331722992294895,43.84646628631075,1377560.2237192062
440,20.117673981083936,0.042027740341282184,4.542255803057008,0.7486047595739364,0.2198825527654375,0.261836656686021,12.59092756942054,12.715216906252838,0.34843622383580675,43.75121955369419,1354394.0683989972
441,20.112872916590327,0.03966602397109267,6.5032573856726685,0.7507815256714817,0.2170713489892266,0.24895169220377142,9.019956082539222,16.336928605564403,0.3130555830809766,42.54134238283714,1377369.8796992903
442,20.142098692105858,0.04010341047010303,7.735821437271621,0.7587213948369025,0.2141884331952619,0.23300286206254983,23.319742173350363,15.429202104497428,0.5563942877545394,42.96190863800925,1392132.4815323625
443,20.434146927569078,0.03925951141407709,8.322598160426628,0.7645798894762992,0.21117380368608762,0.21980441610827073,10.519377498102727,11.291248672531259,0.5678545180927292,44.14428960582653,1393125.8320194373
444,21.4622009103542,0.04016861519375678,9.752084287439793,0.7654356771707532,0.20771586878159035,0.21376884153852113,9.993501610534818,7.842741225983259,0.5910542600267467,44.03211037656477,1445317.3798706513
445,21.92756812714027,0.04078569574391252,9.889498855963073,0.765106149613857,0.20389566069163828,0.1953799595292463,7.407365677813847,10.677732638571111,0.5740573500291514,43.97421701919142,1467902.2497228165
446,21.966696289781556,0.038527905509524535,7.088147220272579,0.7599950715899465,0.19942884001963473,0.16573097308779222,16.321960465312817,8.631787289259574,0.5634938993469896,44.167422479843005,1448739.0578133285
447,21.52144795962301,0.0361538713900704,4.361356745378342,0.7427373376488684,0.1949190073906637,0.15426328007629,31.118345832057777,10.12774856081197,0.506704211857387,44.43368595835118,1437837.2384638768
448,21.43084379346597,0.03794491517626938,5.947136090114586,0.7287443497776983,0.19034752668223368,0.14294854957519837,22.116162136455223,14.218957860502602,0.5750003156566396,43.70998728262218,1452685.4021341468
449,21.228529679011924,0.03741378896668635,6.662405084230155,0.717788361907005,0.18565247458140768,0.13352993116660183,24.22717755309001,8.103794314071969,0.5292758174875646,44.032641319719325,1439923.0058542567
450,20.987123620131,0.03817717329835019,8.201600791053323,0.7431639957427978,0.18067568834666212,0.12657748024203302,7.137819031866988,7.498735922372771,0.5190102562839269,44.1900504165056,1437516.6254490467
451,20.677999323747706,0.035090237786521886,7.845709371763672,0.7580546975135803,0.17538592467945474,0.1232204865986587,15.355131540409976,7.983437982449091,0.5058756184222535,43.779870613513395,1433686.6925989883
452,20.42100247714404,0.03580312023769116,9.074811735683662,0.7767131838202476,0.16957549288722804,0.11807355394653042,6.308840234929262,6.359424666994073,0.5019456209274998,43.75164725729589,1417214.3879099693
453,20.339482603319237,0.03654648991618196,9.802633275116978,0.7910347285866735,0.16388321063455955,0.12039880317113127,4.895923541028825,4.984013215392412,0.5073351287816675,42.82737306069073,1410356.7702920288
454,19.986921879133522,0.03894220624594923,10,0.8033218517899511,0.15851277622001927,0.12144344177287728,7.084539559446547,3.13370655653745,0.5034949922716159,42.36035576222851,1372555.3677284324
455,19.761138971963117,0.040232947324417,10,0.7947766134142875,0.15384102064488217,0.12363027044761744,5.49488496877011,7.501448588802245,0.4968089514902792,41.813893123418126,1340527.4866260875
456,19.442784039096008,0.04353439589839595,10,0.7948022529482838,0.14979704953156323,0.13260077650524954,6.766051100272229,7.851777686371053,0.4908872049309512,40.4339760231345,1314627.0916830357
457,18.705415394068137,0.0421945477061873,10,0.7817523279786107,0.14607872729761398,0.13654200311796771,4.427958014832511,6.478587783142839,0.49754014344902514,39.823193088799975,1224137.645038301
458,17.61039703922474,0.04379988001856515,9.61652545528537,0.7930714315176008,0.14278966024516782,0.13739780240846397,8.06465671430135,7.029935168404732,0.5008008295953778,38.564961676722504,1139890.593260744
459,17.375083823248264,0.04246305576185953,8.286689759397746,0.7918834793567655,0.14001266876230198,0.13425725380941742,8.671596697644805,10.031781516070009,0.4913189007605947,36.96429817048739,1094467.527398163
460,16.84441540413582,0.04102174189024008,8.840883966622659,0.7906930357217787,0.1374060972170664,0.1363175677949107,8.18447265993648,5.767537843394116,0.4837595013300321,37.036694527877685,1049803.851677922
461,16.620752134467132,0.039067265801456835,6.891725195841618,0.7836284345388409,0.1354042685804366,0.13319589158951917,6.838286814234621,7.840588271950438,0.4835299770972991,37.18142958848226,929561.6559928538
462,15.944317012912169,0.04101713948011922,4.76578541767919,0.7996183970570561,0.13444983580701053,0.13794248081028215,6.990176481192061,9.051401241921738,0.4793686928801028,35.53666005122134,933566.8453109486
463,14.026830969039494,0.04225729549497382,7.130363894316709,0.800440957546234,0.13391900190285475,0.146362482286254,5.360817660103657,9.319352854740464,0.4530633062562908,34.89970172878037,671844.8740225995
464,12.643548139967132,0.0451739973448345,9.247860419698071,0.8061932313442228,0.13356845153159055,0.15178925612581756,3.5611110105484767,5.935819150206789,0.46599761708870835,32.8999396942149,562826.7548818159
465,11.48531761767263,0.04332385050646882,10,0.8060302278399466,0.13331992780174579,0.1502019296108725,3.0471952102763895,3.2402559376720013,0.5009915602397027,31.611959321134307,536566.0883536036
466,11.321398770751925,0.043669736446070105,10,0.8103991168737409,0.13308263991928052,0.13918475211102457,3.705019961829452,2.9013236610546818,0.5274584288798672,31.747215630569432,485715.3142274211
467,10.53873642689764,0.041647174688871025,9.7995694327928,0.8095884308218952,0.13277258286731397,0.13159452770724278,3.8449869666272853,4.478223823077572,0.538808334385854,31.98487348927008,493938.0789176372
468,10.58908171569429,0.04014061687260411,7.652932723885875,0.8173484361171719,0.13248853416251824,0.13086138024061916,6.776335218803563,3.921422416217312,0.5481857000936352,31.16104372241723,494553.6625199616
469,10.40061259463494,0.03770036880036889,6.719330600307092,0.8266147691011427,0.13195460853789792,0.13330118261174537,7.594493098166769,3.1251493679818805,0.5455415711527384,30.721462215514304,481284.39051804657
470,10.724030213601509,0.03688848341055057,6.031384598133876,0.8417176315188406,0.13119706539615159,0.1349611550488506,6.782730851993786,6.1853155158525635,0.5491855496591123,30.747404100954828,479171.1571808596
471,10.700112914831212,0.03724889600722008,4.917533082099432,0.856717112958431,0.13047733431082711,0.1364735521731337,7.048916210899322,9.773162135834339,0.6146640851030117,30.814469242473617,494052.3441669413
472,10.604357580353096,0.04064321482133053,6.471159319759272,0.8675972217321395,0.1297479440126455,0.13368370295134338,7.710229677429577,8.203064621930178,0.531789234354531,31.040249560625195,466573.54535868723
473,10.550538266016325,0.04458563299996858,9.855876794526806,0.8880168431997296,0.12897031293288289,0.1310417834367189,6.331725717688112,5.584994296516908,0.5458352846781366,30.33827977812876,443058.7017264815
474,10.103614660504189,0.046498447793401586,8.961514720238796,0.9009631064534186,0.12813819425005535,0.1337176801394303,3.7456821920382843,5.752972147915937,0.5507498525992279,29.00671640372298,446937.68098792544
475,8.954948931852153,0.045861262987716374,9.889979564861832,0.9132003349065779,0.12712407602614614,0.1329651236362173,5.052281472724024,6.065382568696071,0.583826889893513,29.403487102783654,390538.3369799328
476,8.413707447784873,0.045962082754779233,8.090661163888019,0.9268772950768469,0.12565102966048772,0.13332327179372447,7.502699641607024,5.794552712238857,0.5743026701465699,28.640182303195456,377172.82396194176
477,7.972903556199225,0.050350725693846216,6.587091890097814,0.9375890246033667,0.1242401704390671,0.1361435571115838,8.143250005933307,6.631748697144746,0.5649585899714472,27.85927042300368,378631.5908452449
478,7.870405319253587,0.05352486709813036,7.025662230122564,0.942968447804451,0.12248106631010328,0.1378074290474614,8.519718891984741,7.35024466981763,0.3522146057060124,27.334862684884232,365410.9298381623
479,8.130282389530562,0.05640247743974952,6.754942929488383,0.944703141450882,0.1200271736795586,0.13208148806600847,9.157644088442078,5.253588029761698,0.36022475491379835,27.447425883270842,366624.44036537764
480,8.516897960045885,0.05841850061483581,4.9394339445047155,0.9413681828975676,0.11660199197907553,0.12582569554141318,9.425340957445819,4.595270527726039,0.31257196931831993,27.809378738336218,369143.20463014685
481,8.659288550764552,0.05816728108641787,6.3335643689429615,0.9379279503226279,0.11204907856967075,0.11922155588561029,8.190355542095816,5.162812134539923,0.2555980240238668,27.60654962618191,386589.65442843584
482,8.887371973723507,0.051044254617569146,6.223338990932557,0.9356905165314671,0.1082997761930405,0.11360871798769495,7.451228442945773,6.929329794337145,0.2609090706689304,27.766347446027503,383245.0993368371
483,8.975868383569663,0.04461799844690569,6.141962226447332,0.9347932183742523,0.10524511243738573,0.10926804409786216,8.894517660703837,8.186794719064224,0.27667916886386096,27.549373499384327,378549.6135286473
484,9.090122329038659,0.045311434444370885,7.374087843908266,0.9251587963104245,0.10226391899464596,0.10384710880790254,9.912278378824805,6.125094301078413,0.28017543615350404,27.09867250592158,381067.7891983465
485,9.25053308726923,0.04615427803519403,7.056140644095709,0.9139319583773612,0.09872556891927525,0.09795960437873978,12.366312847436149,4.111439333469415,0.15761006261851845,27.389922379590697,365744.6197822873
486,9.232432096032126,0.04840584265580559,8.206356106499415,0.911898017823696,0.09498084901094955,0.10131860680255969,13.070501326550136,5.19712017919107,0.09917064216104964,27.051519163969875,367134.6729748302
487,8.912159469570133,0.04922542074310201,10,0.914840616583824,0.09127449160755861,0.10998967726161811,8.142094045417505,3.9847654235322763,0.09201283021455195,26.661795941388405,359661.1876711324
488,8.618720020637765,0.04785606332051808,8.176124347123945,0.9143103411793706,0.0880685819188446,0.11243543964532768,4.974801523776024,5.01698261189688,0.103197947547138,26.86771974477499,346116.00215044053
489,8.656694833382625,0.04589300012280483,10,0.9128805530071258,0.08508051747183812,0.11160212324080955,5.429622060923974,5.814715073586601,0.06614580801825663,26.520642961944265,359617.13539533
490,8.765647936770971,0.043534255220516974,8.500645186124721,0.9116313570737835,0.0819566848473511,0.10281958886823273,7.4091638955891685,5.175185436233383,0.06560313692247771,26.731407677845855,364276.96689217235
491,8.811486017992689,0.04322129850930374,6.361795387756283,0.9082079425454139,0.07890929882747702,0.09065313045949984,10.329141501128909,4.745748316185357,0.04275354505221301,26.941250957344405,362995.02579451504
492,8.940003212634796,0.042681182183639386,10,0.9069824543595312,0.07658932898584213,0.08945925572547925,6.577769670250089,4.027000127629948,0.05932871531582925,26.838134981127702,378450.4736109735
493,9.009715715333387,0.04240362380466324,10,0.9030840146541592,0.07483935036221398,0.08341025281240368,5.179225400407908,5.313682548753267,0.1306963092455526,27.365109755595565,381405.53180384624
494,9.180909503000763,0.039948940380830716,6.991891351101554,0.9074958196282384,0.07305227122771207,0.07029181073936917,9.099181305627718,8.349386566776538,0.18559609949881117,27.322585858026905,382247.58650665794
495,9.271803749768218,0.03382530304149838,2.9381978843636887,0.9189244809746743,0.07140494385809763,0.04560862341084216,8.55651048279898,7.523054104987812,0.11939787748880273,27.285121108991483,381707.25661499484
496,9.404005266899574,0.03071678030657219,2.6298120979885664,0.9348404160141941,0.07000071776663852,0.009061613919325258,8.680359202027278,10.416991014224065,0.054235333038500276,27.45551225170684,371768.59304663254
497,9.570833694938605,0.030367990855841465,5.932551964297928,0.9439648926258086,0.06864810587185034,0.022956378435486084,7.705900768792638,8.491667506037063,-0.0036525460710076113,27.28794535542365,370574.0440855142
498,9.502948136792865,0.03147558717564701,7.919815462669879,0.9530548596382139,0.06725083249405149,0.036899951281944655,5.383139719592773,9.51325685342718,-0.09871515216751348,27.254016927207484,364605.62900950364
499,9.356466348619277,0.033052750561034586,8.31005185522292,0.960463995039463,0.06592759093811859,0.03844438351568655,3.518936659166876,8.995833965345522,-0.1935391453395106,27.656238978223744,416767.3338479116
500,9.329212995224314,0.0346967302302682,9.040851742923412,0.9676283228397367,0.06407444981879437,0.023612330275253668,2.949748215860502,8.694797638509137,-0.2582116454380268,29.371867946332063,504422.33556671755
501,10.879495532255746,0.04053727046981331,8.82095697906479,0.9699408462643622,0.06208222466172241,0.018874837890753594,3.856654083311437,6.590049668957487,-0.25385092853516383,30.746066036772977,685893.4647883171
502,14.715571599404962,0.04481607736579054,8.022401236495218,0.9624686786532399,0.060782667148797355,0.02157647266801501,3.230602851384938,6.623566262779569,-0.25791489589601196,31.250334413536127,1209994.9055088584
503,15.274156429312312,0.04885359201726944,8.223428657226624,0.9462174230813979,0.0598430421942244,0.034300502601208496,6.021826516573848,5.822811449238801,-0.25832838888763276,33.186846999091024,1226744.1853900931
504,15.576442767473177,0.04787515685196729,7.534769062820523,0.9253549137711524,0.0598527814312355,0.038411785579517486,6.995677091321397,8.494163351310839,-0.2869647089667264,33.9017643650059,1327996.9775188174
505,15.737264930395657,0.04791110689631338,9.871444648154108,0.908905720710754,0.060831391755145,0.03687886878033275,5.776737792821765,9.870853501553482,-0.32236280385412774,34.338038399071046,1333638.4986869446
506,15.699535754247197,0.053567460364067926,5.910712620986226,0.8947599434852599,0.06253642914215639,0.03849615702012132,6.6011676218554936,8.66783368052758,-0.3278061953718722,34.611327418152996,1340430.249128715
507,15.623208544525196,0.06020225778473105,5.383374289011011,0.8803545135259627,0.06446736607038389,0.061404206703042565,9.416656270257574,7.8366399452278515,-0.30625311074164585,34.84779222600874,1337849.3276049956
508,15.688964378373685,0.068628926483755,7.070939207689677,0.860520489811897,0.06595623475866659,0.08189421977911177,12.442011618177307,8.443966530655379,-0.23340093069771564,34.89001076520109,1337903.7159291715
509,15.810185316288674,0.07282654087617481,5.610927093896349,0.843915209174156,0.06678437322929172,0.08240797587790298,14.124464086276845,11.382578509019698,-0.01729769700475223,34.85384072212277,1344355.7532157023
510,15.788205117704017,0.0730519131940873,7.465871559268537,0.8368714588880537,0.06735503370746387,0.08101433960796074,13.373811700734349,9.98653373374557,0.09267566768013161,35.234512840661246,1327495.996707721
511,15.694047597381402,0.07331992355649887,8.13180156618403,0.8405122420191766,0.06837484212442507,0.0822946867061807,12.221273118376855,10.842742856676265,0.16710418481368208,34.66046194300472,1334074.1738785277
512,15.851237679220446,0.07274212649431135,7.111792107333213,0.8485523360967635,0.0705553903753592,0.07729058714717638,12.237189666365602,8.339958003107828,0.17989814565423837,34.87867247034392,1322631.7202362032
513,15.832971853076621,0.07311165184034685,8.25217601541718,0.8555216151475904,0.07198396919657223,0.07029324327593056,10.981343977234951,6.706729707938522,0.16587533618695374,35.31564638720754,1326192.622658073
514,16.079472562427842,0.07688177893246094,7.1320508887958916,0.8676777797937393,0.07271545586236657,0.0682475558639425,10.433919319243223,9.253750670700454,0.1941824162119661,35.90860358512857,1334446.645120085
515,16.35811074412147,0.0740199957175639,6.1446360522882255,0.8725427091121671,0.07278795470125596,0.04639973410885137,8.611056915257338,10.335048127267196,0.2819153623551423,36.27183897520713,1341528.9014183083
516,16.8341883683076,0.06307700314654584,7.46348975210972,0.8745997747778892,0.07268878073398223,0.03620062450950912,7.637536845079507,25.589259245526087,0.184355154103928,36.50045385488564,1344140.0271307204
517,17.166156171425065,0.04916076016805637,8.714705483764218,0.8709821861982343,0.07295602293193094,0.0610323239018824,8.427945623428498,33.43810544240831,0.14518565452964546,36.71904640525906,1350110.4901523935
518,17.869327659340005,0.049379709505717115,7.725459309887015,0.8516182711720464,0.07446818680557912,0.08086130366985633,13.891374897901722,12.907521649284112,0.15082499096388782,37.094529878060975,1342748.5735816702
519,18.435864252402258,0.05614265832521953,7.182629349861401,0.8264459496736526,0.07683929535181751,0.1127373559926715,13.684936644772865,9.556832222081798,0.12604918785779276,36.787984196621544,1350496.471487091
520,18.958104164219886,0.055760794431966146,4.690992484267989,0.8007567688822746,0.08004883018638634,0.14193904328200405,7.2683650195366525,7.733773755042184,0.12255518745334351,37.43397012693609,1339483.6275067017
521,19.835125953982146,0.05689416820721473,7.921164077442661,0.7823056471347808,0.08460499542303773,0.15567574786558647,6.0023512801111885,4.483218006707178,0.16210995065515152,37.265195254848116,1366688.3387048347
522,20.525518688055957,0.05456500475978746,8.381304355295427,0.7630566629767417,0.09052074404055338,0.15051217523455188,6.802199453384176,7.287222034923176,0.15303749981080955,37.77101346556606,1377427.8663003983
523,20.77033272796213,0.04862570437878756,8.314892851194443,0.757920659482479,0.09642534673019859,0.13561418506224285,4.252084617733131,8.282349189262872,0.13876548966010832,38.24087048407479,1377215.9413563132
524,20.749070626568834,0.042116708583158365,6.043431565068813,0.756153029203415,0.1015405642874934,0.10908254540178305,8.528989174916807,10.503590367376432,0.1416181814197905,37.736118965508986,1385739.8831601208
525,20.683507962895906,0.03463310064888551,7.915490150909752,0.7576686552166937,0.10664465863776842,0.08798228556270604,9.89753667234326,14.960793867708777,0.15420689867526732,38.201487089992,1382712.3991197303
526,20.623135993846567,0.032880467847268224,6.108308181540412,0.75520643889904,0.11197565315179384,0.07722268433663909,9.428087371255643,14.30699505668148,0.16000881334989267,38.58144037679362,1397201.960935022
527,20.558683542938898,0.03403956342786492,5.548503343440413,0.7550337618589399,0.1172766451360815,0.0766586096982833,9.531560340663585,15.157478777557817,0.1647873590591045,39.053312428427255,1402626.7067111016
528,20.719542682073534,0.036248609499818646,7.010734296591703,0.7602679154276848,0.12341522742610894,0.06724232189309007,8.302297952810866,12.862408680103604,0.15941715644764523,39.447646960204914,1443977.4355026423
529,21.388986726146417,0.038358476869789854,5.394750845688462,0.7738649570941923,0.13077273131224973,0.05957603792156883,8.070420181285018,11.561480262782656,0.14817906437799172,40.31015067862458,1472555.7911420101
530,21.876920117132038,0.041672933916108754,7.199782814294425,0.7925410002470015,0.13843907331656283,0.040691847521258095,8.511897129855699,12.1761767922948,0.13109997641707777,40.70576764250986,1443030.5040692652
531,22.155508937886367,0.04529738629355464,7.548535293898213,0.8147189205884932,0.1471791828877527,0.0205379372897675,9.59473771591502,11.705278780455707,0.09181151278671883,39.62273017072279,1370465.9212080936
532,21.49532640465533,0.04904329125357778,6.629470360623815,0.8392562657594679,0.15672680555670926,0.02715934602716336,9.115464514862444,8.7277847778297,0.038013573869001664,38.335840670289976,1196852.5556138204
533,17.96630431573192,0.05150449362392438,6.3263781166575646,0.8540005463361738,0.16579529456972267,0.06845355275110912,9.893191143777923,11.668264409165236,-0.0037712391338647388,38.05978961039929,693445.9127823053
534,18.98967476187231,0.05196626150760055,6.198347639688976,0.8562295287847518,0.17421996932502345,0.10780486753459848,7.955486762200163,12.882893206552644,-0.02649932611506337,37.00756824799394,702176.5077774733
535,19.70259742244951,0.05297916576169453,5.476680435204543,0.849972384870052,0.18150423528506615,0.13790736545115032,6.134262055377057,13.270600061228569,-0.05579155644235203,37.01625059214164,628533.0661873664
536,20.390530649087165,0.05353277347641666,3.400995065712556,0.8334915575385093,0.18759417517599544,0.1781199911165269,8.337619795308909,12.791885591918605,-0.08242467810624407,37.31518698319351,630597.990654212
537,20.93850347323413,0.05094645065799658,6.111571312960394,0.8201929441094398,0.19297139941898853,0.22188436416310606,8.03191074337214,10.468602509766784,-0.07812847161423736,37.86725489267996,621015.70903239
538,21.21217421503712,0.054298046545905844,6.340831793455271,0.7993142503499983,0.19826119924993205,0.2444468900820441,6.449285938556167,11.772132905749855,-0.04971170182768279,38.10692970184548,654815.8306465057
539,21.27809870444431,0.059252658472816765,6.235247746292643,0.7783565831184386,0.2038542696176261,0.24046596405525147,4.53359169790912,9.582853467107617,-0.01386048714071766,38.41807880527822,677232.4962732206
540,21.275216246223543,0.0637508131153426,6.901487839087021,0.7592382407188415,0.21007163454680483,0.2406349007364286,6.039111290876465,9.254796620940288,0.02956393375814044,38.78560073271209,672525.6985330442
541,21.215121547614725,0.06490755777319791,6.30157694443285,0.7427451676130292,0.21678572002175162,0.24627516954274892,7.990377189501562,6.425891137413349,0.04981160365066395,38.444392873271035,685302.3057525876
542,21.200963021549615,0.0636512219479933,8.305589473041255,0.7322151830792425,0.2235537984656132,0.24662543821909821,7.288062868254027,10.199703496106665,0.095630543622089,39.12826284233045,678693.7955552292
543,21.226056859849304,0.06709722571832884,7.506334630603058,0.7397610637545584,0.22984298025052444,0.26758663813802636,6.054333985971303,16.257894264114956,0.11055074648741003,39.039858159299065,691418.7260149067
544,21.2311325913569,0.07051805631172191,7.2778831640437085,0.7426182493567465,0.235293537377581,0.2983758637462956,5.13644595121814,13.888234432536223,0.1152527853261892,38.8652630851276,708459.5684820248
545,21.09127606210476,0.07072632524529775,5.143837934922724,0.7567576536536218,0.23969558253430423,0.30590415799764836,10.584301828989405,10.522272321832954,0.10305535694029133,39.41890524451673,703253.9936821909
546,20.946295624034754,0.0696406321726042,5.168469940784994,0.7689928397536275,0.2435327210004764,0.317343130815737,11.319885305265355,13.226709110875278,0.1446011548373492,39.32441504484222,716106.7313479872
547,20.47356713643057,0.06670155736096114,4.409924790130079,0.7844606128334998,0.24691956137508736,0.33217692724716225,14.482865429567001,13.909635229754649,0.28792237017184075,39.3346302787048,712150.0874701984
548,20.17621781637978,0.06576188888317305,6.509312308029121,0.7960623568296431,0.24939174549923324,0.3421554833052988,10.514557011860973,6.7353858207366635,0.20289739354631217,38.76305275822603,721113.5890087365
549,19.63436078981041,0.055772219111451186,8.009050193927916,0.8086077821254728,0.25000635287977796,0.3420262210841801,8.499211326490677,20.784049735897945,0.24724643142225292,39.033748181788916,715287.9971229258
550,19.33425550480468,0.05573935788319042,9.864801109096474,0.8151601526141166,0.24894583263280093,0.33854960075399565,6.772797283104671,13.929590482131992,0.21803793083578074,39.570125980950905,713101.4919583927
551,19.210729775194118,0.05614322279760615,7.567143799160327,0.8201700404286383,0.24664882353401243,0.33072717990081274,3.8737516931554277,17.084999318732134,0.038079091500016156,38.986585333174006,730945.8374352569
552,18.60522300556059,0.05802812200555905,8.16082043586161,0.8329712384939193,0.24242799570640425,0.3223696993983717,6.713358192847318,12.760648957607437,0.0050451391753339484,39.44945338782847,700604.887014224
553,18.125372994539248,0.060810226665428645,8.217744766494942,0.8423216971755026,0.2359526584094184,0.3144959699938008,8.81717897509946,13.171316703814167,-0.07659936546126003,38.9116460609869,684356.9937596051
554,17.893384879096295,0.06120028340420729,6.850482129192705,0.8454764369130134,0.2282586819596432,0.30899936646075876,5.431092909993684,11.57340991379419,-0.05882977629167517,38.329377525009455,679017.6123663904
555,17.682047831579172,0.05985300775862701,5.379892143583112,0.8426708391308781,0.2206682712831544,0.3018208582063241,4.795613970598962,10.07459729024486,-0.04426467466825577,38.683141770747184,660248.7284503789
556,17.490396521998182,0.059177307102484686,6.142849495346182,0.8405757921934126,0.21324464305401883,0.2961189352860567,6.656428531577692,9.223533086324927,-0.04157321195735792,38.09197443096236,661704.8368152922
557,17.36847685285024,0.06269569195117813,10,0.837941033542156,0.20641455340731174,0.28703311609634813,10.100328988926929,8.426872155576124,-0.10873853474556554,37.49168095079676,654978.4185748135
558,17.159568334597925,0.06671690488670944,7.878654681439668,0.8336578848958014,0.1999275614648447,0.2716232450305314,9.623184075765836,7.218338768265356,-0.1444923190270843,37.53138801267851,646858.9999788797
559,16.669056863944647,0.06484961758570475,5.693850206575146,0.8240412285923956,0.19263104526040717,0.23620959283184262,5.559377489932826,9.714672008255672,-0.11948382114017642,36.61018495966917,615284.5289037847
560,15.813253293252538,0.060840340514209335,5.465919915018974,0.8153069895505904,0.18438321127318588,0.1960394377799888,7.063848440894471,12.667420143059978,-0.1245918590266036,35.823885111641246,575554.7068114381
561,15.067603415747328,0.05596145072589375,6.682480147513544,0.8075312656164167,0.17617440335298326,0.159643139972596,7.053839763727397,10.930102814344643,-0.12378692984946801,34.89136127311243,539264.3467761074
562,14.598985098788084,0.051276449943276306,5.409310017218758,0.7974498558044432,0.16792970657730855,0.12552998890270714,6.229088366193891,8.90006583424456,-0.08499604708599194,34.08688871081063,521366.79537372605
563,13.506406429798732,0.04958555345625901,5.990307069355538,0.7873618841171264,0.15936133539513064,0.10379705387568516,5.620253309305292,7.269207807165141,-0.045670771704987824,33.559378125910406,510352.8512323752
564,13.10144332999345,0.04939630609221066,6.9581177009544515,0.7794628778100011,0.15088133366930115,0.08750638154799553,5.3787694775709145,5.3428482179311505,0.007177946294263934,32.81975266886477,476685.50937052345
565,11.594116894436004,0.050029362628135565,5.148706748380325,0.7745785516500471,0.14294895807186203,0.07492873987831083,3.715809014401997,4.8983464541392605,0.10694866178136309,32.01832347534206,456350.4412230405
566,10.578255538503278,0.04952428681995903,6.047528916243291,0.7705085790157318,0.13576999084635968,0.06670008338870789,4.160366328026681,5.80949397516415,0.15196976140861038,31.70017418982314,425911.2785451017
567,9.7334653010164,0.048572159328697344,9.12754162419807,0.7754818439483641,0.1297215520964161,0.04727432846067193,5.084704290222576,5.955786038259607,0.18195017954849527,31.021239397605378,431032.7127030736
568,9.263423132296218,0.048137078134608574,8.448200828602126,0.7804399108886719,0.12495938456888994,0.021148907956545088,5.9878359892353,6.665618725587459,0.19605640077877162,30.62422876150058,442906.41923456494
569,9.340808173268833,0.049303020198881775,8.741341685993458,0.7859320041537282,0.12128716477597928,0.005933620139013849,5.995038237461493,8.04791844424145,0.19948001764497628,31.157904721277127,405227.2259867562
570,9.840659875002645,0.054238359489190285,9.227504074811545,0.7916858679056168,0.11876019004221394,0.005163233084098515,5.12712452486419,5.909452081363154,0.22023787980016443,30.54953267114358,417957.7793632394
571,10.177384330422539,0.059374267403420326,8.327825873817874,0.8080177274346351,0.11755048240338078,0.010502425633225277,5.56645232058007,3.6567239987022524,0.2577937255684468,30.328862822507816,413676.5860554416
572,10.309637762814999,0.06209959425877754,7.481924514552735,0.8274953833222387,0.11734221895874003,0.03454239049482925,5.875408258768019,4.136836704392518,0.26879637040818954,30.276056086569714,406119.9114138766
573,10.485713793736261,0.06431662138081679,8.01827672690747,0.8490966948866842,0.11819512107006257,0.0455286880026189,3.4898787399977644,4.748016003039309,0.3384147145526213,29.40694873862147,400758.5998542599
574,10.610066757082956,0.06474905781586124,9.964479769167577,0.8624987629055976,0.1202394287612537,0.04139463580046221,2.642201249304023,3.3500849805613475,0.4215236786841239,29.218586868265877,400230.5356982091
575,10.782254426297595,0.0653163696680685,8.382855974515723,0.8695639020204542,0.1239838165462627,0.042693010142436566,2.9748572812400815,4.414236836209497,0.45109205137383296,29.62053159745426,413395.10596018995
576,11.776951734050767,0.06464983370897834,7.061190306919747,0.8743457731604573,0.12929140094405017,0.051431112471366676,5.851114219806059,4.75785024257104,0.4190112510042708,29.324392189291224,438340.5526448379
577,12.445545356138853,0.06179535169159832,9.751312252984428,0.8844945076107977,0.13554544552184175,0.061757530769821295,4.998935084182844,4.552514455248726,0.3717055625673252,29.392330769575917,463299.970860911
578,13.129251368762716,0.05740890822836917,7.287450074297681,0.8860556590557096,0.14250299971011454,0.06655742059964716,4.382986386426122,5.476796674641518,0.45973180857807566,29.48400039475875,468683.0194318604
579,13.408646402784237,0.054475933840747975,6.565511498628085,0.888651482760906,0.15001443156884317,0.07927542980458606,4.3099151436796665,6.482546272291972,0.3858435130290132,30.22969362701664,455267.07834089926
580,13.500493501632011,0.05249166819623714,5.844494413262735,0.8888655281066892,0.1577940118797055,0.09612257756356535,4.466576790427874,5.347099543497212,0.3791116284300145,29.567779256086762,470740.5377248468
581,13.401262479266432,0.052903815270982736,6.736895455210508,0.8901293173432349,0.1659550774044846,0.11600161676342301,5.91576780033788,9.60284930406302,0.569902016414616,29.05472785178345,464220.4179662796
582,12.979706014880303,0.051394789095349294,7.533152415823806,0.8925662338733671,0.17417820178405033,0.14322557865256136,5.920141033411919,6.823780396503008,0.5677238404018476,29.165349318877016,444105.1502154805
583,12.62688559810036,0.05368583524153245,5.1358339737272605,0.8915271124243735,0.18299667614822462,0.174742506045061,6.62948145784142,7.135954824459098,0.4921626541346946,28.57886525164955,442158.4942704358
584,12.335974079089334,0.054866609086506604,4.253431013891418,0.8826517128944393,0.19266114858904937,0.2006571564135706,6.0349464326166,13.163643785390155,0.49827926152749025,28.249133370230616,442539.0789451859
585,12.243144845171075,0.057091414325584865,6.736215528845625,0.8755327150225636,0.2024095520833888,0.23066314971403404,7.332867477149934,13.168616943079343,0.5570513349968952,27.952529194226194,439408.70927122404
586,12.170599316216476,0.06315297943314806,6.362966504313405,0.870823193490505,0.21186788906222592,0.2643199214024958,7.309391731331074,12.224652914778261,0.5712804580708409,27.84213428677412,481498.57494393206
587,12.444445468855,0.07324068582976455,7.777049252724971,0.8787179332971571,0.22069159928990964,0.28966276850219425,7.999240022182135,14.125167971835388,0.6599445324858658,28.973167072788257,485182.25728298654
588,13.662083157681463,0.08290792773688745,5.95950383347122,0.8946870347857471,0.22865349955562234,0.3134730815473464,10.253296799892087,11.031009076122032,0.7407325609561537,29.795607539944463,587234.5314712793
589,14.321010826890666,0.09163458863628136,5.741886917914295,0.9094767972826956,0.23599190423310565,0.33499678345745576,11.52236573485877,13.758508267328779,0.7718357906102564,30.187112609055948,605125.9700007482
590,14.978786997476147,0.10011973394147153,3.847445662901726,0.922944776713848,0.24328350070583346,0.352285614167123,12.005768420631966,7.557100989192292,0.664164114062038,30.724465201075112,599754.6013984444
591,15.371334394007228,0.10542071974897263,5.132815735019307,0.9325446113944054,0.25056001854162635,0.3605745541113997,11.560642113299176,21.684161141396935,0.732198586584469,30.627881472641146,609353.4501504004
592,15.577491609130359,0.10980018761235175,6.472120352633253,0.9334508407115936,0.25737258363371385,0.3535185218841351,10.02805296577835,17.981072599344074,0.7567216612059047,31.407648511304316,636891.3847121214
593,16.13084409593558,0.11040313078513923,2.9104533264731165,0.9280514442920683,0.26356020664793406,0.34121416873916405,9.22348274949562,17.491458234811155,0.7656480320222924,32.585848850036854,667789.2224472257
594,16.486517439156426,0.11278995252856755,5.901981142238432,0.9291277956962585,0.2688012528692548,0.3366514414962715,8.630569430721259,14.018931653272535,0.7709323407631888,33.365924797396126,708315.0544384548
595,17.34876499547445,0.11244555157757348,6.007088673358189,0.9164176043868063,0.27275899051698427,0.3286733711847274,10.990720803441134,8.478892929536217,0.7240607403861994,34.599492887311435,736622.3467577308
596,18.49897752758444,0.10999427688482169,5.35598907393018,0.9138819187879561,0.27510597533877784,0.32792177114646315,9.006144356152598,9.631866994847545,0.7143537592876804,35.806989935002164,1318360.7275436108
597,20.07716637283456,0.10547305957983502,5.788809150540674,0.9116531813144682,0.2759812256221132,0.321616939155246,7.327754354696166,8.818059970321883,0.7091939421751261,39.95153762513757,1394395.6756102154
598,33.22564620923343,0.10073384172879912,9.192310140506553,0.9117701047658919,0.275192968343236,0.32064703375007525,7.310443074502226,4.662245940204325,0.6929657098355583,42.1873129151856,2867574.5951632173
599,39.2176605570973,0.096355445012136,6.895305437295804,0.9034772986173626,0.2725616024985224,0.3207475536221124,5.6586758574348615,4.359257982909086,0.6954681656928873,43.381079730694616,3506622.291850971
600,41.295019820109424,0.08452163690332486,8.57050397864255,0.9021846288442611,0.2688752363264452,0.3081341284635355,11.648453521796029,5.987916090462517,0.6183165711834641,44.67251311783481,3669242.805412336
601,41.30187478545118,0.07219592091102739,6.719668065175533,0.8827580833435057,0.2645877162468818,0.29837167942804893,7.071904164123298,3.861601175307765,0.6024498820020583,45.73670492059902,3874140.0890398105
602,42.060409167330874,0.056833078303302684,7.762403087867304,0.8703325235843656,0.25938007899100773,0.284037442691421,19.359477383117024,3.712627870333514,0.32670403543980003,45.65848247963744,3899533.4760372257
603,42.341195820212484,0.04364913458055033,4.562433797816592,0.8463035884499549,0.25378559018004204,0.2813612987319233,31.240524040729916,5.866148021451929,0.09127072168167098,45.63817097095143,3912083.1235968233
604,42.65467745170984,0.04056216510990081,7.73166647864532,0.8243584725260732,0.2469773575989329,0.2730192330046012,22.29758647671096,6.452631399039011,-0.0004348821416370258,46.27607667928653,3928638.2625510483
605,42.53993553464691,0.03738515898151882,7.113273514614424,0.8136932641267773,0.23972422185040418,0.2674341264550245,16.34532419846233,7.6515599002339965,-0.05187182700402023,46.75909320001473,3939874.324460157
606,43.28035403416861,0.03474432919041838,7.349133396493784,0.8081183341145514,0.2323787847850253,0.26826506305201536,17.33721852928965,9.526013154057013,-0.07249928532616622,47.35374422162574,3969585.924341383
607,42.62332873531653,0.03243634095650827,5.405763416878779,0.8066648960113522,0.2249881187498685,0.2626206303260803,8.50684809382598,6.383754027389278,-0.09981010153365023,47.83401304643635,3998284.9315519766
608,41.755986573574226,0.033145186947554306,4.751938821648512,0.8070622590184211,0.21797052614122572,0.2535738442106472,17.19440252248043,7.081941647542014,-0.15155125370953365,48.852292976048275,4002727.666738781
609,41.02285505356872,0.03241765799158245,5.340762281773701,0.8018367046117779,0.21157022727043198,0.2290298534605923,17.874056305373877,10.68606518246458,-0.16789246521451756,48.65956476478724,4021783.740327192
610,40.79351839586425,0.030940971761472764,3.8468603123217395,0.7984825736284255,0.20529836282712555,0.20196529688419776,26.863646100960622,12.661271579669295,-0.13900320147217413,48.23937275019402,4039452.654447173
611,40.76873429586292,0.03179307837238162,4.704796926156786,0.7944937363266944,0.19874469391684627,0.16887910703916462,24.798231091518844,11.752569142267628,-0.10756406315303228,49.50283997450626,4029617.5824499507
612,40.69735846295929,0.033382798703074444,4.261513746957148,0.817042883634567,0.19136274560893507,0.14313437554682062,23.575100445308287,25.73355513158403,0.04588977953251011,49.86108426827686,4065843.109610379
613,41.03978886711371,0.03293358758736241,4.925262066783875,0.8199434968829152,0.18326243595061525,0.1187896030073676,20.869631497260563,78.20902630588081,0.1911804013152445,50.64546664302969,4076381.143723096
614,41.47710739415255,0.027615497564032566,6.916305804497857,0.8480549266934394,0.1753699645786297,0.09317016485894174,15.501808361888264,52.81073626425133,0.1932764811577205,51.358402568845676,4098399.774816847
615,41.98650846157978,0.02841802323662854,7.060898366180853,0.8510376399755476,0.168022768269894,0.0863798050791751,14.285993978127724,37.22193641958703,0.18838194905407146,52.385916944776106,4171079.741467383
616,42.59785130431661,0.03061527876695142,7.457070927849564,0.8545761725306511,0.16164450627188112,0.09775002724756951,17.35392419135831,19.089830290854003,0.18839476642196484,54.92679931930719,4184940.946782549
617,43.7111999920993,0.03329798446596209,8.090972201100758,0.8426387101411819,0.15597364052883414,0.10288316647039954,8.841634963109168,27.016089559462266,0.16336264482084223,54.70605767169688,4222747.912240865
618,44.25002146358113,0.03809649669448686,9.839337241317828,0.8325070476531978,0.15024147468629814,0.11623361536225871,12.690021654287833,21.6507182011168,0.15393300645799288,54.31698268551822,4267466.219393002
619,43.574929593275684,0.035048545255561656,8.735420103387703,0.8352504682540894,0.14510660114994622,0.10241787153296308,12.41903919815828,22.075174380419913,0.14729844074928286,54.54696595949762,4199383.015590233
620,44.07375225038507,0.03201920574238284,6.223218591688935,0.8309001001715659,0.14059381489929823,0.11014957525306487,12.694060283076919,13.323973245462437,0.14250668288400584,54.650122691459465,4324967.164695761
621,45.15957676283042,0.03330230597297462,3.1531868254375404,0.8728633221983907,0.1368567561627076,0.12457706514037822,8.701004361645454,26.84154872663568,0.1257435848804953,55.477051614917265,4380610.421915042
622,46.50567996422665,0.04498336345394148,7.938856807917502,0.892208065986633,0.13360224579387764,0.1314639070215392,6.122536074137695,16.176807319015218,0.1265241834720442,56.15733486307559,4516360.732769032
623,47.74862265644469,0.05289881727682416,7.682221489742273,0.8874700954556464,0.13114269662301276,0.13597315101621124,10.08483861902317,5.476168309287603,0.1427106748777811,56.513456332494066,4569903.431368782
624,47.572711139512734,0.0569502398915656,3.484219841382986,0.8594387525320052,0.12900571281465154,0.14280490374455643,8.590948173606133,7.3815418966577155,0.15427712223902715,56.19410878026434,4557113.24290833
625,47.60080942102823,0.06621893716796719,8.464638005676555,0.839523702263832,0.1275379874717615,0.14222364375377228,7.695883230093935,9.859042874362572,0.15747257106300253,56.282034929991944,4562751.853949587
626,46.90898199999832,0.06469621562526898,8.927547172808906,0.8135148182511328,0.126945386143885,0.12550963496607026,5.492992320575745,10.813014648001102,0.15859799634219146,56.108064366325024,4537598.616293366
627,46.11694542344475,0.06416795681601026,4.772059238290933,0.7981293451786039,0.1279057267587671,0.09908137360121673,7.8341698445637515,5.589888251292945,0.16357433201164356,54.68470561853202,3969230.1363226376
628,44.86330824178597,0.055435073654334845,5.979568218545065,0.78851166754961,0.13000934137488346,0.07050733974733148,9.426924957379306,15.645157586274454,0.14234385323009244,50.51121862341876,3892541.6378654665
629,32.09591920999119,0.04400993951833666,7.096291271577784,0.8057818117737768,0.13340290840869126,0.07598042121852108,10.444994272694217,13.12630250513794,0.11709897100044325,48.79437449497606,2401423.1749147554
630,26.273096756979495,0.04220358029862144,4.408713167960799,0.8125395217537877,0.1380637607522094,0.09298446805130554,11.768252145358584,11.115715507947368,0.11293186805432852,47.30925505780401,1757019.0791753551
631,24.170167585844318,0.0471143769139855,3.9684643814354774,0.8356154096126555,0.1432405873345257,0.11040800652513445,9.716431773086438,13.9632622215604,0.0880818269922185,45.328617465725834,1588215.8128846143
632,23.832552911374865,0.04538960635312488,6.427701254895975,0.8476009142398834,0.14840273189165745,0.12257484139359259,5.4040592304116375,18.393587816241112,0.10741833193262695,44.4745890475447,1351240.828289732
633,22.873210053399358,0.03975029695271929,6.710931491905858,0.8739137700200078,0.15374194165749663,0.10634030157280466,10.002238535396897,18.91020627902709,0.20120277376496684,44.26567374627312,1331953.6968902214
634,22.42116384391081,0.03767796892877686,7.398724914322187,0.8895574194192886,0.15903746302258165,0.12218021910501432,8.70764431197577,17.117387165752312,0.25471631792577876,44.88411863376764,1310774.5616472764
635,21.952989124441213,0.039558247162726254,6.83583940733056,0.9136893606185912,0.16492901230435394,0.13312285923451295,21.354391722471018,13.66734194626898,0.24743268580757652,44.67826096581634,1311745.8756581561
636,21.861151525534996,0.04227785825598218,7.5837760745711975,0.9335069835186002,0.17072306964541845,0.15158530562071512,24.183085650551376,19.508756890101523,0.25441890870530753,44.947321320517,1301196.4062432167
637,20.95282842879548,0.043224006671962106,3.6673927800954287,0.9408490967750548,0.1756099357913019,0.1673752416182863,15.781633584722174,26.362330478017405,0.24124197292715474,44.356294801354345,1264648.546820301
638,20.466317093236007,0.04869679860377074,4.024895275055302,0.9469259461760521,0.1799940497573429,0.18637460602926947,18.91608536820315,23.716262579242304,0.26774868162163973,43.988273034325225,1223004.1083446068
639,20.47330790153676,0.056920741100133676,4.2945548740718475,0.9369822117686271,0.18394592601300058,0.18732734615145008,11.779184283899358,12.727828992513885,0.29136411796362377,43.07411161533105,1185503.9162343421
640,20.542575106496646,0.06778049664464053,6.101810524940124,0.9359936714172361,0.18676868572340227,0.18353036783100046,14.780336000565892,9.877765529059364,0.35415619962609557,43.14666684638951,1166060.864672108
641,20.791130746164125,0.06640971629819256,6.060282228971728,0.9214892438054082,0.18855819958149272,0.1835946557200259,5.635157028342851,8.941385513210353,0.4520407385753171,43.06121621776034,1159815.3032949523
642,20.89130768270397,0.06225134868242658,4.40569377214859,0.9141572511196133,0.18993723744473406,0.19864966610050988,5.696008810335003,9.954275791954704,0.4747901143128808,42.55310918346266,1164485.2221605016
643,20.846122934366498,0.06082554882467062,4.609561454292285,0.8983145543932912,0.19087667962961344,0.20834642864642872,2.693868387472912,7.527925835346094,0.38513559148487614,42.45444167056527,1128993.9378749414
644,20.448365922211156,0.06289246935657479,8.715268336925908,0.8916574978828428,0.1912335109513038,0.2239901810554081,8.682701667669821,2.9765279553322572,0.3830319706467914,41.63112447098053,1122508.3645777996
645,20.026496841683155,0.0605115221873622,7.038369574451307,0.8763594481348991,0.19034959298468132,0.23765658750800522,6.017557617657536,4.779257227917506,0.40212584578021243,40.906089066880796,1102007.2757879684
646,19.731548785093793,0.06003292200072378,8.0906401305493,0.8618914583325384,0.18814454783085816,0.24686142913097966,7.566440859191723,4.073539278125513,0.39783317205440866,39.86639048538084,1031189.3273207551
647,19.08636226952875,0.05629990547897258,7.239832194961716,0.8470118266344071,0.1854486583775615,0.2577765085186545,4.108861296305072,5.337269766283946,0.4756677111227368,37.859123046753275,1037752.0635589422
648,18.10885985263387,0.05355381183404316,7.316087051043331,0.8336406245827672,0.1825526823035993,0.26839866921141403,7.071783559688479,4.922714724158555,0.4783600596601886,39.43513735336623,959402.8225749511
649,17.92909769467853,0.04962541409236222,7.63334247807301,0.8093316680192945,0.18039088798921057,0.2803947776798937,5.437887372250087,6.178308949851097,0.4872998822204823,39.065207886525116,979925.5538316963
650,18.03714079302219,0.04742128375001201,9.583531454939724,0.7974233841896055,0.17823754780661888,0.2850558992679047,5.0408348058475205,5.177234547366948,0.5028443362407151,39.29319975573417,994590.0918397033
651,18.03292634705926,0.047048742349325434,10,0.7900270316004753,0.1758897988085145,0.2897653528260657,4.949475330203854,4.224142352826722,0.583138092137418,40.01986666148251,960813.4200466232
652,18.495838870680632,0.046877239294963964,9.718109806843634,0.7957127210497854,0.1728307079994495,0.27606991566276484,6.332150923853974,7.424912629009698,0.6178295666195972,39.32485356871927,1098709.9592957972
653,17.083961077088848,0.04403647980708332,6.983540452614618,0.7965113455057142,0.16842857484153526,0.26737143996880997,4.924386156845552,5.386210432626484,0.6405015876650756,40.079291783112474,976944.648487099
654,16.10581783189663,0.044110233236721114,8.326663575261431,0.8000077086687086,0.16296163280551243,0.25848131494159915,4.182061063778072,6.1235048234495775,0.6504620619092761,39.06869694117434,967616.3328584025
655,16.18958357537502,0.04305759496456375,6.28911972482231,0.807241071462631,0.15782251550891713,0.230310454767009,8.33701696426786,5.669616350400003,0.6465095723544806,39.12671973425952,952098.5576967103
656,15.942538052999014,0.043991744529195846,7.57557750092446,0.8263589015603062,0.15289180750396114,0.19769857335457575,7.685368008693697,7.147061757340797,0.6537296087928683,38.65684086403806,918574.6010197505
657,16.01485545903646,0.047788142036917815,6.201762871831581,0.8311552003026007,0.14862696978111686,0.1682598087265545,6.5885676454666715,10.000832651633845,0.65362419628147,37.86911105911112,912529.4736365613
658,15.708760849130051,0.05448319883221537,5.756085842707225,0.852743887901306,0.14439726147079146,0.12820408133247607,5.677589349665356,8.264918908975968,0.6612656030772094,38.169392258856426,897371.0766842022
659,15.44835263048418,0.05771916595402229,4.6661950461491015,0.881965523958206,0.1405034973063232,0.08156911071973257,5.691853851415697,7.5822102829030085,0.6628787807820742,37.81914430533604,897158.6935446134
660,15.103227542857322,0.059156592891520844,3.328292245114212,0.9006846630573271,0.136162022161054,0.048578964253224,5.954697838898194,8.514008775493608,0.6648753575873729,37.25883797097049,900981.0450534716
661,15.086598211843677,0.06086558023222152,6.451318440686161,0.9098873674869536,0.13171184131837396,0.02462806828278754,9.323380052135736,8.080049858997942,0.6626234009155259,36.95115379011498,896048.7827850983
662,14.998838335562233,0.05998093266972167,8.760568150515782,0.9221208888292312,0.1263647329800729,0.026835433472937858,4.919789225239311,5.24058538444622,0.7268607115781114,37.00297487578877,908946.7243643231
663,15.192404987005068,0.05963660525580047,6.8115463190046075,0.9325898247957229,0.12018851029210596,0.032799583100764404,7.156653824928279,7.8980995426564,0.7470920108373089,37.729302481513635,906899.146050833
664,15.639141118875537,0.06010764180579601,5.957710860199924,0.932734452486038,0.11379171361939308,0.039324677826753356,4.875468806356983,7.405270021675964,0.7717083972098199,38.08212358096708,940286.1396720856
665,16.08241822403466,0.058944738252052986,7.056103978772384,0.9290882131457326,0.10745874450418068,0.055426673444671906,6.168174677812609,14.177085985581835,0.766526803454515,37.759967596170576,963619.0968287135
666,16.22390377546907,0.06057484146514699,9.178657381823703,0.9201447105407713,0.10121225652170077,0.06034264029327706,6.812944866829612,23.081239591226442,0.652430552251237,38.41411647896171,970301.8236805352
667,16.36947235849485,0.05508070473982003,6.699359496369077,0.9038037294149397,0.09512070803367222,0.05675349053969814,8.996272122515734,27.494681121243474,0.5017552327546454,38.110743674501165,1017542.1061517919
668,16.983916414741724,0.050293078569289495,5.159759582040287,0.875223744511604,0.0898403078033478,0.030909113722945483,7.44747718627584,13.605103324335065,0.28545506823557104,38.94033214629759,1009072.8580541547
669,18.428427493556892,0.048434605535692135,8.230737511180784,0.8358834621310232,0.08540334403659464,0.016899402912562613,10.092210904477545,20.35498713401156,0.33158590680772726,38.96578594377798,1066579.7936949385
670,19.65237168478658,0.04821764149950408,8.28223078438843,0.8120499601960179,0.08167776652714845,0.02801470995699645,5.5320250745876764,15.363448292821108,0.3928299072662267,39.74130528248983,1085933.9597498477
671,20.297051091446473,0.05019165796688967,6.776106600903592,0.8018648299574851,0.07933075557865947,0.030678419677363636,3.742168803129676,14.701428343183064,0.32553766013755087,40.4100642091647,1095398.1984734894
672,20.537998321029967,0.047365215833771075,5.24322667837781,0.7934036397933959,0.07838270235874772,0.051384686311853264,7.967442827102913,13.991800789913729,0.34443550410314333,40.742649305845624,1083677.840638468
673,20.581411064920076,0.04600402912404372,6.5524695195266345,0.8099378868937489,0.07865808368209497,0.06752870848042233,5.40023043410439,11.981109584880581,0.33669014448571,40.84233086598862,1081125.7179476963
674,20.721523249831936,0.044338451124703145,9.108205848146754,0.8155473798513411,0.08044953891416264,0.08763973954791444,6.6934291244373085,10.163697009556357,0.41453367667347246,41.394028723895445,1085466.786786874
675,20.785364117744777,0.0487593542778738,7.852377315975534,0.8032678890228269,0.08344638722579013,0.08940445155206128,6.439770021661259,6.885860832446854,0.410991186595773,41.71255110299054,1085278.6387076494
676,20.771343377488787,0.04524124444677991,8.306824398034209,0.8075249567627905,0.08677910776396768,0.09970098138492521,4.957936852986588,11.792963291009256,0.4358642108965812,42.00014358403331,1091914.701934111
677,20.624806368162492,0.04370089311342524,6.186654161285488,0.8071035724878309,0.09015997684865475,0.08110107064364695,7.450371594007866,11.396130199944665,0.4145877802535026,42.015037044688874,1094329.174861803
678,20.64343504783751,0.04125034151136126,7.22756236009667,0.7967686778306959,0.09261975880089078,0.06631360519167971,3.90922109968921,15.551132730439473,0.3691516028997237,41.74284550637453,1070637.5721898356
679,20.636570122711785,0.04331267942791143,8.154574039833536,0.8098021215200422,0.09398675977937712,0.07009797235731562,6.370921125052163,14.873585757029073,0.35747636789287884,40.27746763881098,1067664.5073933331
680,20.024246377212087,0.04450896466230254,8.453895305610496,0.8183171656727789,0.09426619022199784,0.08407273510830873,5.9743361598967475,8.923130287474828,0.3401668583677218,39.644987793106864,1003651.6365493411
681,19.356679908372932,0.04623538277833687,8.64564401966526,0.8353706523776052,0.09322677412439936,0.09141477181102757,5.85306247682081,3.8343866823779966,0.31904410488625584,38.76767925221706,945384.8937767321
682,18.367767864823122,0.04534538390929441,6.951071517870605,0.8547669970989227,0.09141198751587133,0.10092734969718045,7.108598509262867,8.871347797866196,0.31206283266591317,37.15391639174931,848321.2067581326
683,16.399122793009553,0.04218418003760013,6.449808872964645,0.8769278040528294,0.09011930185195702,0.11237750852270705,9.396395976825413,10.429717523054977,0.2603151914636145,37.28281922963877,644973.3191577804
684,16.542004270922142,0.041462609305178234,7.636206208753683,0.8789902973175044,0.09000665365140795,0.12982556319946156,10.852319966097182,9.701051587204072,0.17170472922313468,35.7631978719835,642470.4269467341
685,16.457981358379488,0.04313250042406379,6.424734781948334,0.859155053794384,0.09045668352673687,0.14298841214876687,11.779546022753632,3.7764629037928543,0.055331768977733585,36.20488398619909,594978.7925102927
686,16.32836209726591,0.043756468753646,6.440435595973283,0.8313483685255048,0.09056270131382957,0.15755311536385108,12.905643593539061,5.031725484676816,-0.04990300600605887,35.75238635745331,608971.426947135
687,16.286772762013122,0.044172181608925866,7.377995669213272,0.7969030106067657,0.09070790757827496,0.16830892353731156,10.246643077609047,5.303806811683509,-0.09895576571685213,36.10058911398692,623176.8432784657
688,16.33729488143038,0.0438932035861751,9.039736925180591,0.7678108626604079,0.09013843454731055,0.17679662975031885,8.722420124145815,4.285704472055892,-0.1351765768649992,36.54133908770119,661823.3492631945
689,16.347785203222,0.039148485249505,9.73141504644845,0.7623755222558973,0.08894186636424653,0.1837391935265735,8.365404723974748,5.417119272100439,-0.16420950437431026,36.51353509412797,692234.8752433801
690,16.296446610783935,0.03547314754772904,10,0.7672021603584288,0.08709040900219643,0.17447140838018588,9.573309163352963,5.519297711780027,-0.19961768676439692,37.46920724558814,775015.7634092076
691,16.852161423980554,0.03540734552295931,9.908712325880867,0.7746643686294553,0.08524918460408686,0.15189330093672782,7.0879342036197475,6.313161657061084,-0.18296585409691954,39.410115659899844,772509.5699305006
692,18.050552295268133,0.03462992306056826,7.839655962145328,0.7819295787811278,0.08361858532942268,0.1294350099080863,9.738635124834369,5.609667994648902,-0.2519441141604564,39.82139195220096,890181.9230210148
693,19.060537485164467,0.03116322372414888,6.293701361481219,0.8040896415710448,0.08306205079911504,0.10308867399225545,8.4948113398064,7.328057508055556,-0.26233922572405466,40.56218141020365,908652.2280476324
694,19.08592344009135,0.027198860715650846,5.4554987358900995,0.8190076714754101,0.08309774738534825,0.07517661343384045,8.056545025439641,6.418685600921509,-0.2976561278268172,40.50425341017223,916576.9823390956
695,18.989253401379262,0.027720346811762754,8.764897791578877,0.836497857570648,0.08270510309643972,0.04798702154799541,7.658613564032832,5.880020592433858,-0.28236645397907284,40.173861946157,882305.5356424928
696,18.764471481180077,0.03052569036318261,6.955264723185579,0.8617921721935272,0.08187864450855732,0.023204774419119834,8.227754283610683,5.101758882334585,-0.274415087053996,40.535748699089176,862163.0836350467
697,18.597447386560624,0.032465125475655394,8.425296767721221,0.8786931556463238,0.08088746043881438,0.004084255428907927,8.883241319677687,8.947081891143478,-0.42577157909714347,40.05132254025849,853953.8167320543
698,18.461079496669562,0.03444270332363638,6.397430708218417,0.8880578860640524,0.07971801711298575,0.01668023495835459,10.291353442840103,5.474759422640232,-0.4447870913228853,39.901618033450426,790225.5630691361
699,17.779749728676286,0.03359829006042369,6.194011738437088,0.90117437928915,0.07824137622766454,0.02741701950592435,10.453853118584405,9.748726488218946,-0.6039929388574914,38.65573181489922,774402.4534732054
700,16.224269261642732,0.032208007137299315,6.222952862120276,0.9076209247112274,0.07616248185223798,0.0308503290477589,8.775399890732457,8.249164146205786,-0.5804699686405013,37.55679002463127,720442.579571173
701,15.025177006807624,0.03011566699575853,5.804992733010295,0.9038591912388797,0.07350419175623392,0.031301261356870565,12.237528609530788,5.140235911710526,-0.5388442527662307,37.02357479013424,686598.4007294782
702,14.499455673542764,0.02915637679608359,8.440512857298263,0.901040276288986,0.07033159161704364,0.03517981387517083,13.22941470382688,2.802826935122255,-0.6057520901247221,35.69215815302744,704955.9877163356
703,13.939449653635174,0.031097353300603356,8.121190524557932,0.9000957760214804,0.06674055738143964,0.0337310223519566,9.804001219717161,13.282145190150494,-0.5176437201564492,35.79424192870289,701084.1935262185
704,13.536604053452676,0.03308909181202932,9.101565693154802,0.8972529473900792,0.0627742267332735,0.030435094805437424,6.525028074034628,7.752578566614174,-0.49997899928808787,35.04163677208429,701587.896405202
705,13.317931128683407,0.034468829564440605,6.705195020529448,0.8853529635071753,0.05841799743736897,0.030244561324361572,8.106692847870828,4.0720896519464596,-0.49660698989520474,33.91923604488514,697768.7025325734
706,13.13935110098424,0.03437439884939266,8.175095353592162,0.8629961028695103,0.05417990663589723,0.032326495210664524,7.87909823037854,8.16232355288721,-0.4590004321703554,33.38931390790658,700500.687142802
707,13.086565991322153,0.03690355887944492,9.439696088877552,0.8395131692290306,0.05065916407299249,0.04915240387033549,8.002706971563576,10.729381489675577,-0.45114790771238644,33.761164600768346,691174.5544838709
708,13.23797014850984,0.040018591604871014,10,0.8177581775188445,0.048022259808067104,0.06384850020410987,5.905069367513271,10.584767162102791,-0.35065587645889834,33.60911929039394,696856.9262232728
709,13.206100157198753,0.041046889940621084,7.404098279919908,0.8187760329246517,0.04647969956329117,0.06742019936490959,4.438144963337251,9.561804483166638,-0.3219680315833021,33.50036671722243,693811.9281424866
710,13.13815114360093,0.04029086714005113,2.3010016277816154,0.8300245040655134,0.046133864013024904,0.05792599940115096,8.33875825385616,8.506631676443423,-0.30350475286480816,33.410559937068165,694273.3783576727
711,13.012105051717457,0.03948211809967188,5.301874424737258,0.8424313372373579,0.04672566440702162,0.058452518883954016,7.349063816045527,8.499203254172198,-0.4047630914458986,34.29926075239177,688234.4507692574
712,12.926496802501175,0.03915730556457629,6.714127896442131,0.8564830073714252,0.047969876227344076,0.06068806564899625,7.86056711550885,9.124189665665478,-0.40101631099438684,33.94972195001445,701675.9295603979
713,12.671732642924896,0.03902533295743633,7.458149778868364,0.8709723407030103,0.049710054907198674,0.06467460659649216,7.939637654398334,8.673588111288533,-0.4297168776146355,34.10730185943054,690383.69022259
714,12.429786362074765,0.0359947158403429,7.185289850564754,0.884265609383583,0.0509303047337152,0.0666016410777501,8.906746219863226,4.894939028665911,-0.47702074699930613,33.490622871394656,697762.8645440326
715,11.842080446351602,0.03166752857971772,6.993889909317287,0.8962609994411466,0.05170206318714611,0.06537983756123811,7.934165304299398,3.493207934192113,-0.3983844009304598,33.56889515538405,677713.5880258256
716,11.477655230000378,0.029285719211041197,10,0.905472524166107,0.052213997312809284,0.0605814191726416,7.443732152182185,3.8370555702917497,-0.33134756079589184,32.849537250064905,673080.8392254687
717,11.051484100678676,0.027969549966438634,7.5468538347945655,0.9042228901386259,0.052436082788361565,0.0592025110489518,6.071682899584637,3.996498577262673,-0.24344178610174005,33.11623715227581,676262.8352572734
718,10.92459602777798,0.02606192955627565,8.698587498030662,0.9041480341553685,0.052147827533909556,0.05698686223358797,4.735923486133661,5.40964406999358,-0.18245626874380666,33.52158551886504,655476.2108091498
719,11.021205390480047,0.024635787053240897,9.28749836263076,0.9033287885785101,0.051516772449919535,0.05384037965716864,5.2025598835320475,5.555284693957214,-0.1435626387502251,32.790603048186746,677646.0442713693
720,11.008483734580084,0.023379887996205863,7.213522370142146,0.8932244825363157,0.0507585633088443,0.0486960853535331,3.9198185279786593,4.935316841598562,-0.06474965180484257,33.23016571636839,642782.9987901404
721,10.997676394143364,0.023185209265808457,9.744578495353412,0.885258686840534,0.05047824782050326,0.043090593534561815,4.087290052219396,3.705660769032491,0.011850113694782503,32.22230112565608,560841.6663113636
722,10.45674328365791,0.022394103195011016,10,0.8806603133678435,0.05061989275511953,0.042750281486680676,4.168168893598704,6.127071822009079,0.041527667221644166,30.580276299877383,553491.4304189718
723,8.99937464098844,0.02135590764233139,6.778208034923551,0.8790450701117514,0.05052221056835183,0.04769097769539947,6.844601728476402,9.702693711063356,0.025324758709306592,30.332804003418815,440214.3527137092
724,7.754244162800208,0.022914001183897196,6.914740416917872,0.8779401147365569,0.050133994916413106,0.05526930640420143,7.204511365617849,6.700521920258759,0.02727379393630314,29.581955907488087,415321.97475814336
725,7.309203472459444,0.02503731823472378,10,0.8666312611103056,0.04977459488453604,0.06445571137558632,6.6033899347337845,5.815619978075176,0.034094057216842125,28.929230857153257,428742.88743056974
726,6.598967927752595,0.027450409079714258,8.401551770137539,0.8456706264615056,0.04986086441787205,0.06633283376189367,5.322894636338474,5.56023871008971,0.05881902678372901,29.16283066513867,420320.87572240643
727,6.139870353477378,0.028552933326951573,7.914943464034794,0.8134666854143141,0.04979690515338037,0.061775340849116046,4.846971001498597,6.276540467766894,0.051083458282450964,28.322538779644784,426178.21230774355
728,5.912891725283847,0.0301142959742661,7.601354821560057,0.7859868565201759,0.049399900314636,0.05802979450440053,4.132537292675026,4.202518623670278,0.12036063740534343,28.038759977851885,409484.8969763743
729,5.851441802819751,0.030382661685442663,10,0.768983860015869,0.04886584079140391,0.054507979580366836,3.2782940785490764,3.115683557730174,0.13574084742159775,27.652029472292128,407091.0255353136
730,5.776211872659185,0.03139037998654926,9.475409988415096,0.7625984868407247,0.04828003689741704,0.05134153156228248,3.399207076683413,5.2278873433830135,0.13973045508870546,27.13501048162464,409486.93437106756
731,5.905597644669923,0.033592456087626336,10,0.7611195352673528,0.04776688147269427,0.046720286943317105,3.748113123586511,6.818931741424995,0.19342046351442263,27.510052024592884,392848.8104546025
732,5.954129840242073,0.0339458300406991,9.573904029806073,0.757696547806263,0.04759191551150498,0.038185911098991165,3.905967460397882,4.143676451679479,0.46392416079605364,27.159151089729043,396703.1567272323
733,5.99772368392223,0.03152735741622557,8.796612726793644,0.7592812776565548,0.04784050897804457,0.02624390098715896,4.456286589791423,4.7749909528302314,0.3629916892182095,27.373723401856417,385428.9404367586
734,6.032095022746024,0.032393839893482074,6.404467646248593,0.7710749351978301,0.04835308056353506,0.014168314748266067,6.821414690981133,5.061947580843777,0.3466776955999153,27.218770068263378,387641.8613827398
735,6.038626133013731,0.032150114522497414,7.855692511659279,0.7875953313708305,0.04880132093909461,0.006930611432105106,3.4202023002327406,5.908856245887424,0.40040178778293395,27.43811003938891,384817.04040699
736,5.981968296443325,0.030964554292962045,8.431902025706092,0.8094188591837882,0.04919635639939818,0.02155478118578925,4.29075871753333,5.240614064084144,0.3864980586936217,27.61606347852789,386197.85632678645
737,5.985828642419702,0.030929249890228723,7.716215956788749,0.8372952389717101,0.049809125541122067,0.03671748818376897,4.537149977291232,4.953829832144055,0.33250968275859055,27.288188574173184,378755.7468390478
738,5.939221765675658,0.030582892177632614,10,0.8615891405940056,0.05053864706259828,0.0461242560805365,3.067216106795903,3.774413192122301,0.3828517085449176,26.58446589339303,374423.00209491205
739,5.748537310346547,0.028203275060189607,9.304191847500894,0.8790402776002881,0.051503930201256154,0.0518138149940096,7.657921849530256,3.569099246132793,0.3937675057184339,26.313830637622566,363488.9390625145
740,5.67999031079706,0.024682499399858192,9.8629686916637,0.8858668562769888,0.052715396198644265,0.05627879837672015,7.6533484389697035,7.492069826235214,0.3659754983220535,26.1847788240099,361646.23021566856
741,5.565998915814227,0.022536377292863397,10,0.8879249060153959,0.05382704842086353,0.06060035493456752,6.040614724719269,5.662005467339291,0.328792523965717,26.033997077435597,362029.4037266243
742,5.613662684002638,0.02048001256207592,10,0.8967935523390768,0.054826770105756685,0.0564697816847119,3.361936757771089,4.6151068241444975,0.26534420664231523,25.524379225118032,366319.5023496061
743,5.66736569278882,0.01872040119679228,9.03080794933412,0.9025760284066198,0.05578021027705477,0.04838091564792094,4.833903842870047,5.028374787087351,0.16966197568082889,25.609177621367667,355521.6024545957
744,5.752407965766173,0.016733184043737286,7.407564705794558,0.9028557285666465,0.05638084071302651,0.04811876137629729,5.306080624788662,5.065218682038964,0.20442882004866142,25.322508826599833,357361.8850879301
745,5.865269900607949,0.015382577824982698,7.6294597828157915,0.9014353755116459,0.05652953779200159,0.048441720364157316,5.466140302039055,4.176743428890781,0.30241053883604313,25.575522587025123,350563.2186080311
746,6.008985631311681,0.014531256632559565,7.789035775001105,0.9001765501499174,0.05642640877807264,0.049472019394831916,6.050693668259989,5.435285220393537,0.3902207668548786,25.248117688222322,359397.70464625716
747,5.962500629535179,0.01596560397168705,7.6745576121764225,0.8954498824477193,0.05620239749998232,0.055157474375773924,5.591948824600832,9.01780248295686,0.4170403841053004,25.572698137140247,340311.93764962745
748,5.948204007947116,0.019574147475917007,7.741432962455184,0.88694355905056,0.05625692597804028,0.06690890851167913,4.944645462159648,15.166121049799766,0.2584701427941428,24.489519557662323,324184.68421834166
749,5.876404845692773,0.02369846915756338,10,0.8754611396789549,0.05690695886594968,0.0728765813837929,3.60537648360927,11.347828157553067,0.15783668302573048,23.211986273816468,317766.7065451722
750,5.356787520782529,0.02478668925693645,9.270865441903526,0.858464334309101,0.057885468651173486,0.06773583129951478,4.083830466982003,7.107065422897939,0.1375868576191796,23.62625796056349,262074.83051161206
751,5.204844548481742,0.023749402490580402,9.82306216239246,0.8396772927045819,0.05919508724331143,0.06094218462294332,4.5447742257824,6.864922682689776,0.11566236342929886,23.35753589103162,264306.84068847017
752,5.311559213638984,0.022849306949226374,10,0.8238289758563038,0.0602243013532751,0.0620864369280023,3.506436235044869,4.870916487560271,0.1318069269902095,23.787686908596793,279022.1564190256
753,5.455260006790773,0.02286458383655222,10,0.8206886366009709,0.0608975439939202,0.0653654486524435,3.8050824387454694,4.950523763453713,0.07597544502568086,24.181652937726057,301593.13583327277
754,5.457705229955728,0.021705998647778044,8.437610549127356,0.8279858732223507,0.06141895200778707,0.07761475499379371,3.787797967863731,7.227704831952012,0.044681834472739934,24.492818595716663,298706.89359608915
755,5.3833681978216905,0.02022227360893109,10,0.8335158020257947,0.06168473783693909,0.092824752323233,5.358886781859159,5.63198854574417,0.046720327447977425,24.22284765307866,298791.15900277713
756,5.204864749988223,0.018790213989934336,10,0.8434796220064161,0.06168402010473783,0.09891693026438304,4.427905497671853,5.729862906755404,0.050409250682217285,23.834851048600854,278942.8824432981
757,5.149033470849685,0.017195120803069206,9.590352680731867,0.8557871466875074,0.061400448811630565,0.0973242059935817,3.3497262077382404,8.389712309499576,0.013421117239740224,23.603671499373423,276610.63324334135
758,5.137720694028596,0.016100612593730825,8.430233917179486,0.8750699794292447,0.06089553121428284,0.09133198615935673,1.5161855715013104,7.372908245498699,-0.03676343692117411,23.402389832087827,274505.70206162863
759,5.070475562998906,0.013236787779365392,9.23996377990234,0.8875282800197599,0.06041126350640197,0.07664933801952442,4.385003028619357,6.499608473350435,-0.08039507660584563,23.398569048075572,281670.1692678483
760,4.946837738709115,0.01144555288760935,6.4096380055108915,0.8970635202527043,0.059758423779822586,0.05911758902859437,3.5966677073801616,7.601936959596109,-0.10743535317270135,23.94494496071774,278492.90355099394
761,4.95377060182249,0.011612516373697559,9.823511306135618,0.9050951057672498,0.05876001165754482,0.04814453213048527,3.887424889214459,7.688348740600561,-0.11276175544743072,23.740046155174877,285741.4734886062
762,4.848253145913502,0.012173057817195413,10,0.9110309737920759,0.057290198278906745,0.039775937322517295,3.430147052199963,3.414874252335351,-0.09103898033353568,23.676998549760576,284118.21590252867
763,4.6026111390051065,0.012207524002806096,8.389877316522156,0.9170739257335659,0.0557136911447171,0.039876293918787706,2.9946973516975937,2.81772444327912,-0.03455479899309767,23.410216115670213,280934.1172752572
764,4.2381032549892454,0.011981890189345448,7.900141194158984,0.9237954390048978,0.05409579920358237,0.04639492051235035,3.8697996316444794,6.403574002338445,-0.007050902557635609,23.314483508401835,258624.22582827517
765,4.059168812735417,0.013526824972043772,8.353029927503119,0.9223324531316756,0.05235704704396651,0.04450211809020409,4.19352433814651,7.637365114236081,-0.01475294781864729,22.707564912000006,258858.48445464054
766,4.025113741581008,0.01407633430912645,8.578449979541197,0.9153541103005407,0.050629474409871006,0.04752878778838147,3.918282638300173,6.484301167296383,-0.01704070104689196,22.514328863021337,251741.5614315381
767,4.08756374988883,0.015448272036935618,8.222638140892887,0.9081665891408919,0.049381522158729575,0.05346041859466304,8.076964907176613,5.786965505295425,-0.03589305775850542,22.502820646235662,248307.94590372348
768,4.179601863071691,0.020542762622865304,7.8405346971305505,0.894718950986862,0.04884492074050186,0.057588010043767235,8.014551418541595,6.329572800815913,-0.07664477053934361,22.70266513435667,248380.47578457452
769,4.281990512822234,0.02269601052928354,8.943592125126292,0.8806879433989522,0.04895463193090447,0.06228790451040891,5.120014255764663,4.1190011769023105,-0.007044013449819935,22.444532975698916,253883.58713828586
770,4.266623071750218,0.024633048039456002,10,0.8696340560913085,0.04946396801091686,0.060053175697722255,3.5880515467790612,3.867433960592736,-0.014068877768638407,22.669433664410672,250477.78938532918
771,4.2184377796373,0.02557826302418993,10,0.8625852265954016,0.05039402263176763,0.05625654867848162,2.0114444207113094,2.7923530908330854,0.08102862091458202,22.42631541001849,248563.78684697102
772,4.240326830349989,0.02480901858135469,10,0.8606321012973784,0.05175242851323913,0.05180964484824213,2.8695016066971957,4.515570622574087,0.08952771561487974,22.4879084092244,243967.88225244108
773,4.1593729739496625,0.022843143754130105,10,0.8584174075722693,0.053487129304306345,0.040817336166932304,3.0697740051281333,5.462257461783457,0.1053230849604205,22.08589349975203,240494.00162497463
774,4.032907809591931,0.018773470469464582,8.958667200706314,0.8630598229169844,0.05557983221820264,0.03336861670361399,4.394019536018449,4.891172362311121,0.11688682195931904,22.015387597004676,236059.75175875679
775,3.9209968605034797,0.015009959766875084,9.933612196000446,0.8707687637209891,0.0581564468992046,0.027880729852336365,4.963803836332346,7.718392055418382,0.1545396538826157,21.740111782578023,234837.25485816546
776,3.785805994751446,0.014935531125843435,8.946754860039109,0.8735615393519398,0.06106192682383083,0.017490944573546205,4.1275441093404845,9.129596087742607,0.17434063508212022,21.255699257315282,232567.38537678553
777,3.6122688632265088,0.016287201541556356,8.625313345580313,0.8711443251371381,0.0638280000989026,0.003907804657051877,4.495512236574999,8.866408703853846,0.1502023591435014,20.887965290648342,222768.95556031444
778,3.5256099007460255,0.017393847576488913,10,0.8708502319455144,0.0663976346327651,0.006285753215894593,3.060906291021648,6.9373508291828125,0.09135377526076692,20.60700108555172,221627.09558584314
779,3.5030936439144984,0.01708272151757326,10,0.8755298730731008,0.06852967865808968,0.016754258336502348,3.0875333787343857,6.126314742066293,0.14014641016601048,20.993557550624615,214145.31032007074
780,3.4119730463111004,0.015421328227341689,10,0.8850653290748595,0.07005638865822222,0.01897526443570135,3.1411522120562068,5.251095678236761,0.14966365987143848,20.927719168347288,211953.38524962132
781,3.330186282587594,0.013664163659118126,7.963497910819821,0.894677865207195,0.07141171381407872,0.014181079642554271,3.6745120325361356,4.740215520718202,0.14851336322570383,20.177281262170702,203088.81386517378
782,3.263516440504221,0.011096889429137993,5.971936308559077,0.9011797755956649,0.0723231146936064,0.02225566483755917,4.627207972871177,7.257374347111631,0.1509630848877327,19.26358094422246,198032.6013412481
783,2.9997181783198026,0.010560790588163204,5.295183595016088,0.9070752373337745,0.07276234471090086,0.045451792962942786,5.091394519491205,7.029672325691132,0.16021210498858843,18.625485856288254,174108.641573036
784,2.718614151319239,0.012804520739700401,7.869885161503862,0.9108634388446807,0.07291757274355619,0.06876649555492463,4.684720306195515,8.038763296637875,0.1786231379546402,17.65930729430193,150516.54631025533
785,2.673209558799488,0.014956683318759444,6.793370493902774,0.9271543848514555,0.07282161659867771,0.09340417347417827,4.226748023010029,6.359146798492699,0.1918313589461015,16.660829796597085,143087.68792822064
786,2.6304158462692944,0.01837505841096261,7.8301536258886735,0.9383020251989364,0.07269501278984736,0.1216564455696065,4.183049201081773,3.6525190583078126,0.18339482730595857,16.1426072414855,132957.22139536985
787,2.5904753168894326,0.019768270913263802,6.831641074055433,0.9401974499225613,0.07255057134045513,0.14102751258999977,3.5833795718079573,3.2793787680149658,0.22389010030066633,15.997074186548437,122561.82008723269
788,2.558275340848286,0.019717376590879278,10,0.937164308428764,0.0723914060088833,0.15109993051666532,3.9776076904027833,3.0474884651220853,0.2942433165436131,15.3646489375298,122053.26154544634
789,2.4777514605232738,0.019399275677305455,10,0.9343146437406538,0.07255948753138328,0.15620577649014208,3.1951372151193453,3.5113507828529853,0.31206882033735706,15.11423762837001,111474.47771715373
790,2.3986780617340235,0.019283493432034005,9.798267706219576,0.937446377277374,0.07306768191920755,0.15652439313058508,2.7619505317308297,4.443038880465525,0.346999131952112,14.586017609881134,101376.46966356706
791,2.2646289912745456,0.0185892543994846,7.783747216157558,0.9461794650554654,0.07399967591376558,0.14918746669200744,2.4881403882178605,3.9283868912190605,0.3822558622058528,13.64439587796791,99219.96918264935
792,2.0797505907230494,0.01718864948219943,7.829883832948173,0.9550611019134517,0.07555804151936216,0.13389280365771042,3.0372304917565076,3.0985883435629624,0.39265277542047194,13.449729724470249,85657.8056767794
793,1.9343959064534817,0.015950665640787134,10,0.9613403946161269,0.07780492427665787,0.11943460787225438,3.3491123342644182,1.73878114720302,0.37949503988829303,13.1022604085635,80180.1298945334
794,1.8620609689307148,0.014660564815824657,8.44608997710715,0.9658259367942807,0.08016379889207931,0.10596965870384976,2.341081450543209,2.5324384892506875,0.4195845032122841,12.724236722820056,79937.23094847922
795,1.78289165502357,0.014236574541105168,10,0.9680433851480482,0.0823403035097903,0.09372293051645973,1.1528162373055082,3.4806464681183984,0.448243843264645,12.56654878407245,76178.56987180244
796,1.7181044762386901,0.014093090103769699,6.3956639820411985,0.9702761849761007,0.08449079407792935,0.08651719792175536,2.204471547007714,2.3536833732451075,0.47870780365786103,12.293601768940702,72297.2668849794
797,1.6896829952995813,0.013141351752841056,8.72389394044347,0.9725075903534887,0.08676836687394503,0.07578221505373949,2.1193822523371804,3.736183211969199,0.5305881831180024,11.907673366206485,69196.81416331399
798,1.5510346479398336,0.012235159460005486,10,0.9735377424955365,0.08870088927888997,0.06707654913079107,2.5375758628310665,3.0648985188272433,0.597690016257167,11.37501271409692,67652.07702923115
799,1.4128566404741585,0.012499706748841061,10,0.9755384248495099,0.08975670434218408,0.06240007905608234,2.4128411929529356,2.13264048221092,0.6664825009485342,11.083791749801291,62677.54431427643
800,1.251999722704953,0.013391366815590612,6.902763660293514,0.9835014063119885,0.08991392848421133,0.059313264019176005,2.4321308530580996,1.4836022028442089,0.683963857929352,10.918947049777925,55555.232134514954
801,1.1561711000373183,0.01471753198365302,8.04389878164237,0.9913069608807563,0.08919911130116466,0.056128457623981436,2.325738537310149,2.374758323327349,0.685393346459551,10.54520809873421,53663.12148036361
802,1.0991477477011267,0.015606775788745147,7.891791396632585,0.996116970181465,0.08760194304321484,0.051778863747322545,1.7745477333171105,2.526571781364541,0.6986949507306275,10.398698095363601,52064.67983417399
803,1.0139660421694072,0.01619021315299217,9.767608823281794,0.9986215007305143,0.08544607896137577,0.04687551956951554,1.4007733715661503,2.8196191590436204,0.706070617837071,10.086006290102548,49905.84353929202
804,0.9449162577355421,0.01615676481686153,10,1.000974575281143,0.0830221754444274,0.04602786336443157,1.4806101962501426,1.682793147124218,0.7321110660949267,9.777904053824757,46943.54612987404
805,0.9093100584698263,0.0154871208285245,8.967502839948192,1.002756286561489,0.08053438915271231,0.049122642726165955,1.5906314611529597,1.3228853280284616,0.7251127248860756,9.45326080974889,44656.878562939426
806,0.8795172592622928,0.01454470583197841,7.621102922905819,1.0008804193139076,0.07815063599897817,0.05677254368363566,2.078273528913916,2.3746070243188946,0.7276817865866229,9.277100376983947,41082.553959679804
807,0.856510692669296,0.014034337204917549,7.84334414838916,0.9980132830142974,0.07603495080286439,0.06580027834703985,2.1229818730341425,3.0916344718214503,0.7045875905803162,9.129403456496004,40437.59757718079
808,0.8164308885723698,0.013825295785751736,10,0.9973003056645392,0.07433442060139003,0.07356117013321929,1.7738198522526707,2.71844775834287,0.7339910118336359,9.073575646986065,37737.387811779015
809,0.7895546267514953,0.01380348414438644,10,0.9978282341361043,0.07294212928940733,0.07941086629395938,1.2140278908831783,1.0114318614730402,0.766551028862579,8.77607396975894,36348.95950441343
810,0.7602321317255625,0.014801513461360962,9.709492129948607,0.9973501005768772,0.07175911236099598,0.08422590148554283,1.192841112710153,2.216457690715763,0.7702787402509994,8.401704437601616,35689.4733992237
811,0.7209564744846639,0.016121214427519025,9.450900446624363,0.9960543662309645,0.07075579577124187,0.08564047204801276,1.2285997429530002,3.1257000283182306,0.748792248741444,8.226403819367427,34763.33745176591
812,0.6856321535744885,0.01761334162645038,10,0.9955356615781782,0.069881265478907,0.08478583631903958,1.431671187190838,3.2563377272597362,0.6975497074367897,8.226534484115364,33319.18900978746
813,0.6372290675659107,0.019212044785880487,10,0.9942288944125172,0.06939839203328753,0.08216385939085323,1.6324061869050648,3.164407871253277,0.6109650585664783,8.08633873257504,33385.48235586384
814,0.6178012064772413,0.021779237579751753,10,0.9924380004405973,0.0692774804561661,0.07818205992505935,1.609858400916043,3.1952756550235755,0.4643770535936814,7.849256954628611,32617.13493876411
815,0.6053030933274067,0.023748121982451426,9.913354004294503,0.9912879407405852,0.06937289752736789,0.07364044395776936,1.3721536160311483,2.9076664845322915,0.2840728494227995,7.7948358036117735,31997.100836017467
816,0.5970412409658178,0.025363282273448622,10,0.9913242071866988,0.06966598373743373,0.07124484079973183,1.3529414834091829,2.2982707156369133,0.23360521512596957,7.7950947758333795,32018.931985572355
817,0.5831470027989343,0.02681324295253841,10,0.9909289315342901,0.0701724730592845,0.07214422957316148,1.095195407805889,1.9460739596472687,0.23428605472640837,7.807472705822049,31462.23073051155
818,0.5855659158765341,0.027356275904884486,10,0.991022633910179,0.07104293819738627,0.07419572605298844,1.1511576949144706,1.1239275182688366,0.2792024656158178,7.653041628367848,31450.156157616886
819,0.5927771449661905,0.02651971759202227,10,0.9947655892372128,0.07233137419910525,0.0759589214912658,1.28304017987417,1.2160750775445948,0.26459352830332483,7.577972507306069,30908.62264447662
820,0.6036739012809547,0.025142219165371824,10,1.0003219801187513,0.0738453053637487,0.07908440144697441,1.4466396811052498,1.927370181977588,0.1846032308156453,7.6003822686467855,30587.035566344402
821,0.6154906060077706,0.022702953238963028,10,1.003324073255062,0.07542446517774322,0.08262804536482689,1.464359373171083,2.9105770764040195,0.10673969167457757,7.533355507452291,30769.945190520928
822,0.6182996622135345,0.02080860920718388,9.831481932145017,1.0028080555796621,0.07689560804473075,0.08360122561248,1.876049577742743,3.1894563735455748,0.050366432831180315,7.5087615919562465,31072.338406755636
823,0.6110308231095779,0.02012388863396332,10,1.0020720642805099,0.0782200267950683,0.08117636741200523,1.9968070024813862,2.2256179376656835,0.17328346289414062,7.587566773177929,30135.336080313176
824,0.5985002214236125,0.020016464962649982,9.755478043905441,1.002685319781303,0.07942745506677022,0.07627357720079096,2.1173198738027352,1.7074571967850791,0.13577370492750093,7.4656334912098234,31425.164045725898
825,0.5941284124066486,0.019882043648000332,5.888027876417315,1.004996562004089,0.08045520241603309,0.06929613392309784,2.151045338386039,1.507373988712663,0.16327768940703513,7.56575394482009,29400.764900396232
826,0.5972189185151372,0.01940355825405817,10,1.0073807302117346,0.08115890511386716,0.06262011623408234,2.3058721133480864,2.749914330723853,0.18490228601471542,7.446422465466205,30067.865856890687
827,0.5911152945189435,0.020196270343795647,10,1.0083155477046963,0.0816062345113929,0.05940675885937434,1.9291211753280764,1.6477738464466836,0.11964702868778249,7.497174352433772,30169.803079002002
828,0.5683519127253708,0.021961567403823476,10,1.0084431666135785,0.0819071645908141,0.06081313823953603,2.0561169890256723,1.782699855373764,0.030675878537627443,7.637051909421192,30135.50435245973
829,0.5466285274948032,0.02373444270136596,10,1.006356209516525,0.08219390120117913,0.06332829024002665,2.3143845258052296,1.4231707933828255,-0.01923169993433667,7.753866492459769,30178.763149740993
830,0.5271253292334769,0.024482440996124715,10,0.9988414087891575,0.0825225836772465,0.06535800826333846,2.7709116178035096,1.3372887129269895,-0.06307412801266417,7.6411100438856705,30704.99214584558
831,0.5096950742026847,0.024599073494910362,7.528551564447523,0.9975425267219543,0.08285898693423027,0.0683989365312163,2.5564594664437004,1.6422664891232652,-0.12173136622183295,7.582897878947703,30720.894178783637
832,0.49611324690230013,0.023898547083821345,8.079299443740362,0.9973888224363324,0.08307661433747565,0.07182962660135532,1.774413956936454,1.8405051890943755,-0.1252566111658435,7.574361413575538,30918.465275975836
833,0.48675530945938716,0.022522483964835017,8.531509038789775,0.9923395296931264,0.0830817005307613,0.07876328302847795,2.4770788030476676,1.4723416523569948,-0.14894627436733618,7.574567592993079,30523.312664328227
834,0.48626294468964576,0.021306699074394034,8.83680307357362,0.9836972427368161,0.0828776629730725,0.08681703562280389,2.5407050395517543,1.5621066900838054,-0.1986526122446035,7.48601989526416,30138.746782633403
835,0.49349485797955084,0.020632465475178885,9.657722027578368,0.975997279882431,0.0825440050189574,0.0929597294683783,2.604008571454913,1.0477081083388962,-0.28318115624022466,7.401608078851098,29389.11147128122
836,0.504175637836267,0.02058029330954163,10,0.9678126096725462,0.0821438397087232,0.0980765969599958,2.2940151845709336,0.7275210794520135,-0.3265440401050599,7.429720720983401,29868.898204023182
837,0.49841482341260473,0.020736338181017937,10,0.9613062328100203,0.08184267200336161,0.10237797256024952,2.100129878430148,1.4649021194124887,-0.37447499500059195,7.457160888555082,28918.662113585775
838,0.49593625361741833,0.02122693115814942,10,0.9588028189539908,0.08179667988040328,0.1068572596075043,1.9742301689861645,2.2655171751744243,-0.3716270599250072,7.373788808719509,28477.840717471154
839,0.5045138509606149,0.021976905925602183,10,0.9631961607933042,0.08203899530121314,0.11099144655597837,1.5454210932824575,2.6262808267622857,-0.4652802928226951,7.382424254698493,28320.519287823045
840,0.516343972122944,0.023121381779557307,8.014371828058948,0.9713109752535818,0.08260124949715204,0.1112710341211084,1.1427220891013359,1.715629924613022,-0.4294530863073461,7.4248006361623755,27260.156295382472
841,0.5338638074125415,0.025010016213810667,8.57212919653469,0.9806219556927681,0.08353898378814516,0.10604068511839895,2.3438352887544314,1.2868411073852357,-0.408567653984555,7.280886247559292,27350.645416341544
842,0.5326490416321774,0.026174991232761412,10,0.9866609394550323,0.08482350349790496,0.0995076833713107,2.7706840018766936,1.2334763230341528,-0.4087536883120635,7.2701795673879825,25884.787918940663
843,0.5451135631249687,0.025869870395745204,9.156504650201121,0.9890329590439795,0.08616018181818065,0.09411466878109655,2.4759684801945245,0.6810088135055132,-0.4289083619380955,7.226290871869537,26841.991524606008
844,0.5775858911334492,0.024860632619926226,10,0.9890012735128402,0.08720772535099487,0.0910526943121686,1.6208538542051414,1.9559347734299952,-0.41636503153410875,7.5126416194581545,26210.464056491684
845,0.6477184799535509,0.024346181275080366,8.176291690625764,0.9882573184370993,0.08785977736132482,0.08837121668314837,1.2066017716725168,2.5118612777852336,-0.41205700794702776,7.723414905711003,28283.405140305294
846,0.7120564244578943,0.02458623441836165,7.839724751137629,0.9895775920152662,0.08823605050616168,0.08406894492426639,1.9139855565099058,1.8720329756567455,-0.3915144719098341,7.815181987447205,31117.283588055576
847,0.7443635490553014,0.025757322495873508,8.035306737686357,0.9939889302849769,0.08836892240636292,0.07799129030033826,2.1988632589405324,1.4747526162824771,-0.39797844353450856,7.9885313012765495,32507.365990055958
848,0.8009257335568979,0.02773801294330495,9.715125195312423,1.0007237598299978,0.08835403395544725,0.07230190156501702,2.0628900586976107,0.8126590854421503,-0.4829435612291306,8.05523127284775,34740.57913784281
849,0.8878715140633037,0.02985111478271124,10,1.0083108031749723,0.08817427778555118,0.06787056176463584,1.5698583831528825,1.137512806008795,-0.5098618194019751,8.229729409858747,36102.56447725628
850,1.0239875317577474,0.030622834264916396,10,1.013112517297268,0.08787097103972444,0.0656155249136974,1.1653367912067485,1.4631090582421975,-0.44896180558125537,8.527542802155118,38304.47221291013
851,1.2095718778111122,0.029357014709371534,9.218947102681009,1.0136949530243873,0.08746183043131955,0.06667927682971439,2.1306225010093205,2.438957116004178,-0.3822453749364266,8.822489281657065,38929.3499108578
852,1.526785581938903,0.02684295887715157,8.30494249431455,1.0101265236735342,0.08682858556149038,0.07329184649861717,2.68274203251615,2.067651882564921,-0.33958444093677437,9.041021742333093,46824.87440260264
853,1.8243055449506778,0.024384363657599148,8.953330294010646,1.0035075294971463,0.08601461334585589,0.08217546980077178,2.939639013117936,1.7638393839939441,-0.3062329254784017,9.188009501894044,51024.55101966062
854,2.0250688539392767,0.02196790813302314,9.083931982755178,0.9945927748084068,0.08512426591537947,0.08868814545711093,3.157032630959379,1.5574593345503402,-0.2951708377503587,9.202909955787549,53063.51039527778
855,2.2459186430894844,0.020050763373972713,8.25798736189255,0.9868730926513671,0.08428002373072517,0.0937034572748963,3.3104896554319403,2.071175985251322,-0.21474130027273433,9.288501610602005,56980.925294460416
856,2.537064945488255,0.019269889988276237,10,0.9847795587778088,0.08362911354580449,0.09836589694388496,4.1184893184919,1.9052372956030759,-0.15193550344446521,9.36326508204183,58113.25181975116
857,2.9961112249730637,0.01915198501839565,10,0.9892849597334858,0.08336294375866524,0.10244022723663639,3.7853323627521407,1.3523552452623766,-0.17839433344841513,9.41070349383609,82227.5732268355
858,3.2309121678759753,0.019011919067783576,10,0.9941957935690877,0.08359655598787592,0.10084378678792076,3.673577330706383,1.6330435200816709,-0.16240540841551027,9.8185962275852,87167.07250104204
859,3.2880690988185304,0.018874042482496335,7.969225875718097,0.9928268817067146,0.08437643095119057,0.09328698775677664,4.757127937027077,2.6255334381779227,0.04253181449469645,10.167842666594275,95868.39144518701
860,3.3424967450222893,0.020212052403933065,6.023261778049843,0.9872711360454557,0.08557126337302284,0.08354190256025462,6.503547431381934,3.3054663089460252,0.3573700514094823,10.360841768734874,102733.57581709468
861,3.4102730431021975,0.023658200212064495,10,0.9813167348504064,0.08701052173693512,0.0770224757532822,6.336264179270174,3.9182143048452547,0.5408006989469184,10.5439208201091,104773.6235034881
862,3.4476723692022473,0.02581649203173544,10,0.9761134248971937,0.08850051628960517,0.07251796543745496,5.215552599248591,3.422206571720075,0.6022413949958225,10.742813065693507,106541.44157075575
863,3.464826572479714,0.02485347249536878,10,0.9731322383880613,0.0898836791230995,0.07136808462296927,6.734502319780578,2.1273595480475636,0.562677102016454,11.038634155872433,106968.08264144459
864,3.4752794718719127,0.02180361553250407,9.627462600679348,0.9741444373130796,0.09109585421570833,0.07319084176170035,7.854042021048781,4.108598087487974,0.6615258374503712,11.084451540692978,108526.50040445906
865,3.5017230547060683,0.019902529757138514,7.754903217342202,0.9786177602410313,0.09217528445876502,0.07741452650217447,9.029848266223754,4.5806206107070695,0.7468372982789907,11.071993339124225,108938.93054730026
866,3.524090224333462,0.020931342507849487,8.03802925343188,0.9806713673472401,0.09313305196016135,0.0802763706078273,10.159637250196747,2.9948615832719625,0.7215271877836501,11.188504916530857,109342.76814020981
867,3.549245134342966,0.0233204851966315,9.293327950656176,0.9840103211998938,0.09378687660684694,0.07844600599529143,12.117819718465327,2.7122582850390984,0.6560322382482697,11.227343524414866,110673.41714238447
868,3.587808070600022,0.02465999200201739,10,0.9903108808398244,0.09376371499384263,0.07714483387558074,11.924653583684602,1.4979216532642932,0.5276018872563715,11.368166733942333,112520.72809938336
869,3.6031952868003128,0.02418179903000514,7.567649391071279,0.9954430231451986,0.09290654524350701,0.07925648926273461,11.397841451293353,1.5774023566695485,0.4674584618838036,11.600703901138743,113222.56353263462
870,3.637999138648839,0.024180877347660487,6.564416252715004,0.9933358457684516,0.09127242451867644,0.08481993883169524,12.042069094562766,1.838048129091506,0.40686955598315877,11.74008861921582,114899.57377617805
871,3.6835993175949926,0.02477005701528385,7.7686582396030985,0.9880156356096266,0.08899401532277587,0.09109281838856693,13.756054743275207,2.032318645055964,0.3488122096057488,11.806298697441754,115788.46030320162
872,3.7271455032755503,0.025839366393335263,9.805185558802949,0.9845351457595823,0.08651571798148382,0.09778942171708169,16.05670018240961,2.1569205344381626,0.29585778360243314,12.006661732390263,116738.88793401541
873,3.7606321520201815,0.026936420575037815,10,0.9848885715007779,0.08432461728384115,0.10674966247684226,11.578867982979363,3.0804109374275095,0.29569093700785043,12.32237114285111,117826.72466079425
874,3.8072314350389775,0.02806810964741564,8.763673122687583,0.9822031816840171,0.08248338682268291,0.11829079264385038,6.2935040729554945,3.32233144862939,0.2834091159871443,12.438532538017897,119838.66601851341
875,3.837208818522853,0.029536597940001828,7.427334766714093,0.9781464529037476,0.08068073739533968,0.1280924993889696,5.311838625831211,3.60008607641492,0.2784280779449326,12.536184083784114,121184.5480009937
876,3.8885160964110157,0.031816556565547806,7.385364906339479,0.9758486452698708,0.0785782014200616,0.1329882259644285,5.3018245352645845,3.6778691355943387,0.24418591798752431,12.565389678567136,122364.16197163971
877,3.9508000346175143,0.03307257357708723,10,0.9729053297638891,0.07730965789230362,0.13025877605703806,3.7722155090615592,2.822294823186035,0.20483407249157462,12.758964395492056,122792.95652640304
878,4.013157371189476,0.032508081604980275,10,0.9697721958160398,0.07703368218416139,0.1208693381386621,3.8770126474065836,1.5916871729509063,0.168662133580848,12.849854293289077,121917.28712640607
879,4.03681716573281,0.03116984766128458,7.741997195030695,0.969718957543373,0.0774660769106715,0.10987932943589061,3.5987353579608103,1.707137108705386,0.13302869025028263,12.93090676858287,125600.62057386515
880,4.0260824666688455,0.03126617070567428,7.8725880296952635,0.9724950355291365,0.07829027502288695,0.1013328992993932,4.654119915446667,2.4816158807827784,0.08170618664352908,13.379832168598826,126213.3098286399
881,4.028439671310983,0.030488938813501374,8.46859633014002,0.9760658180713653,0.07927934336572662,0.09530631745698377,4.106379890376102,3.0496199625002314,0.06353428156466935,13.219972764727665,141176.02756388768
882,3.9332828852041883,0.031731034109483074,9.475146523422733,0.9807894778251648,0.08001157782025223,0.08694784087696812,3.566116384977927,4.4969754108539535,-0.02240325030394134,13.429388203250777,149835.59577511656
883,3.8048120423116454,0.03565253217580729,9.9502489359535,0.9833999454975125,0.0805466626808703,0.07257383649548323,3.41830644461791,5.171258456431275,-0.12964071202615787,13.786134981886855,145593.9645884964
884,3.8606607863330313,0.0397964099166336,6.917654605679989,0.9811106473207473,0.08075969867338056,0.055603207540367926,3.8940113919718122,3.3883631045090996,-0.19130128475822092,14.274943749163645,142347.47394983552
885,4.481609097221361,0.04287907522678931,9.844624652700176,0.9773895373940465,0.08053551991121194,0.03803040298736313,3.818320466184378,3.2916106690867606,-0.23177063396750358,14.496391286034626,178519.8014448862
886,4.953653737243509,0.044657972033269835,8.923906890071999,0.9737376502156255,0.07939936853378138,0.02307277220197876,4.3078724492850995,4.024677629650544,-0.2837092843863624,14.74535510869129,207075.9591273666
887,4.983391447833466,0.04658382084991293,7.13498885731903,0.9705603742599485,0.0772440887766535,0.02153867936383095,4.17183053412238,4.22004535424436,-0.3699468135763637,15.597563164566234,210250.6153680903
888,4.668539453893724,0.04983724104143924,9.05031435308392,0.9669427841901778,0.07461596130532079,0.03451610560971371,4.122732308481666,3.538722933771056,-0.441406434596861,16.422775025672028,202524.70026557668
889,4.571153462562679,0.0498732461753359,9.745644322774206,0.9627864563465116,0.07236890797580649,0.0437656424920149,4.962613201458336,2.572846966789573,-0.4413716749999265,16.53254345713143,208906.98416995798
890,4.682797588291956,0.045523879051625867,9.51333006231967,0.9581440109014507,0.07049841282028783,0.03740485550913707,4.757764062375768,3.2869966183174917,-0.44222978015331554,16.732230491520315,205731.64773016222
891,4.7612855910125305,0.03784419673285935,7.682145352889845,0.9547632938623426,0.06886596320268788,0.018363287326633587,7.347325863181656,3.0654690204814843,-0.443138923769927,16.833004700556636,208435.60254727738
892,4.761392707639979,0.03496415168400089,8.15116308294479,0.9517241796851157,0.06741696122553872,0.037697626392785184,8.324839013241977,2.8856547730972446,-0.4402374711933658,17.341924627090698,207518.19584674237
893,4.763993998646025,0.04202578762623944,9.890855442231906,0.9487935459613798,0.06619167443518176,0.06396271848504584,7.399065127259242,2.564553154967302,-0.4498789819510995,17.490975085663294,213271.9181635402
894,4.801724147073079,0.044541727380699225,9.450245549415321,0.9464610201120375,0.06518469088488811,0.08477232114478271,7.054340095885911,2.893614794343013,-0.46881946899773924,17.55546633919264,215212.26287441442
895,4.860999732006146,0.043960438873241976,8.339845381144597,0.9434076866507527,0.064251746037388,0.09874098324037976,7.222660069837346,2.031349909856339,-0.5241408303545119,17.875281442672833,216055.6999264854
896,4.937478660178298,0.04488785633445738,8.168198511429301,0.9365829974412916,0.0630838209883437,0.1080756451302043,7.590134927519859,1.811269419736795,-0.5283534025005124,18.265674206519808,216688.7448386911
897,5.045853600516021,0.049565684922528115,8.142518654934292,0.9307810926437375,0.06149039938484494,0.10297563869812072,8.043216803385834,2.63081108240615,-0.5412649441695548,18.382807619170297,218080.22053142375
898,5.12581466738247,0.05195402385353154,8.039176741394481,0.924176645874977,0.05964166936696899,0.09503363667445153,9.85657941057524,2.4762087318098347,-0.5082206074532511,18.402453706948677,219026.3559064453
899,5.196380295605683,0.05269533968877238,8.529748115570086,0.9155124101042744,0.05795797956541304,0.08374894964339893,11.207745849705658,2.6556961717964747,-0.4691866722738994,18.569081543577962,217566.75330521163
900,5.271895428093009,0.0521981182736033,9.371700800723,0.9064294689893719,0.05705105030179271,0.07230694763550759,15.527631189405739,2.970498556154057,-0.38263731644572996,18.61640381294597,218000.89871146536
901,5.3094347979038625,0.05258170845814978,6.914075675763555,0.8995897820591925,0.0570485757962608,0.049599246131347294,13.198465903794784,2.890577329602428,-0.32410898554110923,18.618131566488376,217405.38638451672
902,5.314059206974888,0.05395636211349941,7.853428950780571,0.8940188634395597,0.057780702732224305,0.024279145917602878,9.9185927046002,2.9299138267360854,-0.26488642022065995,18.850889928581594,217253.49111002465
903,5.287263704234979,0.0561365253311067,6.0187953545136725,0.893369853198528,0.058699173690065366,0.01631747010576783,9.235799821138345,2.8191406773128733,-0.2844053081005744,19.037791251574664,217636.664287136
904,5.273077490226566,0.05605078610088271,6.245590487775441,0.8979415777325628,0.0592740003067016,0.03709100926189893,9.294328718162765,3.25883485084292,-0.2710991698669212,18.989510968937157,219532.0196045528
905,5.228580458429057,0.055155248340907986,7.233095356867974,0.9025470757484435,0.059624697965517864,0.060305442822771914,8.753594508425538,3.444045304504842,-0.24806101244438816,19.197216661815716,218329.44438580086
906,5.196796760928439,0.05327120417072903,8.103650868063838,0.901942346692085,0.06031662396996641,0.07748656124337125,6.452618348003827,3.179509483026054,-0.23887534731816884,19.121607433518385,218584.212991469
907,5.12452899654225,0.056564288835535714,7.779765291498212,0.8964264103770255,0.061757218595931376,0.0880691646728045,4.6678503719903945,2.756881989328184,-0.24098306810011536,19.015139301344753,217327.17721198808
908,5.043062709619992,0.06149529535422498,8.954605127493055,0.8937462788820263,0.06262237373888253,0.09227488555597216,2.2433156301862187,2.5781677768299818,-0.28079350305568146,18.93627859087733,215850.40142327017
909,4.992527945147812,0.06846043547768206,7.616822853868471,0.8934701865911483,0.06264608645454546,0.0896528480795593,2.8429889303654563,4.430547509271049,-0.41882221924002105,18.946223236831216,217369.0991693737
910,4.942111504873253,0.07434082299454531,8.229834306489668,0.8903776109218596,0.06209685372376717,0.08095803916338683,3.7064698702739443,3.5350271020139843,-0.45644683810170616,19.034932468670153,213900.5547220359
911,4.921479922433021,0.07772168939731317,7.09956135305398,0.8875775799155233,0.06129939331352934,0.0651272227790203,3.4688183063614497,2.9007306543210065,-0.44490687648739513,18.831835930158988,215947.45675641607
912,4.875701086258049,0.08083310973790138,7.86315777581171,0.8833849760890006,0.06026876178803893,0.045910247748521954,3.080006707545806,3.0039341784575133,-0.39921339850769094,19.190637759119355,202326.00832271506
913,4.888277613658746,0.08545475596129898,8.551839528665834,0.878480752110481,0.059223111549904214,0.029637210322813877,2.4586569013691477,3.154125058391989,-0.3601375651002316,19.037789969321597,196214.27544670744
914,4.806957106140328,0.08782936364789255,9.989421136020276,0.8740426906943319,0.05815692734754523,0.020379452647248785,3.4424402019032527,3.505969539449149,-0.3664925517376266,18.786709321033456,195802.669437597
915,4.595425230010737,0.08464743611978236,9.690091414416935,0.869544813632965,0.05726514266251351,0.027488400368137537,5.194291057074766,3.0069839067617803,-0.3571275096420113,18.536917367562207,195058.62512454693
916,3.9284704029773785,0.08006439099039875,10,0.864730938374996,0.05660086887653874,0.037953693315873664,4.82518087792937,2.7595600587300018,-0.32232026556615606,18.46154481703397,158921.50653965512
917,3.426661292277609,0.07785970987455873,10,0.858058269917965,0.056638600305802686,0.045768707216847684,4.046220260349253,2.7380406166068356,-0.2748426377657463,18.423992674497672,126375.19696546145
918,3.407057972738406,0.07848763215489944,10,0.8524337345361709,0.05754102946050028,0.050011279056903855,3.520172996234947,2.616667570637729,-0.2235025936648974,17.7407761153237,127075.84456679969
919,3.6156181233408877,0.08258808785383566,10,0.8491767498850822,0.05843883028793216,0.052335730725437096,3.3973336955927826,3.2301944692529068,-0.2555326341384214,17.530801050588586,117065.56964989577
920,3.8904220335145587,0.08719676948440691,10,0.8555367270112035,0.058263566807502915,0.0546372699153188,3.0453650893613062,2.8125408925716493,-0.23144605687953862,17.488596356955004,132990.54325556516
921,4.014914045931367,0.08994397500227685,9.53705405725885,0.856903459727764,0.05702080741794852,0.058854561647042065,3.33458612666892,2.574634491523308,-0.2073398778570841,18.206387247277668,134067.00639803096
922,4.353033176049128,0.09395793048615964,9.211641595558259,0.8521613025665282,0.05508218462190073,0.06302172073154748,2.863909840268065,3.211470200336662,-0.22453093066573734,19.31865907441299,136980.87451181043
923,4.867482683516497,0.09969102740305688,9.294063840008302,0.8463496297597882,0.05276442081769531,0.06451743582427112,3.5561929411918407,3.094937627933372,-0.22476937600134714,18.955404402743046,155868.9890270029
924,5.333099042761515,0.10452679431543072,7.748060981873467,0.8455217298865317,0.050204300373517884,0.06469781267059663,4.336952269085454,2.6602140372239234,-0.21286828307519667,19.202423549211183,150388.3992818286
925,5.709095701870389,0.10472567585309413,6.692928067655898,0.8498083019256588,0.04781315952855583,0.0677461064906558,4.248577356815554,3.331924390426809,-0.2137803835172804,19.07774533907392,158348.83289224407
926,6.198359814253027,0.10255519895722509,6.047157019237286,0.8519108974933622,0.04635349470382396,0.07401971052300689,4.091388294267602,4.411649437459201,-0.21291489989483592,19.377295901364416,159763.62214337746
927,6.578099044526821,0.09946730550789049,8.469566575880233,0.8539235371351239,0.04612290483308236,0.07612606784000121,4.251848754806349,4.191523021166339,-0.2104160571917155,19.47408091849939,168141.04128234
928,6.891604044605451,0.0968324801151465,10,0.8594995015859601,0.047102237514123894,0.07056048131594472,5.666471006481178,1.9623995188254828,-0.15590933797447268,20.118480491994383,171011.146675149
929,7.055728480887636,0.09649254897838719,9.421753936547343,0.8631928110122679,0.0487882880961955,0.06198192640132318,7.393935565028668,2.2547923253708766,-0.14230908597005923,20.69115489120364,175926.24581799257
930,7.1697116804923535,0.0966314284782257,7.463347642708899,0.8585469129681587,0.050897480971592995,0.05610362440741561,9.264164617874592,2.407291295395369,-0.20155179788722224,21.07031261748752,179006.17263393567
931,7.313829439293551,0.09398076910528322,7.956001351773214,0.8477401995658873,0.05301933827781022,0.05171446027028991,9.847244490114278,2.9483935693741357,-0.20458153719547956,21.059620654785977,183192.51971963132
932,7.488221847831989,0.08589984980242509,8.385478233028095,0.8334747934341428,0.05536493972155633,0.05076892043852974,10.853801344352728,2.5001212767208854,-0.257437553790226,21.10068975568303,188428.7567705575
933,7.620520837890103,0.07563918195632734,8.02211425988753,0.8167226269841193,0.05799816281927941,0.052254449713227985,12.175642882490997,3.6635693679409416,-0.12101737368416497,21.347341527864636,191282.69631516872
934,7.722136303014229,0.06590339283602883,7.590644315313551,0.8177354219555854,0.061087902562595234,0.04414929575615602,15.422658640036133,5.125067271761041,0.21811745247109918,21.63409536843814,192597.13423436705
935,7.803429400643691,0.07063591318747217,4.3366600765733,0.81901908993721,0.06448371784622936,0.03165784136859234,17.618345762492467,5.751284048862685,0.4678752293597099,21.719128568455208,195820.36098563037
936,7.902188398964765,0.0707721038031434,2.7432109011758934,0.8186382070183753,0.06803277387857136,0.02177990174658604,14.648887856229237,6.938484223098703,0.5796884494265941,21.783570710347583,199495.89543046092
937,8.023827396279565,0.06823469287858394,4.193573442095357,0.8236492305994032,0.07153065962253699,0.017389254565889356,13.264397166322915,9.820560291208086,0.5926739478902359,22.221286759313507,200109.96425571473
938,8.13251330777205,0.06730348561651707,8.345283908532679,0.8281560510396955,0.07505077934603013,0.01621848674243649,12.672098170379101,11.225831175151807,0.5932643541497067,22.47233364314401,209677.18162910503
939,8.2020629609152,0.06762954484839656,7.618990774126626,0.8382257014513015,0.07849010587720721,0.012911151786471656,12.611881605414958,8.83339428578697,0.6372620462731466,22.735819646862097,216032.0034374815
940,8.259042947193555,0.06609914033590872,10,0.847362419068813,0.08187129102215533,0.015527481885736083,11.196138588236646,7.608673774938026,0.6506370373532628,23.145966363762778,216408.2749394701
941,8.416780104505104,0.06530353157651173,6.492610729996886,0.8549840536713597,0.08502043359119205,0.03570842959669883,11.087090580019078,11.057182803911003,0.6350462111374943,22.895293669061353,230860.45222884248
942,8.417313313468432,0.06400217114967773,6.112240411332345,0.859590725302696,0.08786225488243361,0.057978936786030645,8.367134525167389,10.055362458638196,0.5998566718440215,23.316608612884778,227255.5737200598
943,8.37430636704139,0.06182817746960771,7.44564951212114,0.8629508587718008,0.09049786827465325,0.07626956086080981,8.914931393558064,7.418634611773236,0.5938968705850499,22.98174909625424,234672.68664120365
944,8.353312388791673,0.058516747361305174,8.273252795886203,0.8690093982219694,0.09314919761655495,0.08190477836703396,7.792597580285953,4.237333105953498,0.5905760884144696,23.00223325538705,234009.97165875247
945,8.338506879923594,0.05671090313307163,7.1733349289674635,0.8738962560892102,0.09590361721284367,0.08576443178457102,7.388380148645269,5.048200166537801,0.583985003558458,23.000869710842434,235909.11313727032
946,8.260591998518448,0.054947391159502305,7.953019668623713,0.8828359448909757,0.09886103863510042,0.09326597686087156,7.550439086344098,6.408156612159119,0.5703739715783392,22.92515181056393,240612.7869652582
947,8.129774783404155,0.0552619692978516,6.777624752073727,0.885160565972328,0.1022437225049652,0.11066733807200313,7.533579184527667,7.130312119905604,0.5490793866864392,22.943951155971078,246059.91670842769
948,8.039092550399795,0.057090346818762065,6.526207197007785,0.887754260897636,0.10599552208057436,0.12739862324626292,7.222509951534565,5.909429686075782,0.529170396049984,23.106514382749538,247004.6111307059
949,7.879759129934118,0.06099505590825517,5.238937504788372,0.8843379476666449,0.10998389341319584,0.1457932110996946,7.4669606911017805,4.472724689642995,0.5175985789027613,22.9389739980686,251042.95661559826
950,7.614886143063939,0.06360227941897204,7.299942819339847,0.881976155936718,0.11426235641285304,0.15760600451809512,8.720352712213135,2.819445604113665,0.4904716264395243,22.69887840077954,247672.426737677
951,7.259467158253385,0.06703139208518048,7.855048512228924,0.8750469017028808,0.11881994587364937,0.16465800691792062,8.861901646407372,3.4296633607944242,0.4621289498251642,22.815291528669764,222163.246421475
952,7.0019276485817,0.06961170196135327,10,0.8707551881670952,0.12362513920757513,0.16728901970997595,8.387309808696944,5.073123616812449,0.44380496306344197,21.54938136926042,229193.35366517017
953,6.5902015723483816,0.07467380798567372,8.530385525316053,0.868766593337059,0.12860203534393883,0.17214543215983566,5.953554138011033,8.55969662035273,0.3692353428855032,20.81292199236665,220447.15380310267
954,6.135833559506681,0.07551767422780561,10,0.8665138268470762,0.1336484152125862,0.17113655829075997,5.627965969829482,7.766940427654077,0.2967392826456436,21.098070050010183,205575.46334681386
955,5.8311963757435405,0.07548151022741371,9.93655803776487,0.8628347113728523,0.138729219777284,0.1695145521639888,5.642402115247496,5.781052656902624,0.2593708081213391,20.741872615842407,211314.04921556267
956,5.604148149017284,0.07716260163528217,9.133575940436657,0.8635625171661375,0.1434016143468805,0.16536952613079378,5.511003716286021,3.9893978801433185,0.2621846672668166,21.053585610252206,204304.47240022733
957,5.285176771848547,0.08127741205467094,9.171811218762091,0.8626250731945035,0.14682774577546348,0.16211617055149524,4.7628468885787285,4.360583693253374,0.2582820446925829,21.2003841933276,205747.3199914065
958,5.012023043669338,0.08689317320469282,8.956775905744358,0.868432295322418,0.14891417902020812,0.15783008299881024,5.566555935865033,3.621178510445522,0.24076932306040977,21.262458698419625,201997.88369371736
959,4.723528075619705,0.08771255811110082,10,0.8696471574902532,0.14987339690849316,0.15275169091489732,5.334594239391498,4.404353215678794,0.23913100873921217,20.837676170724635,201746.0989916855
960,4.573353858392185,0.08687412444893806,9.091775206599083,0.8737866488099096,0.15033476490315295,0.14736893388627315,5.688679967079589,5.396172152493594,0.25279841005162024,20.337383864065448,195537.67110911314
961,4.480424303826475,0.08826191682050609,10,0.8768949526548385,0.15057592793522642,0.1477836884973749,4.599611516873119,3.8924535943052194,0.2992457441929068,19.778740628449118,194044.72738398146
962,4.321510239459923,0.08980130695588087,10,0.8834680122137069,0.15030519234719214,0.15657766023609837,3.8759548974105025,4.441578307589758,0.364021084901245,19.942252593082184,194819.81364485703
963,4.149747291145463,0.08973350249303902,10,0.8819846430420875,0.14889083184297217,0.16707470728241336,2.8449258920660188,5.540418873565212,0.41326199925105916,20.6024513498752,190544.58237762997
964,4.0786051885683525,0.0876772388875984,9.503480380722426,0.8765085446834563,0.14649745222331773,0.17589396102449378,2.7188821670870533,5.695538550604888,0.4721936356956612,20.504597707602684,196373.49854678733
965,4.033134791092902,0.08556925635257974,8.613652154790394,0.8684525525569913,0.14363381902134312,0.17678164874552976,3.5210069442094767,4.696486391533848,0.5820084678173033,20.05715363729713,201393.65883978936
966,4.023514666408834,0.08549686415494803,7.864323365511032,0.8654245764017104,0.14042095084477837,0.17294311465327913,4.053172381426469,3.8042178475776995,0.6307242194841606,20.461287566059497,207921.72871159454
967,4.173980792627469,0.08452413674703387,4.9830009159980815,0.8626564154028891,0.1369623524512153,0.17074089509828394,3.972100451875362,3.26922263683739,0.6019654635658395,21.329134467257695,221028.94208249307
968,4.680574239991874,0.08406501108067771,7.642078628712781,0.8590320390462873,0.13368731890967678,0.17167303479316406,3.9876882893806123,5.202076470598292,0.5135824998968268,21.930256481015018,238072.25208220637
969,5.7994854212473275,0.08434501322887582,8.113542982961919,0.8540713921189306,0.13078464843953172,0.1726562626705044,5.320981272528284,5.625821992259935,0.4457645732519711,22.245300939547082,331711.91071575024
970,6.273839169437114,0.08359476492104984,7.0947023682112125,0.8510683092474937,0.1284776819560156,0.1704160932921042,7.754087396272716,6.950790789178298,0.41990260209776403,23.22667798583379,340883.67500646354
971,6.38572194418639,0.08161402786820966,8.211730149124111,0.8490768080949781,0.12687292454471327,0.16037171354322804,8.57826335051469,5.865417244228508,0.24771288839738173,23.545652003146937,352776.5365998708
972,6.290508678693951,0.07566435123312208,8.524602747857747,0.8503975749015806,0.12603641090618747,0.14191850388277083,8.17750427076788,4.682628833627236,0.13938424053676582,24.043604110005802,349222.1300117449
973,6.305573821296471,0.06849512752808248,9.176068228181588,0.8574237084388731,0.12574202446134064,0.12265836737311414,8.460047655998249,3.0005681602653618,-0.008296180586546424,23.567424471418033,358707.1471724308
974,6.344354295254634,0.0633122950306551,9.910920162415431,0.8637434485554694,0.1258092137865305,0.10600531539764659,8.240400911952204,2.959066607767728,-0.046812144591892285,24.123380296321624,352337.7321835437
975,6.416696275532087,0.06127728527635299,8.168593673246075,0.8669810941815376,0.12610842672758713,0.09620718620148692,7.911372899452995,2.92110997054134,-0.09048717562603963,24.8215165861783,358560.75341924606
976,6.792711494912433,0.06179916097268873,5.778394085586095,0.8671369758248327,0.12635979250975998,0.09324048577884872,9.09524039351293,2.9579473830425265,-0.17719936965397018,25.66982914610096,363263.26125311875
977,7.2630985423240375,0.0610750349358922,9.565060905214,0.8650638154149054,0.1261372073571437,0.08487317363180956,8.025018812331606,2.415910804142368,-0.2632246197794153,25.725697708935815,374528.9617013699
978,7.768723413005489,0.059527588556706715,8.560499099250624,0.8602723440527916,0.12505891656873122,0.06682216244118355,6.910637991938976,2.9762802576137037,-0.29102136181460697,26.05486193742968,369582.42422086524
979,8.218337780651067,0.058602892374528,7.031256351152343,0.8564307472109793,0.12295168063250518,0.05320385503697501,6.069123089752159,3.798422905517814,-0.29014630866811253,26.06913324813357,380113.9059270302
980,8.813940617840256,0.05947267540465235,10,0.854584315419197,0.11975104430910082,0.057020581838481105,4.771190515947423,3.7544871630204764,-0.2350899142491998,26.530270853706817,374920.43117257627
981,9.466866307087134,0.06013682029176004,9.00601402772161,0.8491549557447431,0.1155815956131345,0.05800709104458883,6.249990878438128,3.3901494400013146,-0.20762916138897725,26.735555667802245,379411.4836712399
982,10.212185248708142,0.06039130673414543,10,0.8393834370374679,0.11064723976650673,0.05744145671746588,10.38641766605124,4.307924967389713,-0.22253102153839532,26.611852240213768,393047.37420551374
983,10.65419225268818,0.060813502017079794,9.38717942459129,0.8334181058406827,0.10530647139943332,0.06576297992228242,15.043569194370392,4.768158812021035,-0.16271533005472305,27.411962976463688,382895.65138122364
984,10.976169575565793,0.06460275847483635,6.930611794438051,0.8367089626193047,0.10051580022744984,0.08216264758533728,20.33257018674988,3.6928839824240436,-0.1823328175907208,27.629682601968575,381146.95905115834
985,11.2072334505162,0.06945641181088963,7.14288522797107,0.8479533755779266,0.09590347543226295,0.09962059730176084,14.34636385740195,5.745305643552701,-0.06764836729551571,28.049776403239413,383873.13422062073
986,11.400594613719168,0.07526695795984513,5.420627025479131,0.8535108906030654,0.0913943889163784,0.11976707241361678,9.507555492853722,6.244036126006828,-0.033191306375081706,28.419446212006918,391750.09457169153
987,11.617337740934856,0.07861815390717206,5.601309675748567,0.8544071564078328,0.08738881235570084,0.13943760333649383,8.454115647287436,4.285508034252178,-0.033612350517621375,28.674276804794,399951.9180988971
988,11.596431688038237,0.08112918070549241,7.748823612550235,0.8519905000925062,0.08397960275144192,0.15299019076124312,7.197877177356137,3.2099791652345684,-0.0418208739420038,28.558541538256897,400580.8280286587
989,11.591402760820776,0.0818344673232934,10,0.8535528320074078,0.08083779148318092,0.15991295207969636,6.534252640306512,5.304791240022593,-0.04688333812551838,28.491368184432858,401391.75920721114
990,11.651976578663017,0.0805506278691922,10,0.8567963817715644,0.07800757575651573,0.16202729208765315,6.931058809769677,6.666924150096531,-0.040373300250772626,28.41505784443907,406432.40611565456
991,11.747188917360791,0.07320817761317056,5.576922177058618,0.8596024224162099,0.07616355211121242,0.155161273133631,7.625177036472054,12.11357950483201,-0.032134463387487815,29.046559891307307,408585.79039492086
992,11.820075734129246,0.06396823222007236,6.1953771619551175,0.8653826242685315,0.0750460225349409,0.1408835487662703,10.971388074903182,10.23007940864077,0.043257595938295756,29.4364377767899,418191.2085262506
993,11.822505845320716,0.05962619872902144,9.079600102136668,0.8697293624281882,0.0743086426588192,0.12315064579531179,9.101114127454814,9.434093471260718,0.07643148574358467,29.7092687800254,414741.03812589083
994,11.794040147424345,0.05762647157649272,8.134464388649105,0.8736785092949865,0.07390454302004588,0.1017503932594059,6.778731474893969,8.541977257362992,0.0719752534977842,29.250538933681884,417196.51169754704
995,11.681539287063247,0.05848837012221579,7.66940846752066,0.8761964413523673,0.07364191501764993,0.07667423499895828,6.810301789040965,8.282022526408456,0.04527961192057615,29.11269228090198,424676.7765725629
996,11.615057849864927,0.060209741901223586,7.924684679484793,0.873552050590515,0.07321932084925903,0.04752873917057386,8.709377140398649,6.277603855512798,0.02197814227364943,29.874018132561975,422700.9017759975
997,11.730795623232906,0.059321496145138576,8.5160787159734,0.8687379175424574,0.07284212036462943,0.01997808340781823,9.165148181726394,4.2181383708016105,-0.02120721065046923,29.71308887658708,433536.8007255893
998,11.663362203980125,0.05648932449013793,9.109743202047092,0.873793986737728,0.07287036745786032,0.0051770757190079415,8.328985932997055,5.819895571831404,-0.025619365348750093,29.291137365408467,427312.86587513215
999,11.183527741538713,0.05237355435178238,7.045528379298743,0.8862973418831823,0.07301256177271993,0.02316222846167632,7.741841598681164,7.381109406413112,-0.031364464945939786,28.65803156402869,418858.6850693998
1000,10.130309830510031,0.04801238992666022,8.035742095184201,0.8880394795536994,0.07249389090872246,0.029674194019710404,11.070834434167262,6.926281107459726,-0.007869263947434516,28.79712448845372,320565.71955034364
1001,9.802677062443044,0.04598894279589206,7.831202807030369,0.8854161691665646,0.07094625710038657,0.030634411299682803,9.798135570486693,9.330593259972751,0.007748120077218158,27.916641025777736,316678.97818408685
1002,9.828192370917966,0.04757220099796553,7.600490526547229,0.8762711092829703,0.06812251834620857,0.036198840162224105,8.910954458757784,12.840167639890518,0.0021881428281783828,27.723031722246244,307040.142783121
1003,10.05270998280309,0.04790782296518517,7.665411076838593,0.8603173011541364,0.06434795746766372,0.036233006150744554,8.629268752177925,8.379622818560483,-0.007254084403692349,27.523546667354235,308078.65688743914
1004,10.283515505872595,0.05384748118163839,6.656735694169563,0.8385871642827987,0.060344189448736325,0.02526221805702274,7.901690269487229,8.853334134790828,-0.02824912029273074,27.691694111634554,308280.0029621832
1005,10.467383206904682,0.060744920863356366,6.217120159591633,0.8176742774248121,0.056397436571374145,0.01826862787102603,7.66236157532901,8.907537742404282,-0.05635635123947472,27.804880009201057,310933.5406967904
1006,10.741774751223003,0.06840788168443239,4.871730751507136,0.8085626855492589,0.05278830358896107,0.03904245319708397,7.853844625357695,8.973412845744495,-0.065930526911964,27.310102000485887,311752.17815422587
1007,10.705865295809064,0.07429646324486887,8.354797626901384,0.8011907979845999,0.04959388573369816,0.05859706891443172,6.7111982930517975,7.804699317656033,-0.09396513600659538,27.36206586679187,308485.37151285063
1008,10.712335153120515,0.0784008002331874,10,0.7964167729020116,0.046893796956688855,0.062014397472036895,4.800835768562362,4.072462311693145,-0.07882491865727216,28.196356513250258,307674.8962682392
1009,10.854074435526565,0.08160148161692529,10,0.7984015157818792,0.044928284451549824,0.05429507363921032,4.088199077588197,2.885833105631476,-0.035391968643435204,29.20881194694994,313231.8773187033
1010,11.759240417965868,0.084762295615564,10,0.8039184728264809,0.04409363384712091,0.045062386962700075,2.3583842120329788,2.789241149442452,0.01657121479060053,30.089426539130546,328291.6558246511
1011,12.158865936037966,0.08663824395489407,10,0.8124294617772099,0.0446161929014546,0.0439201626183634,3.360087730686775,2.9611127732191114,0.05880232767242881,29.976906321033326,352138.248747802
1012,12.50788481532552,0.09417136934763819,7.72630173612667,0.820224184989929,0.0467792195610602,0.046313876021071225,9.188499598295383,1.1604941830455957,0.058709736937476276,30.164342871547483,349284.6288121285
1013,12.399721205551284,0.10518989648455715,8.146048285207351,0.8148243245482442,0.05059096615908729,0.05831711660762438,11.209665128114704,3.1809172760113915,0.07011475759712027,30.848766661320408,336962.8623647863
1014,12.473120279060609,0.1069033526178708,7.9162938809627645,0.8146784409880635,0.05565350400737698,0.07017100368293125,11.824959570602761,3.9898993547022297,0.21207910530488186,30.3411752229881,346335.2756811071
1015,12.791808212166485,0.09646002990921183,6.57961970298687,0.8161300060153005,0.060554134969639906,0.06608385080141511,10.925567245217266,5.795822844359328,0.24823325010124764,29.8935141491166,355424.7547530883
1016,13.020876732150032,0.08242097920927513,6.395237366510454,0.8152662673592567,0.06547635056093976,0.0516439492433482,10.392865836565372,8.353045022391164,0.26786731818256865,30.094033040404867,361398.5145792651
1017,12.88803473503167,0.06933769599303904,5.437277602133782,0.8220124465227123,0.07058139562356994,0.03223117103409828,11.247347407245163,7.321829577026108,0.27702637690215526,30.65400044915361,352958.0226228051
1018,12.638499143354961,0.05934645068094713,9.078013776479784,0.8269087842106817,0.07550270104395179,0.022426216101603603,11.06443201301882,7.251151292894974,0.2670024185390931,30.413653789613303,354660.7990844393
1019,12.566739950522352,0.05168856023432762,7.7753203757585965,0.826830549240112,0.0804068978939109,0.028873382174493502,12.252265564559131,8.37799349933719,0.2718037543105849,30.11488022901267,352543.5441452416
1020,12.530947155105974,0.048182316870062074,7.373132645951642,0.8218613654375074,0.08572313672381553,0.037563612881468825,10.66754874250902,8.989222973886223,0.285859557915448,30.129457206998207,351919.6106944422
1021,12.431216283183327,0.049725720737016546,5.807755320081538,0.8154445523023603,0.09125832105781641,0.0501441696328476,13.64963478167121,11.127264189581481,0.39248372415431027,30.204226537986397,347460.42201287363
1022,12.275817079274784,0.053433379337671734,6.103755242207619,0.8180075478553769,0.09617976360179172,0.056134319620481,13.484717006873097,10.641506195110695,0.4187846924282328,29.914865327112114,352398.3404467808
1023,12.183191586839841,0.05612210861316176,5.434785750569657,0.8213765546679496,0.10058308628586474,0.05718079667898184,11.386675523396573,8.976916073205938,0.43401327964594416,29.89800720592474,345648.4734176645
1024,12.200806870346836,0.05622280816847237,8.10764732678933,0.8309291490912436,0.10505562009060092,0.06221975813600221,12.470152760187585,8.708171066682544,0.4668959377971881,29.595380101719837,354000.5779961973
1025,12.198348046309707,0.056854632791491756,10,0.8304119324684142,0.10991328977097896,0.07587622452210924,14.359174609854723,6.062717759435259,0.4429127530472397,29.642562580848296,357091.30155463103
1026,12.27866990053429,0.05742505481497876,8.942672242180485,0.8334958335757252,0.11511293690207322,0.09287356568330295,14.054198805888088,3.484227648475681,0.3537583719811772,30.065688705841787,345211.6906520443
1027,12.39434559015983,0.05767942228705782,4.889990824354521,0.8310443156957623,0.12029255014433868,0.11458256561834752,12.948952987299123,5.152615495633784,0.32362292808987375,29.39062738083836,351544.6184421327
1028,12.285829212874805,0.06198329383272584,8.197712741940284,0.8431052568554879,0.12523041235557208,0.13814222794665804,9.949873960540042,4.962710742737647,0.31561329689755996,29.57059998173815,333174.3276531853
1029,12.22478051896801,0.06521743939136812,9.646617738543982,0.8517375028133389,0.1294966763541596,0.16211574901598835,10.968001427851199,7.969965879418307,0.32555204414640887,29.25648051371845,331684.7460500657
1030,12.279113894516374,0.05632887182059911,7.347629118310003,0.8443138962984081,0.13310165751848527,0.17508178829182722,11.149548615467172,6.651040172180981,0.32404644453129033,29.204703373400996,332472.8661714045
1031,12.263834039439724,0.05582396938277481,10,0.846695263981819,0.1365663009528538,0.18226287735000585,10.341421262899969,7.4451870994041425,0.32964958027671915,29.00634540366035,334625.09711747145
1032,12.268177403263495,0.05803114655806473,8.843699982870605,0.8536079108715057,0.14045952104592396,0.18889080824121776,8.745564895387245,7.00143044395439,0.38299663966005837,29.084829255162365,325266.275907359
1033,12.305614962254785,0.06049956068607047,9.817209408020833,0.8637676197290417,0.14488157605473514,0.1887593081940621,6.76531639761709,5.7240021356994415,0.4002549340755539,28.688225335338547,327501.4235417337
1034,12.24888136336043,0.06554892652649424,8.173569434128167,0.8737735554575917,0.1491766007060936,0.18826310849947683,5.008617893411763,6.9510680826671365,0.402431609381153,28.873462522166072,317058.00064401614
1035,12.221363517042878,0.07045871252315347,9.032286578603264,0.8774659895896909,0.15261881518821704,0.19006562178406636,5.20792957279418,7.594845622992398,0.396838950261249,28.668023936823776,311529.0359278754
1036,12.280035100123081,0.07365367549049213,10,0.8857753697037694,0.1552635406245614,0.18985934222505305,6.139506544544486,5.410214126414499,0.4300974433272618,28.30784756011031,317195.35089010536
1037,12.366105493907764,0.07591274058416407,10,0.891903024613857,0.15723717216189043,0.1916071720603186,4.913256075089463,2.3380459332675327,0.4945298359952135,28.797949271587154,322124.2701570621
1038,12.667070105663194,0.0746291227349041,8.517806484527389,0.8947102817893026,0.15913466971876003,0.1951000721206956,5.325054088013092,6.0868923384414755,0.4660052027702517,28.928270587355215,330055.01371240726
1039,12.738761812865995,0.06808310082743464,9.150115575378118,0.8937295714020728,0.16109266350322926,0.20066294541885835,5.751933961598789,5.105058712978779,0.4319671842161558,28.25276503891364,331470.07454420143
1040,12.593116310014787,0.06371634434202769,10,0.8925063386559483,0.1631042552564427,0.2048828337309297,5.239269483030382,3.575865025865575,0.402200089679107,27.25497537057293,328197.50713849213
1041,11.526407891702426,0.06705917704072537,6.392301497201757,0.8853893822431562,0.16483494409963034,0.2062514480266222,6.7361087557577815,2.9273623350888083,0.3728741375643304,26.480020783456634,320404.37145988544
1042,11.00129577437617,0.07393162818238476,8.296332157372483,0.8819416597485539,0.1664236645461604,0.20448817312859252,8.693559442884027,2.3011908081430814,0.3906532649665792,26.988027187050662,299547.7293281921
1043,10.630995611504021,0.07784255460087884,7.620995218282235,0.8843980666995047,0.16744227590521665,0.19938760456930688,8.421310967442958,2.5187854706503767,0.43127973768264105,27.270850935200162,309383.96100603865
1044,10.765623218944622,0.07905053408350131,8.5391162864631,0.8862153100967405,0.1676248559616673,0.19057130056383725,9.538436500507846,3.2437248655793187,0.4553102598601777,26.90147247122164,333428.9563042995
1045,10.825793412789414,0.07721809848032885,7.780846553908238,0.8904647052288055,0.16689287352880358,0.18192541977702748,9.529903769445767,3.605180319607885,0.45130061093875495,27.60788672177069,336903.34778269345
1046,10.542988738847239,0.07397609918162978,9.370513303094167,0.889567629098892,0.16552442638894735,0.1734877972668396,8.988073729865238,5.187507519476355,0.45024506895387656,28.271994892368912,333338.6196736058
1047,10.209915890512095,0.07507406762189259,9.62500280833699,0.8947664311528205,0.16367714334259623,0.17233377212852308,10.700342856013169,6.089925214028565,0.44333931422168266,28.304239051828954,330834.13063561375
1048,10.099325071093505,0.07825639598037924,10,0.9001147449016568,0.1610810897791368,0.1693148763072442,10.652025997040061,5.544175438976483,0.43390775556407346,27.768442206344996,336169.6821714337
1049,10.050086470605002,0.07119735935927951,7.241880016143908,0.893065254986286,0.1576868578314152,0.15557198029371552,11.99620798097326,5.1311503201988735,0.3987152531188671,27.755622740175635,326824.5780277759
1050,9.978456999426257,0.06541378102479053,7.506333977514192,0.8920770490169522,0.15370145097793994,0.1355820311203205,14.860115781184476,3.4650293173171725,0.3089358089350829,27.73851520853698,334713.2898932611
1051,9.893510473399115,0.061796768915423225,4.51144778826749,0.8956444731354711,0.14935665190295488,0.11955010140814355,16.321052534173138,4.866419154767192,0.1917593594951354,27.88465469456015,336692.5078364019
1052,9.961932841820742,0.059842953685694,5.99289989551336,0.9012081158161163,0.14557968691754583,0.11132674729004785,21.11653415768081,3.0380857661032366,-0.035170091015672575,28.190598657429156,344384.3599773156
1053,10.115173232203455,0.055795606396994546,7.588880110707109,0.9091657719016074,0.1427882569292399,0.11495674388343868,21.0160820444154,4.090232079743718,-0.10751102126694782,28.50361547026365,351485.1418103954
1054,10.285762943043546,0.053398385070887566,6.298893860589789,0.9140420037508009,0.14030602396540362,0.11787860399752893,16.914588084454348,2.8765808053097333,-0.2094085905953507,28.691964687536178,364542.4876551443
1055,10.315154619668654,0.052933161503860994,2.958780070300531,0.913943868279457,0.13761999068379824,0.12457910248561896,15.62141794709338,2.8946722040715023,-0.27119046740998154,28.978625104981884,366090.6700789872
1056,10.399904799167453,0.05491519154848297,3.5432777599666276,0.9114514729380605,0.13447484331125795,0.12952757866092593,11.221553299160224,3.911556711803066,-0.25735176914552854,29.19630105987036,363462.26830227976
1057,10.556305796573778,0.05528546767963007,9.309336323902723,0.9076892071962354,0.1309435728541904,0.1421238995257346,11.650666585090555,3.24905297596076,-0.26884981373979744,28.573599750506315,368806.98368801095
1058,10.615934241070288,0.049968920625521634,7.627909422700858,0.8981335747241972,0.12741064541399807,0.14615951774909253,10.080272410144499,2.9177344006414536,-0.2618438043890043,28.800210346793765,362240.47693851264
1059,10.616559328812468,0.048590392098418464,7.002799983700785,0.8970703420042989,0.12425316575890587,0.14380220969662805,5.551143838827823,6.778282747442232,-0.3235798008676158,28.489500036995597,359718.7922698236
1060,10.551384988025951,0.05235753998640046,7.264972603634006,0.8963851836323735,0.12172287188695273,0.13942429359721348,4.074422178103905,7.944080270922021,-0.39490316410612525,28.409099382275897,350984.62860840186
1061,10.405933582176269,0.05692266523693415,8.257062190680907,0.8946599900722502,0.11993267885542151,0.1326599269562837,7.24674971032425,7.881807482351153,-0.42751705867657847,27.943919805755144,345160.83400226047
1062,10.250818772383218,0.06276871137748732,3.9412502101959275,0.8956823861598967,0.11877217523903866,0.12499710291311979,7.694304431694194,8.696350532820894,-0.42681434101496685,27.698942912255575,341808.6449741586
1063,10.066041148025203,0.06557608846176409,5.495257217165125,0.8929357123374936,0.11777071859707061,0.10841314777397612,6.342888369585313,8.705878458404706,-0.43715162299531474,27.586782806758443,342822.4488487123
1064,9.913590203562139,0.06730166258129512,8.28190711221508,0.8887582448124886,0.11688105156480705,0.08353811781469316,4.762944625042036,7.410958770793644,-0.4425150106569257,27.675762773141397,339933.1702031098
1065,9.767919314699647,0.06580846950842893,8.88546827564528,0.8865091630816456,0.11643005552295548,0.0647154960417437,3.3952960837870347,4.338382193270265,-0.39374065539413006,27.570497531469616,341776.1670239404
1066,9.59856267199865,0.06075266669261812,6.229304383740171,0.8892606580257413,0.11663134954037109,0.055376850459530585,5.5859467373882765,4.110500070870742,-0.37462721558524004,27.819746923797826,343289.9610637035
1067,9.484071492483096,0.05640105163106954,4.697426141625719,0.8895621201395987,0.11711818215009605,0.07277342767737152,10.697298842612136,5.082896972439877,-0.4345767989778512,28.06617935671654,333603.51095958793
1068,9.245926297502121,0.05888225974129255,4.90114172346504,0.8891116568446157,0.11741307763489288,0.10507284242283463,11.321954402017514,8.576672733913787,-0.3770199720722199,27.42477267188493,326450.17775973794
1069,8.812794593117662,0.06131952248668943,7.797040726680649,0.8846441242098805,0.11720548388810709,0.11815085024177023,10.119265621198274,7.211266938137566,-0.37147518957018355,26.793606244896377,317160.8368867023
1070,8.48732326018133,0.06439164032871637,8.191544919244418,0.8857967877387997,0.1168111551064584,0.11739591368909089,8.76178464433518,4.315186591322791,-0.4033116704887325,27.0443496002327,304203.60392304696
1071,8.273531876639236,0.06626577222688489,6.58525949995407,0.8812600511312482,0.11656377024913094,0.10738326518218065,9.465023474298107,5.203414863030376,-0.4447060860722664,27.26700678292108,302905.50622554985
1072,8.244930871977676,0.07335162934776895,5.550126387491104,0.8745040518045423,0.11650952078365648,0.0967820638575285,11.317019901542404,6.416905141178232,-0.47296794967563194,26.94536495242685,304334.4721535466
1073,7.902044740859457,0.08043588145369909,7.295074400808786,0.8689233955740927,0.1163027263360433,0.0949674224826299,12.715469803429764,4.7532832997131855,-0.5165450885793758,26.92685841744626,300791.09688627726
1074,7.2548213946395474,0.08310432112932056,6.6231811930976985,0.8665468755364414,0.11616948630523859,0.10150573526144885,9.479405913317889,3.451774819774637,-0.5189707206047776,26.097011554300614,325572.9761468832
1075,6.627007923740195,0.08699412619385637,6.179216231055005,0.8693618366122243,0.11626674604923762,0.11213219053328974,6.938597026501964,3.5307189074441947,-0.4943494212256552,26.532912543763498,314098.23441375984
1076,6.470913719316396,0.09070685521675631,8.33343681123004,0.8706923446059225,0.11675284551944111,0.12642943579955956,6.748244951340297,3.368991255264774,-0.4539684983030205,26.559656516660684,335538.0630759685
1077,6.925789946191696,0.09217933976385861,9.927122458256882,0.8697700721025463,0.11783222709255571,0.13751218515897093,5.959116438432834,2.453496585657443,-0.3900905077374834,26.692275437017805,388087.5009558737
1078,7.165677179476706,0.08567164424511736,6.496514501538368,0.8694130939245222,0.11979287779046209,0.14128861622751374,7.776390250479256,3.837206259807682,-0.3755107304052979,26.872756535172627,394446.01610764075
1079,7.3655258279133005,0.07893940270013328,8.49080549589988,0.8707963159680365,0.12284170750489805,0.14173519830707396,8.181674947858824,3.513892506584644,-0.36196152443847995,26.893313364380756,399960.30101518385
1080,7.542939453669789,0.07523982297464235,8.279423697904718,0.8752272149920461,0.12715682343952198,0.14159110299631686,7.23304522417294,4.026803960298356,-0.3313140213422433,27.043233767680753,403087.28499093273
1081,7.611044363730578,0.07258354212778904,7.433190974570419,0.8775631576776505,0.1322805931898964,0.14182214566020424,8.644358399207794,3.467309561290395,-0.33176130642310436,27.223758961390644,395895.09690196574
1082,7.718083522217496,0.06792151876991004,5.1153016037889465,0.8780107259750364,0.13793050791759087,0.13464191230961722,10.310713561332559,5.143402075021507,-0.28383820316367686,26.972079333976108,394991.01643072587
1083,7.616878160993365,0.061661483857260516,4.575275914874873,0.8780960068106651,0.1429555694106766,0.12046850731874943,11.773700578861636,5.112838367019465,-0.2821022094474148,26.78083725711418,384740.6346474589
1084,7.443558190734035,0.05683069586717439,7.408035688813069,0.8745845374464987,0.14676510126717332,0.10852133773307894,10.137959069639194,3.985196175535081,-0.2214061855952394,26.348850815827138,376422.79969115293
1085,7.228688551451012,0.05348782728859028,8.95979190711358,0.8766227820515632,0.14990798686136658,0.10565441176641924,10.224754482828706,2.5914942502980773,-0.16714948042501876,26.29170486185582,369518.5619865174
1086,7.234952363530419,0.0534454651990334,8.220465338919182,0.8813406890630721,0.15259747476546293,0.11691017190846761,7.370691293082819,4.559214682444933,-0.1436550732041571,26.37283358572093,365447.17727192177
1087,7.257366483799348,0.057495282892303184,10,0.8842371666431427,0.15486153691336624,0.12784584523121792,5.371906821083072,4.989465556062408,-0.09775204234028938,26.346755442036148,369507.27672334266
1088,7.27436513564042,0.05901590900855894,9.562033797139078,0.8812149706482887,0.15674252984156917,0.13571327164972583,4.870597627215069,4.232311835194697,-0.042233080304903615,27.061330470836282,370692.32004711695
1089,7.4709620994289665,0.0550666050323008,8.862826546451075,0.8774927482008932,0.15787121201386928,0.14202907679414686,5.172445725277127,2.7617031002363857,0.036711724348930413,27.34055446465775,389686.5571646897
1090,7.653459001008015,0.0522657755354063,10,0.8736874070763585,0.1580280924242111,0.14681726176059812,5.14285558974005,4.793548773937893,0.1336696359302491,27.926784695674662,396856.484927687
1091,7.713799202252684,0.05300928324621524,8.689693220389845,0.8729172459244726,0.15713789797208264,0.15449337717352182,5.307782737709069,5.968504162947467,0.1319019594707556,28.10678239720439,400438.86199557775
1092,7.740448896689394,0.05651541574629055,7.3888661475295905,0.8766097286343574,0.15540046161768337,0.1661207557228361,8.156395816435069,6.656706722496413,0.15330969751848833,28.532037743538496,398119.0747535377
1093,7.774000103665848,0.060334765820379034,5.927657825619841,0.8890718469023702,0.1528363438059336,0.18577727454821796,14.37152401485135,3.3997638452672825,0.14339713481759936,28.595104363912924,399454.2439616081
1094,7.802316234551736,0.061699498468521824,9.046288569417142,0.8889938113093374,0.1498779490021728,0.2029268689214904,13.52072039108598,5.824189118275878,0.29059645156260633,28.526262026029414,407688.8869076337
1095,7.833517669940313,0.06279362296484471,9.050513329356425,0.8870877802371977,0.14703730093992629,0.217306711788035,11.200091934683316,6.681524293566944,0.3274817937806585,29.073547960322724,410174.1554821518
1096,8.164019041587569,0.06281646976803021,7.719039777404235,0.8799450194835663,0.14477590211879918,0.22355235830335168,8.86181895074368,4.150385203303074,0.3196467938805278,29.571663570227074,412801.59039593965
1097,8.739872881670216,0.06232044866401524,9.447219954764394,0.8682648071646688,0.1430872576934197,0.2305242070180583,8.083892991452394,3.477035517169223,0.31976758473769096,29.774152472913645,429173.37255012133
1098,9.352988855096187,0.06209288220192763,9.995435078644768,0.8570108008384705,0.14203192115917293,0.2285503339630289,5.806929485311527,3.998318312462634,0.2755683520846329,29.729303738424566,457949.3904441323
1099,9.625989712201058,0.06299825111279919,10,0.8552851942181585,0.14179077006554888,0.22316832997423272,4.763743834010103,1.8404350967402836,0.32591124674706295,30.53309942524958,460966.2776867532
1100,9.534928103584768,0.0667500785471134,9.186859211335907,0.8509935203194618,0.14236210035631156,0.21558030366176123,3.098606560513676,5.281000476008355,0.2526363892411586,30.89093253895408,463253.3157326788
1101,9.38026408730445,0.07314235932167576,8.679971200247483,0.852593118548393,0.14322701771462917,0.20077003871607912,7.814064466826515,4.275129088967914,0.2448861626919076,30.800006988243553,471603.3044974065
1102,9.2846419650823,0.0795601506961862,7.779793615765027,0.8574370747804638,0.1438674019945994,0.1775691917671828,9.088408885037067,1.987459553388936,0.15972237460201913,30.54330135741801,480319.68914143555
1103,9.163649513783483,0.07753481395219496,8.14613166420573,0.8735512477159497,0.14419904397749048,0.15509284463181944,12.13057650841107,1.7908856109194216,0.03551575220097507,30.878248449291835,467025.47682309424
1104,9.160237223354361,0.0667511593063602,5.960225705390451,0.879115093052387,0.14405793672888564,0.12995656982393156,12.120360989235047,2.6856873141431676,-0.00789804214508095,30.345882963663303,468008.9805901423
1105,9.30536052148919,0.05855907363945815,8.89445331283001,0.8853842711448668,0.1431282674239458,0.10636902798204637,10.130891966357122,4.779543463072198,-0.0011579483274722342,30.621145857238165,430802.5026222613
1106,9.408888333662127,0.055696340481235986,8.251255423808578,0.8876110252737995,0.14130727560037917,0.08453616251730676,8.769137111361902,3.825927506952186,-0.012302750595698374,29.622852261606866,424628.0257955488
1107,9.167500099327949,0.056632540894782556,10,0.8904213762283324,0.13835538561557514,0.07256890881318548,6.753070465132524,4.565520777133803,-0.058196259670135655,29.087391918766087,399472.8624640167
1108,8.692536435166712,0.05670636172913487,8.937582242984382,0.888578698635101,0.13429568397158131,0.05802453299472748,6.248623589056939,2.311329461753365,-0.02223347923198538,29.01519372619901,340675.12499812496
1109,8.730632231493924,0.0581819827238393,10,0.8855462837219238,0.12924068347357262,0.049578377310927346,6.551334889345251,1.5458752674405898,0.016755744768251115,27.942695788832577,344606.91651616653
1110,8.84581419210846,0.0609831055611916,9.801256185913383,0.8833414927124976,0.12379948646183901,0.053675108377432765,8.334090017012294,2.9436341236012176,0.016698464867023737,28.293481053332876,336128.3210600297
1111,8.791331141482145,0.06514774723980077,7.159677383387254,0.8891216987371443,0.11808353688064487,0.07148773954137676,11.158413198479309,7.486881739538333,0.08945098149617674,28.608999977818304,333760.1485417687
1112,8.796767010128448,0.06628984064104237,7.026396202732256,0.884233767390251,0.11240537246410963,0.08947416847344004,13.303311661060555,6.545974217212968,0.15292535316627973,28.46478684472192,341873.3495453257
1113,8.754406443903852,0.07228829945272139,7.632352197086393,0.8760013562440869,0.10685690547719835,0.101926479747967,15.613986863030462,3.9333187035089585,0.1127608620358464,28.735197171162294,340515.48591580405
1114,8.851543841025752,0.07414914232660016,6.408436292013688,0.8687478828430173,0.10160562225002447,0.11299282341640451,13.298071838867084,4.348125636798108,0.11710888554802457,28.75734531569215,344227.89524822315
1115,8.952053444179036,0.07682552713861282,7.107134680540993,0.8670640307664869,0.09683890509357168,0.12623257674672136,9.652577790073707,4.197755691942906,0.13501617765826135,28.829343127110327,345034.90524656296
1116,8.99251667466433,0.07999618479891939,7.815166592729968,0.867202293872833,0.09233310703771395,0.13246684987426452,9.519442855039296,3.967499208459743,0.13780690973600435,28.657723225431337,336888.02382358565
1117,8.939112755964604,0.0775319619499988,6.508698805005663,0.8637715694308279,0.08823529930621918,0.1367620845875463,11.40788781075275,3.8169190936528863,0.15392284719088103,28.08135097593633,331407.1353472624
1118,8.849355262634669,0.07347584363060793,6.650543205782169,0.861179790496826,0.0847556626315469,0.13812674670084027,11.662245150377911,4.4843379596165995,0.1654431321215127,27.72370141614292,324201.5213479642
1119,8.640215650315017,0.07577513030718964,5.972309182379514,0.8644258892536161,0.08181473103157898,0.13133894694297624,8.686434020147184,5.190146914167727,0.12542228397957597,27.24691595630937,316290.08833620546
1120,8.318548612907472,0.07834742437786833,8.623334890055899,0.8736004221439361,0.07942390766135146,0.11320932834101072,7.237635893651216,5.552012748005417,0.12384321772833932,27.001928171328515,292796.91325342463
1121,8.098332863290493,0.07535704339263373,8.237165113367807,0.8848293790221212,0.07751641779818802,0.09036651523003321,7.471123108733799,6.714353587975594,0.1403005208727506,26.310655131614272,288869.7648806101
1122,8.036727032422302,0.07078337386728573,7.534162904924087,0.8887902483344077,0.07618684658095023,0.06298478764459638,6.256090779229115,5.9332929659353315,0.12464108569121762,25.94455638281522,287972.67753891164
1123,7.950524463727685,0.06877447059766842,4.059489660819277,0.884834478497505,0.07524863480874266,0.040270004759026236,9.090341672748062,6.505509206134788,0.1570735110951138,25.813489307196907,285303.4839123149
1124,7.888743525260623,0.06505198471399691,3.304638881003336,0.8725477433204649,0.07493637084801298,0.029072259109950017,11.033920690798652,6.229165966386556,0.1387973390346097,25.394320250238152,282154.69098069845
1125,7.799289816111849,0.06637640279206203,7.614947445993542,0.8601470381021498,0.07503196279960613,0.03424976155774789,10.339820685792446,5.454432941103612,0.11642976056566585,25.062163683068285,269656.0126732522
1126,7.664849239162849,0.07116783478429846,8.103149693791616,0.8498997572064397,0.07505515297907167,0.04011227477101651,8.238926819415024,4.353160497512725,0.11572415152990356,24.114347767330532,263478.6330273758
1127,7.257792477630415,0.07283579799928348,9.174427286062151,0.8379934331774709,0.07472537786823163,0.04752926139075986,6.804367785682629,3.8441433179345195,0.11708104434494321,23.34647636155498,255443.5561255171
1128,6.623629403861724,0.06991006297649176,8.964208156532798,0.8267979532480239,0.0741485489309594,0.05852173042380853,6.763437594237109,2.0277497238056594,0.14730601497548163,22.56965671840737,233201.38506083057
1129,5.8510424889262636,0.07334443142218812,7.04687579413142,0.8205935212969778,0.0735230994794904,0.06576055392063819,8.289295864374452,3.8044737423803343,0.07329384562229674,21.942367936069594,205236.9061698194
1130,5.338977829685834,0.08019801935465735,6.873005557516509,0.8135956820845602,0.07282950712995763,0.07540009812419694,8.639684351747352,5.159563256890509,0.1301708072281663,21.157920264539264,195010.74743150346
1131,5.154473384939181,0.08559796138014714,6.4345296901067055,0.8070263466238974,0.07197075787902411,0.07590056393017217,8.321967901846927,4.014516401128586,0.13298609572838246,20.267810457297944,193367.1724997173
1132,5.0576152641598995,0.09286935133962237,7.64607768570554,0.807332528233528,0.07100237965351067,0.07373799903974143,7.175271708067051,4.814453588262956,0.12024898660775507,19.881237552526756,185013.84266397083
1133,4.87281366374199,0.10230829674977149,4.437063304284267,0.808454049527645,0.07008211196776133,0.06970045485234146,5.5091687763704655,4.649502917693798,0.19528808496203073,19.600995560114526,175018.74966771106
1134,4.659422189000306,0.11158080870422517,6.737253468002995,0.8126705116033552,0.06935798017698547,0.06392396503281397,4.0180193402620965,4.366102279655326,0.2589106531330887,19.18393148590328,170751.71969497707
1135,4.434449746173256,0.11813364632417282,8.18068357271061,0.8133335244655607,0.06883816848924679,0.05584104534687767,3.4888175398802836,3.4924805313328173,0.28882597021094647,19.008535462590228,168543.147926194
1136,4.289973138751723,0.12273494413502316,9.385939933969377,0.8167937028408047,0.0686825358188813,0.047236842223979905,3.2189804275966205,2.853867468752874,0.3418611234836732,18.831698831042196,168860.77794484206
1137,4.03157764261774,0.12262477270854208,10,0.815636647045612,0.06895346272370266,0.043319454782935536,2.6325265352789597,2.9077327440494574,0.3868860830075773,18.87570586822263,160451.45059194934
1138,3.906266029972097,0.12335940136147815,10,0.8062141487002371,0.06981671403178952,0.043484343874750905,2.167087534227396,2.3461678955258956,0.4282584133584379,18.58443266984336,150035.9018297575
1139,3.5975273265032905,0.124155664997633,10,0.7986421626806258,0.07118127621644006,0.04834435021210749,3.023423870235009,2.6344708482248467,0.4665317762656998,17.609036469411475,153617.58606087914
1140,3.1175354886131474,0.12132181725000822,10,0.8051632213592529,0.07265147487228794,0.0525417278103147,2.0773952151532638,3.0903178413572556,0.5076656696142441,17.797275123815176,134571.05165344552
1141,2.6800247605178495,0.11911204273237293,8.820913442119204,0.8152644804120062,0.0738475711550389,0.05439400394086515,3.1877851353229225,2.689021040655771,0.5141439750058912,17.160453390073958,129684.88776603885
1142,2.4625001034565566,0.11727748277352172,10,0.8183673405647278,0.07494797808412924,0.061264711105335413,4.065069457944831,2.1837946796877095,0.4864809200654973,16.534638838731897,129588.18396629396
1143,2.3414472478740573,0.11459140666859606,7.613160828444062,0.8134373044967649,0.07583183194290383,0.07159247141800022,4.029672389011681,2.249810345318906,0.5814996056619692,16.508637815298535,120201.27092391948
1144,2.2537340025323647,0.1120500139200531,10,0.804624561369419,0.07633037990485966,0.08253754675242843,3.226040929980792,2.120970625360951,0.637220960820797,16.136739606759562,117558.10406584141
1145,2.134413862020467,0.10562301486686801,7.522926757330761,0.7918953317403791,0.0767928042889903,0.09149146058088847,4.456688400565962,2.2119578298847453,0.6520852204443339,15.77805434621727,115311.4814992351
1146,2.0256779783956493,0.0999544135131119,8.804686037761229,0.7803468221426011,0.07702390747593041,0.0996113499677817,5.604303258906084,2.7185551924065194,0.6636772685864044,15.619085048808973,109442.83550102323
1147,1.9412702286078007,0.08993060983466986,6.515123297546404,0.769554468691349,0.07706239979102916,0.10244712488334788,5.27437291059693,3.051235279034898,0.7111200222964853,15.266218289832024,109606.53640358169
1148,1.8854400167753236,0.08332292445180786,9.934059160601073,0.766783942580223,0.07721651088028998,0.1082337863293169,5.491424386577783,1.9998856926446382,0.7278022940150722,15.296617336160773,109376.60656925164
1149,1.857712575601473,0.08225875036518188,10,0.7686154720187185,0.07801519353154115,0.11567866118678889,2.930627655293172,1.4209760102142022,0.732186520442099,15.571450899031557,109031.49114048932
1150,1.8807813755742708,0.08480453201303181,10,0.7704191890358922,0.07953384898934489,0.11522478462307699,5.608568774706452,2.3137126280324924,0.7199060905561709,15.445697281937678,111347.86474482642
1151,1.8703559999382446,0.088726712116736,9.266393152855466,0.771021665930748,0.08157179922049569,0.1083847155596811,6.463995620664945,3.644559432949778,0.7292948703408629,15.322567230996967,114274.60835102019
1152,1.8210853865520602,0.08960819188583646,9.34491553958188,0.7726717197895049,0.08393499808607695,0.09876524927949569,5.061812305406375,3.014606784236628,0.7563771727003195,15.335957142653209,110800.26110550175
1153,1.7773144300040566,0.09037708189242577,10,0.7757034584879874,0.08635448259900406,0.08974557819528879,4.62128728246463,2.7716763376202307,0.7391874659637533,15.223774836395428,108362.95262373387
1154,1.772098643799676,0.09226811993855116,8.7701435915918,0.7845834869146343,0.08851455798511909,0.08257143248319307,5.168060412119128,1.7741624694877771,0.6504870325199873,15.119424468073634,108276.31490828203
1155,1.78794722604196,0.0926457103850053,10,0.7923524782061575,0.09021457955857583,0.07464841744123485,4.964068849417853,2.768095313457583,0.5702368480355222,15.373732429260455,108172.8404418614
1156,1.8370244312971833,0.09272856874693695,10,0.8014875936508177,0.09159480508265919,0.07132874632302673,3.00576671386137,3.0895276921259143,0.5204809830580407,15.588287860915855,111374.92815604483
1157,1.91010659282757,0.09226784926184224,10,0.8031370121240613,0.09268862057758082,0.07422488957281768,1.7983118804898648,3.340873517293269,0.46014084524957877,15.993593386502216,114583.14839630404
1158,2.003463967065753,0.09394079247119146,10,0.7965522766113281,0.09320139168135297,0.07492873101277155,2.731019957139969,2.834197044034155,0.5198492913343703,16.080180038574106,124286.01135184588
1159,1.9810752820148012,0.09608366168575594,10,0.7972255137562752,0.09327572342843511,0.07397671724444004,2.8533380318819974,2.926630392132797,0.4963218122522591,16.509210351013444,125558.3311356829
1160,1.9793478442591677,0.09806898998444254,9.174839642584208,0.8030008143186567,0.09334053459932992,0.08009570982868779,3.1840090951086903,2.965777653274092,0.3576594329652234,16.791554851223363,124583.12070226287
1161,1.9724746731322969,0.10046687251091212,10,0.8076536670327185,0.09345833088910799,0.08256429691934025,4.370088504734717,1.4018156314001748,0.24152962006329068,16.481797123197886,130921.71284392793
1162,1.9916229826307232,0.10043798034655392,8.380684733266145,0.8106797981262205,0.09301424615433344,0.07709382569823338,3.8502979145357914,2.120650631765978,0.053677751403093665,16.965169715323697,125582.02736300697
1163,2.035052783012333,0.09649235298664584,8.316725464730382,0.803319663107395,0.09196496754694186,0.07851544280682728,3.25064299427786,2.096465729327214,-0.06100238897444456,16.74678962822993,131916.60733228686
1164,2.019242680517988,0.09248437883666039,7.022389585958319,0.7881584712862968,0.09073271931901143,0.09445961704112762,3.7331930536066413,3.872663476407845,-0.0855849337520351,16.974954165348933,130383.7289524651
1165,2.0055164144814714,0.08855342596379191,7.502449777752759,0.773052118718624,0.08961720272633311,0.11100228422472985,3.637304214523219,4.9075807593360485,-0.07934434732062451,16.931404758461188,130524.2179368791
1166,2.010188650707745,0.08402110081979346,10,0.7617231321334836,0.08871939107780431,0.119017502512552,1.589614956063017,5.090302749596146,-0.23359081508847454,16.735999922032857,130098.22015542434
1167,1.9458542110528407,0.07868554423983416,10,0.7591700288653372,0.08813247474626358,0.12049600705699909,3.894290238707504,2.7062834119859986,-0.23123567597334074,16.640252021301443,128485.34639245443
1168,1.927583571442801,0.07561256610623161,10,0.7640808847546575,0.08816216053935293,0.11832347468367668,3.695238472429757,3.0254686880011916,-0.2649389025380411,16.494533570094188,128525.4951839376
1169,1.8820233118935972,0.07644064542203176,10,0.7651354444026944,0.08895918127860991,0.11044668084431604,3.3610798666868362,3.201784172753512,-0.27751497866787583,16.336822169061442,126767.29503550992
1170,1.827231515771841,0.08109433216379883,9.814941687501053,0.767475041747093,0.09033508904699358,0.10104501898926638,5.17219091656518,2.883301470927988,-0.2607292194526382,16.109598094582143,123467.31021153234
1171,1.8397878098313183,0.08600793430962941,10,0.7722139447927473,0.09220523837197421,0.09532871905689869,6.2684121951582945,2.5060905209534234,-0.27023034305503224,15.874308188982283,121519.36278875638
1172,1.8466975473614107,0.08879297715507178,7.665014199524338,0.7754832476377486,0.09394790289755454,0.08830228428343619,5.464946508184967,3.9289308007985766,-0.21290875131012982,15.746338780680897,120209.66977610264
1173,1.8545262116444983,0.09162875443634867,9.540448489447158,0.7781085166335104,0.09553656305515874,0.0771606153222721,3.979549037571046,4.012196346780868,-0.2171965246812581,15.697315697531643,116382.85635858684
1174,1.8594116774747262,0.09693329101033707,10,0.784900127649307,0.09750926910155953,0.07389675557754664,2.5524089510175205,2.126216188580303,-0.19761055499189156,15.474926431596325,115910.41489115583
1175,1.8619498691658298,0.10688931466156655,9.815346089254211,0.7934841832518577,0.09995022189414499,0.0845466930501669,3.5744427871451547,4.7118672123313425,-0.20765536720606803,15.38052852264592,114387.57619319635
1176,1.877217217892814,0.10741368330708845,10,0.7927726274728774,0.10219370091817752,0.09514314556400885,2.571575095003129,3.3616051542617793,-0.21204308722129808,15.35806803414484,112535.9301226779
1177,1.8867060518958563,0.11143768968165989,9.841177543798189,0.7975862449407575,0.10429829380108074,0.08584472318977072,4.173579108215194,3.289204267096209,-0.21580868920908916,15.024756501102097,113021.84937743309
1178,1.9190119275868864,0.11487052910223568,10,0.8067835205793379,0.10657676814981648,0.06991948805420888,4.96704046232518,2.9774663918753266,-0.17717461982625504,15.295906963907735,111392.73438210452
1179,1.9391082566848707,0.11287340368777098,10,0.8081557562947274,0.10870752118195987,0.0700340912634739,3.2497585879931523,2.0150516820389264,-0.21426007768858835,15.361323214374304,111523.76361095303
1180,1.9203705173804864,0.11099110166709973,10,0.811974045038223,0.1100880855482276,0.08109764681376094,3.007273700041469,1.9046972290255888,-0.1425197530491355,15.024937865920158,113683.27163037285
1181,1.8908912534755242,0.11179305509285095,10,0.8072360920906063,0.11043759006574125,0.08739262351868404,3.2169209884672734,1.9563914997753984,-0.18856632470557944,15.166169032091698,112070.88597454313
1182,1.8896837017067367,0.10732099987367773,8.283154520523805,0.799037983715534,0.11013884820081857,0.09019030928191786,2.663766359788276,2.022338618900053,-0.15463991611978153,15.173269938771192,111696.7166525758
1183,1.9236619159444694,0.09662182070368136,7.17214595859077,0.7908343416452407,0.1094370549569814,0.09968550886526564,3.5587505346959087,2.978708947938771,-0.15079376473048806,15.094259615239606,114471.45785096251
1184,1.9323247384975415,0.09434576451740062,9.73521809864946,0.7801587888598439,0.10857402839520998,0.1144532211122555,2.8901634436726944,2.146330389330293,-0.06908586843711348,15.31593741924409,117069.59683605812
1185,2.0010779422576723,0.09454155794658102,8.570307202181105,0.7715742614865303,0.10810154211374504,0.12522457330308698,3.60603236078465,3.539548700956602,-0.058472290922964985,15.404583870877506,122420.14837351989
1186,2.0306474063815867,0.08293235182412335,6.386257231783633,0.7578213664889334,0.10798178733269267,0.1326230465156344,4.426021451311401,3.538412354379148,-0.03891862201714632,15.558492724575574,121976.13978598356
1187,1.9904712300015706,0.076963258184982,10,0.7539856600761413,0.1080090317422973,0.12535134661601718,1.0595158852321258,2.867913007645694,-0.0043252796435438775,15.393780806503752,120557.71421365206
1188,1.9437487485985034,0.08138091919261409,8.579836106460494,0.7578572425246236,0.10816302160557684,0.1234733544585477,2.682970195418073,4.323282668205139,-0.047595445159841245,14.954544294319941,117525.57191570064
1189,1.8541335278384456,0.08465748721863861,9.008879549826514,0.7617045572400092,0.10879724925267518,0.13608261845119646,2.4708067946356174,5.086353622268575,-0.11435841033518165,15.005192633516245,109028.77283821351
1190,1.8468698937187615,0.0825468521561866,8.018792484443296,0.7629039356112479,0.109638573459152,0.14964625381458846,3.0246778354463872,5.635456095573168,-0.14198447396437905,14.759723249503407,109085.12671105484
1191,1.8334681073447772,0.08485663064053495,6.4511184934457555,0.7699760916829107,0.11018001497017123,0.14964355957369693,4.446926557232215,5.330872295980653,-0.04351719021692029,14.57267181903239,107955.62428720789
1192,1.8209344459465993,0.09040514129015192,5.523253259652409,0.7789027523994443,0.11052979835536159,0.14780667628934038,4.159990380978401,5.104155984337089,-0.0025167157225596615,14.64537796893502,103539.63038977903
1193,1.8144046686822473,0.0943012775497675,10,0.7882414698600769,0.1114936336166598,0.14772653050904053,2.3229243394863914,5.68001748934308,-0.08105129236394713,14.259455803862144,103894.92416255287
1194,1.7698454704073519,0.09775695936883895,10,0.7958583655953404,0.11343046713294663,0.14456878680327243,1.803422385533578,4.264441795445674,-0.10899258233601608,14.362510720993113,97965.50908561015
1195,1.8194668167519021,0.0932617021720383,9.166252920743446,0.796059369444847,0.11570679376563243,0.13725711239542765,3.1405416724980824,3.8208705002952588,-0.12012006261139345,14.318324464830635,101417.03330498126
1196,1.8729893735338545,0.08851851158927068,8.635687202330445,0.7995608353614803,0.11764739329724029,0.12183692426765247,2.1261260753150344,5.32284918200061,-0.10808524739630727,14.638600825150554,102150.9759535371
1197,1.846826482720868,0.08543791443040284,10,0.8059342989325522,0.1192998832187819,0.10975650469994881,2.2916168230009983,3.8711985135555373,-0.10608748465010419,14.867668900806681,103959.00350025263
1198,1.8418900658314807,0.08286786355081556,10,0.8104687929153441,0.1207237934816538,0.09874041649804662,1.945155511226089,3.435011304093141,-0.0938026127906216,14.775921572101886,105451.6660797972
1199,1.842643961865522,0.08231202133468599,10,0.8099963653087613,0.12162675121302066,0.09156965126876242,3.8373494594479105,3.442510292505495,-0.09546182774402272,14.6986620269909,105014.26552303613
1200,1.837206371726055,0.08547017248173115,8.43950319130393,0.8066466861963271,0.1218490068644278,0.0957996061189035,4.98668599017958,3.441690714998135,-0.0701813012124804,14.620268955094117,106039.08458164516
1201,1.832386112921577,0.09111890765445377,8.58485277679878,0.8100841808319089,0.12155507354457039,0.09733262077664305,2.042932637885469,3.052191466874102,0.03767856821444731,14.835264912305169,105324.77526467179
1202,1.7811735476680273,0.09586994915649685,10,0.8111421120166777,0.12097462738180952,0.09617329575464209,1.313394640857744,4.426334260368361,-0.022196186053475696,14.760365424686087,105021.83289982953
1203,1.7591604792687463,0.10016182948815354,10,0.8014163526892661,0.12064204484306529,0.09307597004510214,2.133668507009171,4.065936400870799,-0.04288598607815513,14.673471010238552,102589.51434617216
1204,1.7413977323965044,0.10373767577415023,10,0.7981511580944061,0.12034997684038994,0.09682167238232123,2.2883009148322393,3.593943033245796,-0.0633451590566784,14.52104804851309,103254.66172611258
1205,1.7246717685531714,0.0979809421350062,5.76724662016606,0.7879060092568395,0.11964790938178306,0.09997780597832776,3.0200270418383184,3.731358251773387,-0.08297090858369748,14.525456431748696,108206.95717732854
1206,1.6711802890382936,0.08941825194689762,8.064187124935282,0.7753210321068761,0.11862781387311742,0.10133137989176255,3.094820502256225,4.733017717532712,-0.08304207584075367,15.27394206078359,112089.21835035527
1207,1.7569863289017915,0.08679259642171264,10,0.7651541489362714,0.11799069594438169,0.10598643050491023,2.1228964579440213,3.483322333548236,-0.06181159707884605,15.933880919299058,117993.61630094306
1208,1.8617945036047905,0.08638585367686753,10,0.7576052126288413,0.11749042018423032,0.11572361629001536,3.2880308586878426,3.634588587021516,-0.015820262971319148,16.38680515678793,122959.36469225645
1209,2.0004950421967056,0.0857777416717801,10,0.7531818488240241,0.11678510599839881,0.1299613270591008,3.84193068140183,2.467326029968385,-0.03606599521990122,17.01475958027469,124898.66034447885
1210,2.3300190472816587,0.08702726970929145,9.580957258285268,0.75779603600502,0.11589013643218245,0.14060021687673346,3.211904612567689,2.9406779263961935,-0.03962130989012482,16.93643156331199,142228.69241065628
1211,2.513262017017338,0.09309353468455082,7.511348103576628,0.7742867231369017,0.11510431406860591,0.14125623229360482,4.175289418429495,3.907796579975342,-0.01690215861749632,17.463032525884085,142450.76471630536
1212,2.5812849991683615,0.09974956958423062,9.254345267171416,0.7878870740532874,0.11486311421748843,0.1386198110864744,3.3713257596807815,3.4008429778476232,-0.0460831950452753,17.712905851898665,138725.8083026654
1213,2.601036783136737,0.10145585850755302,10,0.7886889073252676,0.11516616973776067,0.1343315274309466,2.248715406049149,2.863272653214472,0.0038170243864268315,17.762412459438846,137493.31501681838
1214,2.575737103806895,0.09787121715135602,7.971893369799577,0.7834331154823301,0.11602068487516196,0.12767719853763826,4.02809376671491,4.063283242915123,0.006595898632417096,17.842720073405193,140473.36598414378
1215,2.5759593103124243,0.09255431789734457,10,0.7743776074051855,0.11729596952370869,0.12134314630587664,2.987467313112709,4.5018433019561215,0.019615292880817828,17.992097659453492,139360.17567615892
1216,2.624093228013393,0.08905701366613546,10,0.7701120203733443,0.11870755240736158,0.11611264038750754,2.089942478357452,5.108336883243427,0.015102508333424584,17.994851587320856,139790.0706480792
1217,2.6789988012350783,0.08882908463489356,10,0.7740377941727637,0.12035139547926998,0.11462921547004708,2.176954310759293,4.049797581522899,-0.08020434598923759,17.830265373555072,143559.4517779295
1218,2.709894670911013,0.0902670720821577,10,0.7823694831132888,0.12220290415598538,0.11504128791494582,3.3642058469145923,2.9378859915057904,-0.09803886241494093,18.15160106567057,141353.93761086755
1219,2.6820285202676777,0.09264773278259555,9.875974427139898,0.7941139978170393,0.12411352368815622,0.11441924637561164,3.609518169422259,2.4621342229718346,-0.1179633797434908,18.2158977441878,145389.38142873012
1220,2.667672920064503,0.09531013776813221,10,0.8066361403465269,0.12575610500658246,0.11431852723438303,4.000285837823986,1.1488369136580503,-0.21636056018873778,18.12273046598351,145405.67140893862
1221,2.6916589497812,0.09820633242488763,8.92119943848419,0.8152968963980672,0.12707364302141927,0.11802329304595376,1.9655170373408422,1.9679903286605573,-0.24374678512351738,18.095740276903847,145186.23982769152
1222,2.70049095242402,0.10179722572362113,10,0.8147709006071088,0.12817182783297293,0.12989290378288965,4.694618986552408,6.620330323142946,-0.09792059723320429,18.070222063412416,144207.0126293875
1223,2.7129910644605095,0.10474267986945492,6.451752871101707,0.8174621573090552,0.12909577104581155,0.13229812772464786,4.690609008750325,6.793536860848924,0.10438842698881713,17.88172479833926,143380.0873877242
1224,2.69355726337586,0.09768241244639038,3.989355301651622,0.8147133782505989,0.12982696848398934,0.1258617907482637,5.542122783335384,5.446788594519582,0.21786850362945906,17.813229324239263,143360.88948876632
1225,2.694381907369976,0.08668573073082417,4.4817100190307455,0.8094117936491966,0.13028084713849222,0.11682473025056467,7.935171860412261,5.855608074910275,0.3459645640882741,17.864464120047778,140600.08599867224
1226,2.6968482585176243,0.0796895771475295,7.842658092647784,0.8037594455480573,0.13061478193125148,0.11289661912455476,6.057664547902983,4.735658016914155,0.4107115488819226,17.510530945983874,139418.01924573074
1227,2.6846885974527352,0.07671552075381353,10,0.798157311081886,0.13117745615340423,0.11435972888301034,3.8733174445092997,3.8037980294902374,0.41396404348869054,17.17652905787917,135915.26698648056
1228,2.7242779269211996,0.07535155030970894,10,0.7949704888463018,0.13194463023575836,0.11915122582838841,3.5572658754998123,3.3794675817320727,0.4085264043931273,17.034852306448016,134244.17965117982
1229,2.746563030635218,0.0757746240122478,10,0.7945646584033964,0.1328191438819951,0.12523038575748618,2.4248708777423413,3.79951446237843,0.4101385731874908,17.10452148041547,131825.38216406532
1230,2.729252657347195,0.07953808631375778,6.631223232651052,0.7977120435237882,0.13376584905182232,0.1311034753737112,2.1298700996181754,4.4681313157788525,0.4118433626685977,17.121164148927342,132903.2274671247
1231,2.705303917668774,0.08808972810432698,3.720124727133235,0.8063085597753522,0.13481206597475204,0.13955867551214426,4.537102133429944,7.294952012572987,0.4178371949013987,17.2412453668719,134385.3290911602
1232,2.7488356097829,0.09557923038364563,6.297288894285779,0.8130797699093817,0.13607779526702068,0.14829175600580305,4.6720256885198514,8.20740429645398,0.46545377459648724,17.390067068518096,138320.2759546866
1233,2.808629977961716,0.09716386267850118,9.570369410933512,0.813730664551258,0.13749371534987395,0.15357006473281967,2.539933550375811,6.830513696416742,0.4039779313859629,17.556115367576442,145644.07765939023
1234,2.806849511102957,0.0968084674003082,9.091420473465806,0.8135557839274407,0.13900248138448945,0.1523051755423976,2.5701538715032766,4.40111947964773,0.39179743658893273,17.822542982491115,147839.29506265974
1235,2.7961979235462895,0.09514656827515064,9.638170094057305,0.8132714182138441,0.14067989111027174,0.14774169325353564,2.6566042065128834,4.850283949556965,0.37702423718767125,17.7351764866707,149697.98236787258
1236,2.803573963274537,0.09130476549241219,10,0.8143079933524132,0.14252663516446198,0.1408214844382682,1.8324683938361117,4.956405420147184,0.35359550145734364,17.59512726912475,143571.80780008112
1237,2.8107342377550992,0.08800545415695561,10,0.8156234017014501,0.1443419645009242,0.1353751090499259,2.2985486713358596,5.588517166306655,0.3115739137968683,16.717427235827348,138357.08699694098
1238,2.686573823078739,0.08600036236680632,10,0.8170929080247878,0.14572008991666358,0.13462867010290847,2.3260558876344226,4.232541777801718,0.3094609265737057,16.034041971937786,131808.84940993358
1239,2.573295918817922,0.08622920802464615,10,0.8179178166389464,0.14688816536063734,0.13839073687352615,3.05733991809343,3.009160737278205,0.3328420269834396,15.608571681536102,127261.19273491744
1240,2.3939157208063135,0.08879102642151451,9.67313374509191,0.8207537022233008,0.14817625948531193,0.14403156534868988,3.1739703742105587,2.5858569255186037,0.33276230709145765,14.899027641820917,124909.99705878716
1241,2.014007861621467,0.09282819924471258,6.581126264077508,0.8241243070363997,0.1497311842789004,0.1509521954522703,2.4140876932999014,3.2515175051404857,0.35266123431445207,14.880703323779525,107191.18132540259
1242,1.8341846742757693,0.09518883608729234,10,0.8286268094182012,0.15144717605630664,0.1586991331803414,1.4685125611847627,4.353681183024166,0.3459221491374447,14.279028763142058,105497.95363491462
1243,1.7541154188623613,0.09428700141111805,10,0.8303586313128469,0.15307108844787007,0.16240220763945126,2.186570362642957,4.383968649801376,0.32647821050876114,13.865614847547569,105733.1793838256
1244,1.6972879872313902,0.09272223312120315,10,0.8372693106532096,0.1543754157840299,0.1614414504642865,2.0564370686628,3.7664728798177,0.34074099393775525,13.62504081882306,104257.47817814039
1245,1.7041449706008447,0.09144761603693799,9.425247509956723,0.8443470138311384,0.15523724693469268,0.15702505880228135,2.914287091755144,3.0826141578031865,0.34412885967998247,13.339297327212664,98624.82259914879
1246,1.7017085384344939,0.09182063659232392,10,0.8459061774611472,0.15572711045701992,0.15377587091669845,3.117484856976777,1.768842539270808,0.3542771295811171,13.076416883318288,95166.25900876187
1247,1.5934727905832338,0.09204036870762855,10,0.8456825128197668,0.1558617689517922,0.15535024844783626,2.3600146018338086,2.792022206981711,0.3670623748291838,12.668513309495774,94152.38590527207
1248,1.5086849375969549,0.09116008178483496,10,0.8438861724734303,0.15571300926779436,0.1585227380384984,2.574351273052989,2.5591544578554,0.3814246422712709,12.919719732828103,88842.15115367364
1249,1.5705463809413922,0.09077589707902592,10,0.8443770447373388,0.15545636681773708,0.16181303498802574,2.8344528798748287,1.852744174897119,0.3983133741199464,12.819355682146027,90902.23310207641
1250,1.6885429874546216,0.09150696376487806,9.848733776026043,0.8490157172083854,0.15534019164256854,0.16641894787486275,2.7896058835534627,2.5967604293943714,0.4595963292615546,12.7735439247928,92740.99514696277
1251,1.7895324913760522,0.09281266857399065,9.482245496082133,0.8549446263909339,0.15551371328308533,0.17156759291428048,2.0519406138962593,3.2614179702928148,0.447839017621192,12.851113915307828,91723.64572254856
1252,1.8098870578684805,0.0949274546221784,10,0.8604384133219717,0.15593031747846542,0.1742985024762823,2.6130789752157257,2.8890249131729826,0.42564917115267115,12.884573042316894,92904.65291084832
1253,1.8410283635560263,0.09569709278042261,10,0.8627564963698386,0.15650421055386968,0.17261479167080973,3.8115516315991087,2.501471265274715,0.3648059216557935,12.962419819413155,92517.99590344436
1254,1.866209878964617,0.09553929612489015,10,0.8616152298450468,0.15715887972366194,0.16850846648783452,3.0729636535033884,1.7219143977361901,0.32171771249120323,13.152637017319089,91931.23473750135
1255,1.9380133009973761,0.09523213450611899,10,0.8616912901401517,0.15772744596091184,0.16579270861317702,3.052005307222668,1.333269370867256,0.21885496092690354,13.089325480941838,92952.90024026262
1256,2.0098053717960287,0.09442905714523443,10,0.8602787798643109,0.15808859324136187,0.16502739885180603,2.413958690936325,1.9812862356311445,0.20982131668875464,13.007162711723105,94188.59220371532
1257,2.00887750202182,0.09351434008537067,9.7433070783913,0.8570323306322096,0.15819835307885835,0.16609236422414972,3.4318009049168405,3.3115159479593306,0.20437193112531438,13.300900652836525,93784.26688849162
1258,2.0567664964922376,0.09290693601098507,10,0.8550147584080694,0.15809121176625676,0.16470101302147636,3.9125961436755796,2.8986094780558953,0.18049434508904313,13.646907253540869,94584.39546647323
1259,2.166183102276392,0.0932925387696051,8.745167349583712,0.8555514901876448,0.15794714351565034,0.15958537324934208,2.1244139174934262,2.132083721117994,0.20489006992253264,13.837619470191985,94196.43771315708
1260,2.4056713074810863,0.09355280730547473,10,0.8531788924336431,0.15794673273502313,0.15194715142803258,2.6043493688515955,1.7756341707073369,0.22853443828390557,13.5907752523045,105113.47989164287
1261,2.5834424874485724,0.09311237640791835,10,0.8478188869357107,0.15826031647156497,0.14628924456585493,3.034503198463361,2.693524993779572,0.042503065132833424,14.10185523756277,105735.49252376592
1262,2.6504675413341316,0.09315077221282086,8.314927291454289,0.839905894398689,0.15890839760469563,0.1437330888500855,2.858801078875742,3.415606608920088,-0.4183660296818607,14.343984437061904,108148.12308921965
1263,2.6433248925896637,0.09353279220323335,6.205270464047084,0.8324180838465688,0.15971058497008442,0.1436802058018687,2.7267051501866852,3.5330689271967364,-0.4644093551058965,14.109658584400306,107602.00142074308
1264,2.6903428525426736,0.09338279781853139,7.608512643825473,0.8276278141140936,0.1605544379887434,0.14561414878104476,2.717189136412654,3.9587482798496607,-0.4609989333692285,13.929134062430965,101179.49181931505
1265,2.789296139502554,0.09262788518931239,8.721632454894173,0.8279166924953458,0.16141443309165318,0.14870374511217405,2.2639853772004446,4.1462084522848865,-0.4956109987303937,13.817602248424132,98982.30447954968
1266,2.8728623293796662,0.09241191034112468,6.874023161809844,0.828643043041229,0.16226194772972613,0.15312086410955564,1.4095724499315005,4.817934346405119,-0.5128269667707174,13.892022266526613,97376.7818528329
1267,2.9543128354218724,0.09282160107067887,8.309766035286376,0.8277805140614507,0.163089814701127,0.1537362144950505,2.0316228902437903,4.004660230023208,-0.5407703365716708,14.0329510319634,98432.50872703224
1268,3.0211784184256607,0.09167381383319827,7.761006494504182,0.8232687771320344,0.1640526959817789,0.1531657943874575,2.3480428126214172,3.9099473054111007,-0.5407727551705039,14.223958565830275,98993.46877254023
1269,3.0453329299018503,0.08960241375276567,7.993637963958392,0.8159007292985915,0.16532051120725902,0.15492341436646867,2.3928729714121832,4.785153208815279,-0.5378236776920685,14.164611375386404,100553.78383044955
1270,3.0737725851325135,0.08819610307614237,8.399355976563085,0.8098256197571754,0.16692352760734952,0.1560162902282731,3.0930250976781193,6.692210986016247,-0.3459937243733773,14.175464975210286,98390.78933221905
1271,3.127152732005852,0.08645561263376109,9.250830559199393,0.8081170636415479,0.16876541018306004,0.15522713104264182,4.701096507894465,6.804235306387578,0.01825822212202218,14.03899454974025,99003.98068435631
1272,3.1709642010590438,0.08520242099224373,8.189852032900548,0.8051196631789207,0.1706486091489438,0.15435475041466112,3.1121687367564714,5.324382089314218,0.09740196106195155,14.134014870931239,97998.13418594866
1273,3.1946743667707014,0.08449571890579619,9.517114927146542,0.7987147989869117,0.17236213627490576,0.155377752489693,1.6562328172897605,4.0490400840341545,0.08776176717607422,14.201799178130914,97171.43195354905
1274,3.21364770502884,0.08426525829226247,10,0.7974941724538801,0.17381134867298534,0.1579360918706515,1.8976928362383543,4.041836755772917,0.07576761787175164,14.16094056022806,99064.14383400235
1275,3.220564756664938,0.08407979403728372,10,0.8018219846487042,0.1749998286172481,0.16142871626484315,1.6774534656014335,4.392984418785268,0.037402825340398294,14.370975871970481,100030.0106438537
1276,3.1949629030977182,0.08394380733337341,10,0.8087557291984556,0.1760344769705205,0.1667461546350768,1.9020501399745937,4.445733218792611,0.036844888820082335,14.629886171942339,100750.58616564995
1277,3.200775715883325,0.08395052366977421,8.839801443368113,0.8133663371205327,0.17685171724698975,0.1738663860437497,3.5863176417239115,3.85876578799082,0.039678920781005045,14.593940872566593,101725.31577964936
1278,3.2087914343768165,0.08360970097285991,7.9240586303045015,0.8172936689853666,0.1774448364587354,0.18021805677488686,2.9386641040411616,3.8074441213918613,0.03801247877746948,14.758595859518614,98370.26148370627
1279,3.1932757035856336,0.08310297549441642,8.05356658090924,0.818326569199562,0.17781447893464758,0.18468218161692715,4.292017072494713,4.793114931179241,0.10334549630168383,14.401297011143381,97843.0923152057
1280,3.0803407063590864,0.08249181468493506,7.980052985549309,0.8192767468094825,0.17803576216575875,0.1884728831782294,4.542663740541993,4.219122970270926,0.12545182390491083,14.112697108266463,96033.30873324239
1281,2.9531449139082393,0.08145845289045645,8.379867348120865,0.8195239183306692,0.1781650116663524,0.1926919016551246,3.951021024144696,2.503109279193911,0.07163039995048043,13.991275919610404,91208.33414041596
1282,2.8393492854527516,0.08037517255544034,10,0.8198540157079695,0.17818300676378324,0.1972314690277064,3.907857530820478,3.320083113909214,0.05241826094515375,13.97660672540187,91186.68578131322
1283,2.806419151402159,0.07834258785776696,10,0.8227279978990553,0.1781147450860719,0.2041478221764925,4.679761676076426,3.411242546378022,0.06589995033872133,13.967995717512103,91018.16177561099
1284,2.77584714453553,0.07529542380741326,10,0.8261905711889266,0.17796948422639894,0.21191706366069424,3.1714254592867257,2.419482508428433,0.06624866820625118,14.15335979630161,91889.22643140356
1285,2.7632956644077376,0.07324213372120078,8.32627435116618,0.8260935300588607,0.1776506891590197,0.21820197489063908,3.242254729930626,2.693757506439303,0.06770702172762597,14.007770867615891,94512.09424780925
1286,2.7569216770352933,0.07307025569083375,10,0.8219614717364309,0.17716706983049338,0.22289106846020382,2.512850775197002,3.6777145792369135,0.04065562852342228,14.156388036503186,94585.77037323937
1287,2.7156173327896007,0.07307496899086334,9.666598250918966,0.8175393664836881,0.17656985871129796,0.22340656679420318,2.6006735285849585,2.9727984460868395,0.058751640859336436,14.274115136775604,92952.67818262838
1288,2.6715825028789455,0.0728981325561718,10,0.813404752612114,0.1756942581900471,0.21921170512897034,3.327847459044782,2.2884718491727236,0.06826549208224654,13.976899268011035,93382.60731462095
1289,2.6357164968011055,0.07435923505267372,10,0.8089105215668677,0.1743411910663538,0.20962659736194306,2.5714631419043195,1.5149388337101195,0.049992746767155705,13.808776670181766,93168.97826155972
1290,2.5436334130731764,0.07598427433370786,8.64921209809281,0.809360685944557,0.17240970624583013,0.19642825152148735,1.7406034400194876,1.9620080965080808,0.09669692459624554,13.822096462760854,92128.39612565882
1291,2.4403864148737395,0.07686212660249685,8.956009150948331,0.8090262031555175,0.169978750100395,0.1840212503794771,2.4183603997938183,2.3245881426305113,0.12139459742945737,14.267698543281101,81597.51278514907
1292,2.43924994038912,0.0768934797237765,8.086522208419968,0.8085265484452246,0.16719862253577916,0.17162369313640197,3.409658182406511,2.6412570232807067,0.10083414942407677,13.898363214479067,81787.2539008181
1293,2.6525213731970725,0.07554336619569767,8.519094762101584,0.8106935292482376,0.16395605940817265,0.1621197844142013,3.279809008332762,2.9547518430696806,0.08965877847941316,13.942551058795683,79172.4105434327
1294,2.865185775065078,0.07365148643274257,10,0.8110633939504621,0.1601871726413249,0.1551391225551463,2.44805635400699,3.1119665389308757,0.09874123333516845,14.414674456522796,80168.5950939048
1295,3.135851474963398,0.07342093384508015,10,0.809224166870117,0.15596942314858264,0.1524739289454908,2.5728308669800537,1.8999759076925131,0.12178135149977609,14.724733394475184,81842.51481646569
1296,3.4385452887672727,0.07396959626257572,10,0.8053973633050917,0.151341208722343,0.15271047963057585,3.360679491906315,1.7487268314852953,0.15710653415898226,14.598348121031423,88250.42458096064
1297,3.815022918578726,0.07535083111951571,9.184987078443525,0.8030659824609754,0.1466033170781565,0.15367871212991135,2.4120044247727837,2.3153533689673607,0.19099563321738,14.917775788713692,87971.39331267016
1298,4.09017055319755,0.07482842251286667,10,0.8068816620111464,0.1420949747414306,0.15162010248599908,2.208953225284021,2.6037888471439192,0.21698767433884525,14.989275361700953,87610.11846408971
1299,4.35669917642355,0.07476532835007271,10,0.8180266875028607,0.13785767444485253,0.1486627077375968,2.220516381858091,2.8661274243079267,0.2552965933356551,14.885751472342744,88113.10187227785
1300,4.6191903121752595,0.07585059169662317,9.527370412181845,0.8297863885760306,0.13379025861671917,0.14504076727771145,2.953456281322263,3.777973412566165,0.2758218224380419,14.932378585868534,86746.71463860974
1301,4.885671570405727,0.07677654559966039,7.5407472720223545,0.8380006408691404,0.1297617512671409,0.1410240910439571,4.1474687844304245,4.729787615568344,0.156210678311517,15.18680970262145,86737.91204148273
1302,5.1456922984910625,0.07581388284929436,6.711558313470163,0.8422484108805656,0.12602095371020158,0.13671358634758382,2.874312890263445,4.481294876016664,0.14613254315730898,15.41549032828616,85993.4271079066
1303,5.468086668762773,0.07462856107054806,9.086170729130632,0.8451775878667829,0.12282101675811997,0.1272111342558852,3.2775876248412814,3.1947159372024716,0.20592215186405294,15.457708822412487,85329.73654784208
1304,5.8147724815186,0.07570417170511531,10,0.846542339324951,0.12029359836952355,0.11343267165520003,3.334559245336185,2.5439687361167183,0.2532385050608223,15.67959146730944,84874.90419361962
1305,6.273287832109526,0.07977219681517447,10,0.849499430656433,0.1185168561653154,0.09806006243441796,2.762435083088087,3.0338634717043873,0.3692849442555561,15.934490264299637,85315.6869373496
1306,6.706188570436117,0.0857936108784189,8.781900474782091,0.8527191498875615,0.11747723339255532,0.08606907575635502,3.3209973331513103,2.7244112623280037,0.4930282994470372,15.71665368099282,84087.64884133187
1307,7.164203678044338,0.09252825546173138,7.667614828734537,0.8575089567899702,0.11701722786725488,0.08056220013198473,3.1619345711863645,4.20714195133728,0.469532496252178,15.587215755373965,84453.51961249669
1308,7.710484130165973,0.0983501172601459,9.138679928470534,0.85927900403738,0.11698628874744758,0.07334692908794814,5.271388959307352,3.3138849255762373,0.457150530761709,15.563228705080316,91361.79397192784
1309,8.202866920812527,0.09958318120147187,10,0.8650064113736152,0.11705647725034224,0.0633825670026065,7.056575754987177,5.033269975464935,0.5590354061210762,16.05328988318318,100035.5358852383
1310,8.452489346206638,0.0968782785401826,9.810415314127292,0.8717282441258428,0.11721036780509918,0.05393194734191698,6.0837626713186745,6.539556473414664,0.6497738304622502,16.87289544696621,100213.0647268639
1311,8.584420410639435,0.09459568194194361,9.89497107360895,0.8738664773106571,0.11746045044596636,0.04499823596480075,6.0667781692706635,5.789368808097514,0.7221203326951133,17.520300189657696,104873.20454476788
1312,8.633100155800937,0.09431788545590085,6.310906402953753,0.874479750394821,0.11751714429079271,0.04581726068534306,6.230751588389372,6.367625816007697,0.7679856023062194,17.76682644028774,139584.8797173232
1313,8.680344410428706,0.0931284288266974,6.380346148001005,0.8789119455218316,0.11742368515685989,0.05747285658920332,7.0207099145961305,5.639166331327527,0.7993270406572349,18.604883845877808,157154.9931822057
1314,8.941572567041614,0.0908561108892978,8.469638126392152,0.880296234488487,0.11722890043926025,0.07279151298257204,6.359797490807949,4.0873990208493725,0.7838249060043089,19.4765657936588,166988.77559333795
1315,9.309006555762846,0.09001887170270023,8.651294754110163,0.8858518788218495,0.1171668435210601,0.08582717298856009,5.210308665892505,2.8466621439402977,0.7547939902308588,19.41925666371568,195947.4202488341
1316,9.569585597987368,0.09004445481242065,10,0.8922579193115231,0.11737242064247644,0.09331824705371342,4.908233792886776,3.278942148804478,0.7589345040420526,20.094013798853524,202303.78460085817
1317,9.661333863228377,0.09099122236092357,8.20105782562129,0.8942904332280156,0.11812645428568698,0.10692634419508487,5.026138403623907,4.140544066056326,0.7617017916117839,20.58078591877616,202463.4389276334
1318,9.628801409983392,0.09177924142317827,8.975954246877794,0.894960706233978,0.11913707061201256,0.12420852127967388,5.012500139835262,4.19108300424415,0.7648218361778082,20.695498937000885,216588.4115205514
1319,9.684321707285529,0.08860463835020634,8.869323812960715,0.8999772131443021,0.12044708738424402,0.14086173508248118,5.9106863504463085,3.3159401557953636,0.7321582568198511,20.943326614264997,214947.7343684268
1320,9.73294098033467,0.08358538863443198,7.012991615062802,0.9027352035045623,0.12212239322038024,0.15454758903149027,4.981171847070916,3.414487024353885,0.7072683530239731,20.85884108977923,223062.9948420935
1321,9.760945460650397,0.07795959350296694,7.657765149964124,0.9021066415309903,0.12404761721762943,0.1641999455659245,3.2604023202631915,2.5681115556023224,0.6996579194743493,21.10960007171643,227277.5484271584
1322,9.60963005460645,0.07305934519575236,8.237276625832601,0.9017188099026677,0.12596374298348556,0.16976107909516283,1.3862973646315138,2.7489547887006505,0.6965607282766616,21.2777294466378,235136.10840009915
1323,9.434160823961243,0.06771840312358558,8.19824741434895,0.8988088899850842,0.12797545403218644,0.17066458042237614,2.630513731722601,3.3980836372269554,0.6893456142858303,21.539976032116588,235596.8813609515
1324,9.2079502616736,0.0622517411913182,10,0.8991236928105352,0.13009553616530778,0.1642956280039354,3.5865546448857764,5.719484850376313,0.6391933974965901,21.28874328766945,236390.57020512637
1325,9.003382038755948,0.05500642829681232,10,0.8934016638994213,0.13248954342088115,0.15990972975261103,3.8012995354914714,6.535702511840489,0.5605657107524045,21.173110514146643,236612.23325806588
1326,8.757609231320346,0.04805931143315046,9.3379327507776,0.893153599798679,0.1347224232514333,0.16022649081237364,2.5407373620986444,6.378775334006766,0.45720373582447016,21.606579335882625,251509.5809818179
1327,8.599047002983847,0.0425427292309319,8.146058097543602,0.8867105028033255,0.13691543385071833,0.15446798882019339,2.4762421013394276,5.315475808453748,0.38147342132127515,22.8966338194516,247072.98170584085
1328,8.735464997201332,0.03785434595498756,9.78428848643114,0.8826063373684881,0.13874116521615015,0.15078147897799404,2.857592177370927,4.708823682892225,0.33170021208877365,23.682558884379127,262196.17169032496
1329,9.171383608667876,0.035925391723520564,10,0.8846331590414046,0.14056240920288213,0.1455817762404101,4.776337393429904,3.3182401892613473,0.28746204273388204,23.918488775031324,276059.1437298239
1330,9.47727956257409,0.03283671029793236,9.59009696055504,0.894099124073982,0.14188775917109667,0.14673894327339204,3.3295661227558684,2.8680779137698145,0.29653841109906065,24.42185421002783,278288.6599636403
1331,9.908031702350446,0.029829204232541564,5.670784810391986,0.9148142379522322,0.14290745147475015,0.15141365804161805,4.699000217320971,5.103065557808411,0.3021025481200627,24.736711598940516,295194.42820948403
1332,10.446275419719548,0.026906128810549733,5.845580293214011,0.9301017200946806,0.14357534226081278,0.16439913398348396,4.038119766465977,4.876943506077051,0.3087353011488675,25.67109544061518,302323.68902780686
1333,11.659966086415917,0.026335845921986043,7.3736911985538764,0.9371700116991994,0.14366276456545593,0.16804269246367703,4.098932995360088,3.6073818719627515,0.29638430773115415,26.420772230004417,335789.2680101133
1334,12.352792410910572,0.024343419642677718,6.171059114202319,0.9453823396563529,0.14289916072377465,0.16782165419506098,4.729539168221738,5.406592484438115,0.27730500988642065,27.259982739362712,352835.71506492165
1335,12.803101969526942,0.023233529417585354,6.080527245437218,0.951492204070091,0.14162736837710127,0.16536715257542264,3.5102772965619,4.338302456216412,0.24567328863505342,27.74258908860649,357097.48457753
1336,12.801249515991858,0.023821083740708078,6.872115679511611,0.9515696135163305,0.13994451738267133,0.15774200634914334,4.911744455760971,4.8100954570547225,0.220675594928061,27.9899158571933,357044.5200189094
1337,12.848053617855342,0.02443115543047356,10,0.9533677983283992,0.13796270124292262,0.14546897449789506,2.8469106716722443,2.275013947042886,0.26824991433771056,28.242743167435865,359470.7148933376
1338,12.662591491955581,0.022155645076901185,10,0.9509424421191215,0.135700011730767,0.14292524264171225,2.5907837329986703,2.47303358912582,0.3337072275697517,28.608855271152002,358071.9690481354
1339,12.297079672046339,0.0200474927394567,7.761118900147572,0.9475350016355512,0.1333972326931699,0.1390694752147092,2.122383209064838,3.412383826716205,0.34239248191383953,28.662106717318395,355336.8589986766
1340,12.019985796037867,0.020798874846999785,8.407501823723422,0.9462774235010145,0.13134611050510717,0.13759679192538138,2.638284578575891,5.050029682913742,0.2588246509643076,28.15623757660398,347448.0750703304
1341,12.031728953838725,0.023260573700211798,10,0.9489625427126881,0.1295161467103434,0.12315122208903434,5.425060211554859,3.006065525823452,0.1752145225090889,27.738506196532033,354931.15132846625
1342,11.971044269431914,0.02725902502746171,7.186078896582483,0.9388689509034156,0.12783559361419022,0.11298156454263632,4.964711815577263,4.815167200288688,0.10191715496356427,27.64552542225592,351492.82577990927
1343,11.957927762875588,0.030586986317698166,4.996931866721071,0.9320718711614606,0.12645716892456296,0.10241493301372814,7.3856811675907945,5.588391925896088,0.10802651570578588,27.639419736428675,323242.2956940012
1344,11.955017888933755,0.03279895367282467,5.152332153936273,0.9093095332384109,0.12533513837329796,0.11393142017789533,9.861039413677224,7.974829738718687,0.3979613360212216,26.735183243759217,307543.18607953243
1345,11.74295995121073,0.03843754470757602,4.381514046446043,0.894401758611202,0.12467365503124565,0.11387736199722326,10.290614556886382,8.34438639908149,0.5794625881386001,25.903879923106345,296963.4769826028
1346,11.404944294932754,0.04627763827017001,5.160422093003449,0.872475510239601,0.12434685322173918,0.11743763440181777,9.043448518249043,8.719932115134515,0.6639571126413527,25.868939822356115,266851.5752263948
1347,11.184108209333354,0.056119206577624405,5.879382660411554,0.856837909221649,0.12417188209738608,0.11402286142165559,8.654036986610544,8.175545134925649,0.7062411032308599,25.214481606122277,259072.7773599591
1348,11.073346783940247,0.06434120451552787,6.749800393925276,0.8441512328386306,0.12370293392368627,0.10963643563902195,6.57107207944687,6.45163989951774,0.7169724339808158,24.564601428052292,258926.3454509078
1349,11.096762308538237,0.07052507003802513,8.917326035375098,0.8427664938569068,0.12305178676825976,0.10053680218755452,5.390218928067137,5.158271871534113,0.744943165258952,24.510394628948283,243915.18204250856
1350,11.075466431363358,0.07247682659318326,10,0.8365322372317313,0.1222463148850615,0.10143617233560576,5.081961320517041,7.220188816726463,0.7460932502795804,24.391678477917278,243996.44436388096
1351,10.993012169993143,0.07371394913884499,10,0.8291222122311592,0.12132275466421892,0.10237920820416016,3.8333505742170653,6.643202168101689,0.7250586126067923,24.152503459653836,235914.29816645008
1352,10.952613726719902,0.07237816794688488,8.104736014133021,0.8221810099482535,0.12050272563566798,0.10276364523371556,3.860920268976119,3.8233877750633454,0.7071770535447867,23.7630966185952,231676.3275267913
1353,10.990502980467092,0.0728261225640406,9.0188239004691,0.817165063023567,0.12016385949189383,0.0996177042183379,3.0501393379262476,6.079958512327389,0.6746884615149811,23.320997453710344,225017.08132558852
1354,11.0136006108323,0.07323648754618861,9.27467526914367,0.8164939180016516,0.11995124590439239,0.09927843025686528,2.9373028324699035,4.291171303543233,0.6874623215584614,23.006029292403294,222091.7943010908
1355,10.981739196384828,0.07520790221406112,8.550968615896851,0.8142383190989492,0.11992099222151711,0.10071084017399246,4.270148791794719,4.332712180752901,0.7079236625278075,22.903513781287405,220700.0477727083
1356,10.93212987222663,0.07826757717501898,9.117452326079347,0.8096353334188461,0.12004467441288605,0.10318085211493405,4.732777588152031,4.440623812981605,0.7507233589586351,22.664969551967843,218500.1815702653
1357,10.85905668275366,0.08212498176958533,9.887094411893592,0.8068852755427358,0.12072672985641468,0.10812934483162516,3.11740353449839,3.394843802570791,0.7773069725970008,22.17282041727603,202264.20672896388
1358,10.699440524430262,0.08554621174065075,10,0.8020071828365325,0.12163643763481219,0.11173682344174905,3.2918669361296393,3.174478737628355,0.7880739753730874,20.956045585281032,202473.28500378336
1359,10.197220090067997,0.08853792963770439,10,0.7995432406663893,0.12276982109610367,0.11599853188877854,2.269976851092559,3.531089238370043,0.8038510103981625,19.792437006313367,190009.48811500263
1360,9.475755188203168,0.08989935314632118,10,0.7996014004945752,0.12356868701246534,0.1250757926367879,3.0813926191700918,3.929302690246011,0.8055233641848949,19.573996505447575,177381.47648903908
1361,8.902037310119729,0.09115098283501943,8.082096088380231,0.8014416867494579,0.12468103915025831,0.13660808717869113,2.860509370911224,2.9499012382780623,0.8106724120867365,19.595260163962127,177639.67102944668
1362,8.223154026369443,0.08937304361353303,10,0.8005446809530257,0.12623961712492388,0.14598955318667156,3.9365073684287477,2.2673983749963216,0.798529313702183,19.49050293834836,170524.78684924435
1363,7.397472011610629,0.08713956412479128,10,0.7966371101140974,0.1284836089644005,0.14986174059879032,2.155189770250252,3.1883388231828995,0.8057369919494974,18.963691956830367,165492.99756867794
1364,5.929489208720236,0.08494395361769584,10,0.7894790160655974,0.13145772495247451,0.1478571306454552,2.643438744784336,3.3464046149797086,0.8108863948386529,18.05036934021359,138247.8519118278
1365,4.916466348163342,0.08165834869473951,10,0.7824191108345984,0.13518988925321285,0.1428520258159153,1.9126109171256616,4.3598473101647075,0.8012703457093561,17.355482511840982,122996.83752992775
1366,4.177909887638943,0.07815660958729553,10,0.7776503199338911,0.13899449112051687,0.13673678572930242,1.690031147664503,4.158666541467099,0.7945925972247581,16.87915888769509,123019.95877118867
1367,3.7767077210365905,0.07718896862098935,9.745465219890848,0.7727260237932203,0.14272477977767564,0.13232110646406386,1.2429099474209382,3.5367065915435103,0.796276294480276,16.68513060706906,122689.55718315304
1368,3.3724051559168693,0.07685567666984428,9.124824252181844,0.7642466270923611,0.14638728311976335,0.13496412404089653,1.6606626619121285,3.492891562458727,0.7981998523826362,16.42105214998692,125460.27069361416
1369,3.220306933382035,0.07714580912712937,9.784318786894968,0.7569165450334547,0.1501803660538617,0.13633422142916748,2.050941254892355,2.981537331822505,0.799830780359604,16.11446219107089,127781.91796638675
1370,3.1375495183238047,0.07873459293038192,10,0.7542594358325003,0.1540977242878885,0.1381316110455757,1.7274515549759846,3.503256920182772,0.8127495904961269,16.320425627973385,123920.29430716175
1371,2.9850636427373343,0.08054421554526606,10,0.7560817599296568,0.15818405030830593,0.1414309398578182,1.596147063998025,3.044908590533702,0.8494279284958984,16.373759571862873,123402.99546701617
1372,2.7962016115122394,0.08039967614803938,10,0.7584084659814831,0.16246723641357402,0.14429494083842195,3.7665288381233175,3.31764614371,0.8454897595840403,16.065933162164693,116222.16909816589
1373,2.817810190910108,0.07756010047455464,9.56499641298204,0.7644885736703871,0.16689509281076123,0.14118250567295995,4.944730404494664,3.778409040682672,0.8409074864884846,15.600415491325503,115836.81119314494
1374,2.8660357439264517,0.07320808842208813,7.628419705929764,0.769726951420307,0.17160282160746956,0.13754982031376398,4.7806490040161185,4.442731247529218,0.8160844986901601,15.657039692154786,109926.65469108417
1375,2.874571044719454,0.07014299457548422,10,0.7731254619359968,0.1765857075177169,0.13869626358510692,4.601647596154689,3.3270061475559416,0.7547335036488205,15.701419258070537,108964.94847671321
1376,2.840694304963503,0.06834368950530503,10,0.772002616226673,0.18167763720478552,0.1483602782688054,3.6077729800314895,4.256490747913672,0.665534647824148,15.701059374406267,109891.47975734026
1377,2.8111179535763418,0.06885490008589003,10,0.7680575227737425,0.18676578132585345,0.16575355161644933,3.2108318653719476,5.640217237991172,0.49248172444124244,15.822277478236646,115087.80493918741
1378,2.799405000322613,0.06954816717962434,9.66480811217388,0.7633225288987158,0.19181118429279725,0.18358660844543112,3.7236860085777908,4.656546606522152,0.39741053387803676,16.26686038197426,117169.64508374558
1379,2.8373730494886895,0.07004003568291806,10,0.7656400758028028,0.1970750165125567,0.20183403126931607,4.633603069092391,4.09932727014655,0.35478071139515915,16.469144708853086,121440.46760195837
1380,2.8410125547906038,0.07095348041082856,10,0.7680158728361127,0.20293869889472363,0.21623389551044334,3.308168687956886,3.7321608084650926,0.23177110931585368,16.498259391477536,124263.52572937934
1381,2.823814845915398,0.07414718660083569,8.838614384213503,0.7693778312206266,0.20932517902419343,0.21937883022203022,3.3387967718442266,4.609698818457158,0.20336583248093812,16.596563672906353,125075.84385734875
1382,2.8253589284404437,0.0736725272538356,7.36596235346849,0.7705882284045218,0.21608422963719948,0.21801815657608292,4.207085263712383,4.717541185925828,0.23464233716801733,16.826239692310804,125286.82956236348
1383,2.8110009391178497,0.07387015965908061,6.546449013304806,0.7730694672465324,0.2230406663341224,0.21630124883843527,4.934091805926976,5.999015950392176,0.3789251240684935,16.772384067775203,125591.27780773253
1384,2.8099361195643913,0.07498695974862556,6.939034134467448,0.7738533118367193,0.2298687678785518,0.2172032751753863,4.0274109755225656,6.301268967081077,0.3970520598735556,16.629703936763594,125480.13854274427
1385,2.815072927460329,0.07781342675974373,8.510211844252996,0.773500433862209,0.23664031251036305,0.2207165355116959,3.5385347322076655,5.989977521418952,0.3809047364001209,16.720594149468205,129291.68935706244
1386,2.8895439441977335,0.0804262923208961,9.529872407002957,0.7762515377998349,0.24311315772525882,0.2273869468069333,2.8822211200001773,4.43775058163289,0.36750119823908695,17.38115461277699,129972.73230955807
1387,3.128264747009515,0.082842698832779,10,0.7833322978019712,0.24901884300031352,0.23595962137824456,3.46199664268894,4.667210099168267,0.3721644495398564,17.84143924330352,135586.61615173836
1388,3.3699853997574825,0.08504345428286154,8.124154984305264,0.7916256675124167,0.2541650045706513,0.24539289314442866,4.40712506524902,5.033120059620863,0.40336483581902244,17.89155125007725,142730.71730475858
1389,3.539150199942981,0.08851018696189303,6.263745285590424,0.799123351573944,0.2586807893324747,0.25767641613970743,5.536400117794135,5.878975967041599,0.45973928168051414,18.12950495647949,142341.75548827177
1390,3.6317971422444377,0.09291052878913107,6.712955444654745,0.80689444899559,0.2628071077620972,0.2704679951064463,4.059506710183749,5.927850209626418,0.46907397770052395,18.049880474759043,143626.57412243736
1391,3.792574790423795,0.09614082571187849,8.26776941195914,0.8148220819234845,0.26663227262062417,0.28292561293591517,2.3044353608918593,5.931691077515379,0.39701663283142224,18.159373006887037,142955.96449269235
1392,3.890622365917346,0.0952729516982869,6.798895003761391,0.8172234451770781,0.270009766762749,0.2943405549317977,2.9439316210936424,6.669624183322601,0.40986513281749076,18.129017381355208,139743.22048647061
1393,4.022625066298484,0.09073713054487714,5.1402155554117535,0.820987358689308,0.27283202281393915,0.30239704516192906,4.189139303901645,5.328994023285961,0.3958557581133655,18.155129077879135,134533.87540091737
1394,4.185535291519956,0.08808061960820493,4.009428720466483,0.8291152358055113,0.2749504499370686,0.31304053941133364,3.6217080948493687,4.736537248858787,0.3829505461418867,17.9266422837889,140780.64808587678
1395,4.404442009935957,0.08821335704964195,7.544276453145864,0.8391457709670065,0.27624174114155,0.32963128449262896,3.3767688503586246,5.5717089271120415,0.37638592255257836,18.817022439669515,135572.40615356012
1396,4.958352683298885,0.08963737658236685,10,0.8457208374142644,0.2769886357948326,0.34083290982947917,3.441425115669146,3.7835671705517875,0.36519319034189635,19.111648096987345,145149.64145986657
1397,5.3951244755140975,0.08965418314217126,10,0.8486083614826201,0.2776107705422619,0.34626735473249065,2.104440299659319,2.2903182782404174,0.38480258018945535,19.108811668620586,149012.8278261281
1398,5.876764105749183,0.08833844185938641,9.324082805443835,0.8520213231444357,0.27814813731761545,0.34797064406867395,3.8066890154992397,2.169761075976756,0.30834100159879785,19.302038540020884,151508.70119108178
1399,6.266997605762391,0.08744280604956077,9.209221663020742,0.8571118900179862,0.2785183620781285,0.3466352719182073,3.009997370461261,2.6694809869787424,0.27709435299236307,20.210425435595063,150925.69515972125
1400,6.736625171534747,0.08709965209466201,8.743602296627902,0.8591633090376853,0.2785228703450605,0.34625210501531734,2.8314701783118563,3.7630322830217526,0.25260897173775965,20.823171985236655,151605.4511375094
1401,7.751395719856389,0.08957270858251187,8.519450393762416,0.8650372731685638,0.27801349405878295,0.338789812707344,2.620969740337858,4.529351493923347,0.1679540696786662,20.919556879091708,199677.6102497537
1402,8.59804508680346,0.09356793398184403,8.848659213869505,0.8709453806281089,0.2770232162136411,0.3245071833845137,2.911208514963366,7.631460839104349,0.08133647549296814,21.49448247710521,245487.05116504224
1403,8.928712283809338,0.09440373611081013,7.428413352415422,0.8763526639342306,0.27558423217662376,0.3038259495188925,2.72553622182064,9.44234042939667,-0.008689860394487636,22.11384127994698,245402.36555934293
1404,8.933092240492956,0.09454607888806138,5.057917525583989,0.8773505887389181,0.2736918454550962,0.2811718332894855,3.192829856358644,11.170078902161002,-0.04480284981547483,22.41903504825748,262946.60044932476
1405,8.951273965597217,0.09399647150342169,4.334635247920544,0.8755437931418417,0.2713071865241409,0.2654656916320631,3.1786083017215647,10.293147411049855,-0.03455379800617304,22.292392235386004,272819.58418399305
1406,8.966165616810589,0.09209171168150732,6.305412230220319,0.8743942379951475,0.2685102302655145,0.25727637419944244,4.620562308454371,10.367858454199112,0.0747850037570425,22.306735590943596,273131.26508976804
1407,8.983673777263565,0.08946749257127501,9.438641179978713,0.8757997593283653,0.2654771111758772,0.25306259667467484,5.184595098042168,10.173784893376977,0.18900123352830525,22.322532763013665,288755.9350976663
1408,9.056353104292198,0.08733823060793747,7.247846739065427,0.8752956849336623,0.2623772847377938,0.25324348920334383,5.385006355425327,11.527378007990798,0.308677392037262,22.938236782525326,285407.67906285875
1409,9.400714427866033,0.08482777700116344,8.287081975768059,0.8732178336381908,0.25917367830568283,0.24925784926244254,6.892755696128037,10.349397345307015,0.43733354327849233,22.642584153577523,314741.5614576574
1410,9.518704343264512,0.08204774950287325,5.643896247730092,0.8749307683110235,0.2555860339412638,0.24186405860823934,5.732960014446451,11.328137827778885,0.4918265558211372,23.148847255204647,312497.5794006973
1411,9.64757841764126,0.08185968935445584,6.595468229721316,0.8750799870491024,0.25149206504542565,0.23938762976220496,6.025775864943418,11.828572945015507,0.5437909862900632,23.252683586923943,317797.10992488393
1412,9.751829227139023,0.0800810878915321,7.516115933865397,0.8714991244673728,0.24697356443862453,0.23866500739233865,6.709464045572991,11.11313624693108,0.5952206836081833,23.015556207707657,321222.94814868894
1413,9.863491681070686,0.07757300037959006,6.535279843172468,0.8610874879360197,0.24225149457709788,0.23467652661204255,5.461418146359942,11.867386061812969,0.6311195474193408,23.00009466396328,321164.52116648806
1414,9.898377276688205,0.07498750837033696,9.557483338004436,0.8448108434677124,0.23743907096457592,0.22777821641433962,5.20742358716751,12.199372462885847,0.6445843447239141,23.156196876311693,322418.62279318494
1415,9.98677211848144,0.07293974181092713,10,0.8277943137288091,0.23264504245335366,0.2173430314502781,4.426662091172477,14.407164641701673,0.6158671476516109,23.118822345520485,323965.68569009274
1416,10.020171055521002,0.0681292716911548,8.259833929422836,0.8120837315917014,0.22780515771294318,0.20492587063709042,7.232452819967101,16.353576399109155,0.6697635438327877,23.107914014150186,319946.88201629854
1417,9.991357850693399,0.06486120041650414,7.295013191215293,0.8018718361854551,0.2230915472388447,0.19668833360753912,3.8126692224855843,15.599306686572529,0.6056802645053317,22.483518880492937,318523.2328748314
1418,9.79586416691218,0.06216495257584981,10,0.7956698051095007,0.2186724427198543,0.19135111623070633,2.9974912778367395,10.025689063718929,0.5964611097480269,22.343314546619848,310794.1751815633
1419,9.526451447527746,0.05893100324206475,10,0.7860499471426007,0.21490148469726747,0.18672890477707454,1.7781187104818532,5.497286079449036,0.640979525546147,21.9793089957543,312986.10354560986
1420,9.32863447826076,0.05548011204114132,9.33025552067101,0.7720513182878492,0.21201711250352503,0.1837519892800912,1.8773162194173887,3.642358693754974,0.6656047478330762,22.197055483841712,312257.7232178447
1421,9.309019038774752,0.052840609140579115,7.660194105979177,0.7580620834231375,0.20957419408980701,0.18376235108903194,2.5332628615506856,4.3799697263283015,0.6716290525945922,22.38802454989109,309866.30484607874
1422,9.163490641190197,0.051551714158304236,7.855112127441342,0.7508492952585217,0.20731044080655292,0.1888989211571547,2.8651346296390865,4.439396499366978,0.6768490033022376,22.102653403499765,307875.4121614293
1423,9.17756353902254,0.05222983703145646,10,0.7510954880714413,0.20505536988154366,0.19824593535121487,3.7608007518120035,2.015295040658943,0.6677790449084988,21.641269383026614,308904.50555485865
1424,9.108496117106863,0.053533464649356544,10,0.7556047561764714,0.2024484020177398,0.20308524576648848,3.1603246554047133,3.7704351401413385,0.6728019439146821,21.588162191236126,305591.8410082553
1425,9.159152346647192,0.054365854104918614,10,0.7635288220643996,0.1995666935193795,0.20182356411434071,2.9639182930153782,5.928744933769835,0.6743745618890716,21.56082071774991,299929.11881022615
1426,9.070431077596721,0.056658676014007536,7.8895408109339895,0.7683912962675092,0.1965344219045169,0.20271824872164862,4.176550715607927,6.1196728993813405,0.6707270743899845,20.835928677290376,302118.69016006996
1427,8.619887854343,0.059728746702001054,4.556262813773028,0.769156853854656,0.19333483705957683,0.20075939101864346,3.8925568453502852,6.488949609031735,0.6488968673241196,20.406677818435167,294933.55130996194
1428,8.23656919499716,0.06438504719363829,8.529393155571874,0.7723943406343458,0.1898643658569118,0.19988318902516417,2.6501775182773986,5.675717674734352,0.6757776235977822,20.311593841857974,291970.56905971264
1429,7.91267544438404,0.06929879084501242,7.7223593237387975,0.7816592460870742,0.1862908417584795,0.198785512080494,3.6316543098211183,3.4377050143273307,0.6637034618493964,20.26022193558393,293111.837682674
1430,7.5328459293643535,0.07130377305148974,8.191099234078557,0.7928722846508025,0.18270907546844503,0.19802038807031588,3.0854759855001452,4.019513447238521,0.6597367913096658,19.8238587954441,294631.20787585666
1431,7.052937269255408,0.07226475086093338,10,0.8033159092068671,0.17916340106654882,0.1962156780625921,2.082024183493348,4.107983231447735,0.6653366531375373,19.46457443623603,290933.940340995
1432,6.093671129251908,0.07145517746770941,9.313162473428434,0.809399253129959,0.17577237075618418,0.19266788801029183,2.5717155842471175,5.5716666889882855,0.6738355577979026,19.286083042777516,242357.4120666617
1433,5.23796513250704,0.07137805593635363,9.175135143842617,0.8123335021734237,0.17247473482005643,0.18751494329580923,2.646041417801747,5.493670754092342,0.6969822999243802,18.857577597676414,203379.23270303392
1434,5.079218849121669,0.07513851778957915,10,0.8109873947501182,0.1692255344901063,0.1869262508187011,2.0533505587548686,5.596232184986859,0.723465264412024,18.78094053233928,203633.06485481924
1435,5.197016444639492,0.07839196512436246,10,0.8066145339608192,0.16618617705676736,0.19175629528347074,2.0965605326662944,5.184628821295474,0.7446824368215849,18.680239476413828,187055.0360083341
1436,5.405020309849099,0.07759386101493584,5.7946693991255565,0.8066281178593634,0.163331892853125,0.18973522080680558,4.122981826327392,6.133029629253386,0.7379258876715387,18.898263650476288,181148.48444238087
1437,5.728902774618536,0.07469713459779383,6.340976654208992,0.8097245895862578,0.1603310880793732,0.1871000224185657,4.274558724792968,6.779915245745453,0.7303555403115591,19.154497185853035,184243.15918321052
1438,6.201690779598088,0.07309887936376043,9.325659809408357,0.8118383279442785,0.1570190041663543,0.18315539799938824,3.286687592147071,6.194079586284222,0.7222614075040835,19.528483742654515,173633.8679974768
1439,6.562115133653896,0.07374338383564905,10,0.8159422200918196,0.1533018133804624,0.1724274854254247,3.28291455903181,7.495456543187675,0.7297430327659467,19.26748695453451,177674.43465262416
1440,6.6362945956618615,0.07468430249720284,10,0.816121333837509,0.14932822855101868,0.15992488581327177,3.6998968279371303,6.564231142066547,0.7167869325421494,19.65754707708322,152574.53550673576
1441,6.7854640437645,0.07565949244940279,6.9319696738999745,0.8152181020379066,0.14525548134365304,0.1478636385474991,3.804109204003198,5.664453523872059,0.6933994140358877,19.57603813503267,153299.01052139112
1442,6.847483784283417,0.07560799713310574,9.191827926896336,0.8115063858032225,0.14103538397708948,0.14020049956906394,3.7910325165121175,4.388870502678852,0.6748790719969342,19.66912398817836,154195.38623233984
1443,6.994770549582388,0.07621995680370214,10,0.8126055538654325,0.1366664153269802,0.13108040010972172,3.6164573076530435,5.907632604752804,0.6440935527666083,19.86642344368266,155447.590925597
1444,7.288313734200267,0.07633973540444638,10,0.8184153848886486,0.1320082983160929,0.12389727956064171,3.443041693553199,8.139478993242957,0.6073442720664476,20.112863066152766,160770.77642696272
1445,7.615595607532332,0.07594560262191538,9.04602396061605,0.8230230075120923,0.12719956130107007,0.11674346142327163,4.045452352382432,6.6755933268759176,0.5886587204367373,20.12823594075191,171138.88323801276
1446,7.8875188729006425,0.07817779090318128,6.71492412146915,0.8299454888701435,0.12256708252334188,0.10742712499149461,4.10123138753986,7.934288958214431,0.2882456866654002,20.70991536930534,178391.12888864658
1447,8.032145358876093,0.0849364194257669,10,0.8389065897464749,0.11849025465579748,0.09980393101578688,5.646650359524184,7.251005415188764,0.31703733382359667,21.146965511425485,179425.78953274732
1448,8.195580555048,0.09024967630790674,9.855942789679757,0.8478904798626898,0.11516465185992576,0.09446161958757908,6.373643951236292,4.890294837936632,0.289243936090288,21.163036089391156,194445.46312349613
1449,8.32788802833557,0.09550579006468186,9.7518444172636,0.8572232824563978,0.1125947470996433,0.09062590600225198,6.431827019983027,5.219533875662015,0.24539833718453918,21.456022720411294,197541.01501061756
1450,8.494833273408172,0.10169520244656974,7.884980911987347,0.8618290507793425,0.11054059930817942,0.09250882434356901,5.112905518896046,4.51371863919433,0.14743039136612718,21.72608622241549,190981.47948192566
1451,8.532884840082145,0.10962879770523697,7.011784277725928,0.8661139622330664,0.10865140483181467,0.09526917896717693,5.542115463083158,5.286180096293206,0.10487231479727928,21.395836397522615,192958.88806242452
1452,8.675452704526636,0.11556070809723207,9.110878713119119,0.8686304041743278,0.10722173809625353,0.09073740310272584,7.491954418214498,5.4011335640866385,0.058673468978854205,21.687058053748746,192649.60930601793
1453,8.832518201300488,0.11584359407190026,7.736840904521577,0.8721509757637976,0.1062845278820804,0.08622431985356946,10.11986234848085,5.962924313404475,0.06794697178132318,21.845762408785525,198028.98288818062
1454,8.902929858396723,0.10962207247631212,6.265192772866033,0.8732000571489332,0.10580948032688124,0.08301302098856606,9.029698272332523,7.667515701270014,0.1667673254350037,22.046939859544665,198780.65775318947
1455,9.023073446256742,0.09522461674779335,7.097802142733,0.8721657261252402,0.10590066586049465,0.07990411605373396,9.448065535395672,9.618494197457093,0.35235965861828716,22.0011850892651,200707.19083803362
1456,8.947292845046125,0.07908468338278767,6.848238356766295,0.867763057053089,0.1065778580466706,0.075568400686007,9.259815567774222,10.968837424751309,0.4803512977564751,22.108061850110616,200082.86438300164
1457,8.836978722159815,0.06824973641188943,8.612968262308515,0.8654846614599228,0.10784020109602409,0.07189523035817873,5.9776123595170745,8.86169098252201,0.48990585359151206,22.202271375120358,197493.5487524076
1458,8.770310796591989,0.05891691964724865,7.993612381983509,0.868711947798729,0.10942966856446323,0.06532136286525533,7.760408879572141,10.028696041840302,0.5256509201955889,22.165325604807183,194469.90451888595
1459,8.6744204249319,0.04874707452614254,5.346238279920502,0.8865316066145894,0.11133786054079092,0.055481561687655966,8.51127838370887,12.859365905433066,0.5657712623090894,22.043081169995443,188926.42974699286
1460,8.444191561460055,0.04084916845719736,4.922714334464824,0.9025356867909429,0.11339472839183656,0.04971466461478728,7.1475650970550735,14.420964313641438,0.5342142873064065,21.41406620528253,184901.83911541486
1461,8.394293290137933,0.03685470476541922,3.065011456103999,0.9176515442132948,0.11563160358792336,0.054413545960740724,4.850154304620234,14.40285871621868,0.42598918778113887,20.939514171323815,180086.58624550232
1462,8.334194768162318,0.04186641835598063,3.0317384985878455,0.9388638284802434,0.11835220076323558,0.0698340141687158,4.4805087643679125,10.68233414646931,0.385774135021535,20.985280903378456,180691.20311470336
1463,8.181987295923758,0.04513651555873146,7.12504760508774,0.9559142917394636,0.12166604236465314,0.08957420133826832,3.8179134695318186,8.117448009594458,0.35955109463731194,20.974978459391956,182594.99914913444
1464,8.119352448569709,0.046952181135998416,7.6079358613093255,0.963801551759243,0.12544703867062884,0.10784789572705358,4.7860831027224835,6.571868906205481,0.34043676549189544,20.753912792950207,175210.78834573273
1465,7.889758890897948,0.04815599659438702,9.331522421449735,0.9605661270022389,0.12951286425627148,0.12324766928331979,3.9240621016048496,4.400436202143869,0.32991893627904956,20.252229240431255,174283.67156197797
1466,7.684276112072045,0.04768822608142148,5.710020175482057,0.955009777843952,0.133598698364621,0.13319126651616314,4.7065090358724255,4.560040712938401,0.32958042217967026,19.976254454268567,174936.0418268243
1467,7.38437715536249,0.04550897676851178,4.898560460199941,0.9472357839345928,0.13756223715146737,0.14541555200441117,7.298630815558078,4.3840262968162245,0.2861232150876294,19.935884262773904,169850.0576229276
1468,7.006404034923776,0.04134209997961803,6.392910922950896,0.9374806028604507,0.14157509014483272,0.15804650577919854,8.790077692737361,4.449860549128725,0.21034010579947493,19.50936811099084,165844.18400703176
1469,6.4954374436627065,0.038733853824863954,7.872715240206743,0.9267880117893216,0.1456076236014438,0.16842892378821425,7.43648035702587,3.972229287590249,0.182951848195367,19.104039842407094,162518.047648102
1470,6.062885589860872,0.0369150145950301,5.243244511063466,0.9250270891189573,0.14967976925148493,0.17525423696743953,4.773674700610268,3.1780914782104297,0.1994614564466436,19.062626761896944,157198.70696023456
1471,5.721282723415384,0.03736862884970374,7.505714350295898,0.9195284765958786,0.15367681752283482,0.18091784358472687,4.554099101258988,2.037590024914784,0.21672720732620615,18.56907130642644,168851.12780339507
1472,5.405284263414343,0.03963629730232855,8.628220881923792,0.9159912788867949,0.15769750560199813,0.18699627307745745,3.1745442315502044,2.9925803804184063,0.23991945002002873,18.539760149720728,164127.41539133788
1473,5.1969288900339485,0.04371353487623668,8.358243757758478,0.9170170873403548,0.16171770442902045,0.18947399109067772,3.5535921655383875,3.394351520935625,0.2672750694389484,18.101074383061665,163029.83436991184
1474,4.99786533827412,0.04591278338380785,8.874132994241254,0.9183462655544279,0.16567853055795226,0.19023435137588007,2.485356405711142,2.8098454266597344,0.34069587632897746,18.155541741118654,156718.4277628146
1475,4.710120714921497,0.047538525558093465,8.562366655375037,0.9168123486638066,0.1696876860742708,0.18766018294305623,2.429757066545887,2.590885555160587,0.3879504574155244,17.880912998639314,154173.28767009507
1476,4.4384371522267365,0.04920665997770503,10,0.9146143412590024,0.1739072303714874,0.186086592501963,1.8957184681701362,2.212175949598565,0.4474014653718403,18.10633517293699,147473.6054503877
1477,4.183111961003825,0.047866833810129746,10,0.9127997365593907,0.17779054634874422,0.1917656374261728,2.3248018364178513,2.6956210423597975,0.4754781726541056,18.203164398528124,140207.3529568928
1478,4.159992295925741,0.045049249275182876,10,0.9159634926915168,0.1811792215923699,0.20253302065973147,2.817977572946453,2.9465607580154174,0.49960223484819505,18.091917860608493,152589.90836392125
1479,4.164470257841757,0.04183502576593768,9.167876064036198,0.9269725573062895,0.18411768142928708,0.211672505072826,2.663562248499616,2.753406256292733,0.5225187321368214,18.979566503011963,141687.4567614097
1480,4.177339288142892,0.03869449624424029,8.28008812014805,0.9415227165818212,0.18658430337159654,0.21666649915717395,3.673088608765001,2.711843927466071,0.5327684931291732,18.714386790273185,170894.56659457495
1481,4.245852926451019,0.03644561068182863,8.226805638977766,0.9545644882321357,0.18868762540601636,0.21916968170240297,3.448957914865292,2.959984649430319,0.5438039912866216,19.70209594120394,181056.43826085384
1482,4.655098889791326,0.03538905407526209,7.815897962008121,0.963558963537216,0.1907450146757413,0.2181388813594157,3.7488723732837315,3.305608833193717,0.5621819659013616,20.554708179623756,191948.8556259273
1483,5.390757235196542,0.034767769194893945,9.364191406288889,0.9671070465445516,0.1923469885826661,0.21513584589705181,2.3523687137998612,3.452331881528428,0.6101579820425984,21.048779393743857,226552.77030164402
1484,6.1934284680378395,0.035790514472811244,10,0.9657619780302047,0.1935691115504256,0.21123285700851296,2.5187158624181905,3.240897165038055,0.6233151458156356,21.908696231659356,246199.83687349694
1485,6.581490865784972,0.03541436835818344,10,0.9667821910977361,0.1944526400893474,0.20924953613984068,3.0837528601564994,2.792434241850155,0.6137168045055797,22.703175550573004,247091.03983616512
1486,7.143448250114356,0.034579584369016515,10,0.9699004617333411,0.1948088058339745,0.20381261246557975,3.1745354056332857,3.0647633395476976,0.5786022502582882,23.00019394875412,257653.01821405182
1487,7.468732980165852,0.03381427861102735,10,0.9667470574378967,0.19467922817745134,0.2002097311400707,2.3806547341295516,3.716157184187573,0.5689050578013332,23.33215825088444,259326.22757418256
1488,8.805305038909752,0.03418101617656038,9.624906334066896,0.9657312515377995,0.19419238974031408,0.19652139399587037,3.135232436027639,2.770179000016091,0.5360684447776863,23.545470670093387,321122.6665395458
1489,9.015420845969974,0.03466775247886079,7.900703143881694,0.966140841245651,0.19360154142554165,0.18810697286214167,4.005314235406564,4.293731704206791,0.43047231856220736,24.842668093362796,321790.7236331696
1490,9.192611000096779,0.037669179522239936,9.534926780654844,0.9593580159544943,0.19306953936971033,0.17976538269353093,5.974033794561658,4.991521831811312,0.302945320358663,25.13223631917646,338370.96480873524
1491,9.307427124147255,0.03768998154013045,8.313705815743234,0.9669251111149785,0.1928829919087639,0.18052053782850247,6.250227544108531,4.744115864768095,0.3439840369317416,25.573461633995844,338523.70858699817
1492,9.347373439939307,0.037517624508837916,6.056164206890443,0.9607358077168463,0.19307130565165462,0.17479634125570245,6.635877851314879,4.8044501791373975,0.45482654851445337,25.567808930352516,341790.11619531293
1493,9.385297690170995,0.04056523198744899,9.478134216889083,0.9648772928118702,0.19317676555312932,0.17488294672111163,6.8729855334556085,4.068748262291962,0.6158284185046322,25.45569643363935,342623.0479976924
1494,9.536380624808697,0.04298043625183493,10,0.9618649077415463,0.1928157191778164,0.18066645628270073,8.753195291996228,3.3074829555602365,0.6270855181169369,25.525708145420097,340665.57300337526
1495,9.678992214738146,0.043446689506740584,7.7156103004848875,0.9627466633915898,0.19201309062913505,0.1843131759386474,6.190405264388826,5.217844975470435,0.6573747926531962,25.525709359129817,341071.42102079495
1496,9.85079439134627,0.04180163654237063,6.582254570146148,0.9509550011157987,0.19088896052857085,0.18845065235033465,2.759143080398334,4.603555008550439,0.6077669722502326,25.270787474054504,342535.8406031533
1497,9.969869467896903,0.03768713369302966,8.300539655696703,0.9555138057470319,0.1893878857650059,0.19697033387763527,7.5288284712914315,3.535075710967681,0.5668288384724941,25.39282158711429,340088.71772350866
1498,10.114559163551936,0.0318692012925192,5.757207394705635,0.9518824326992034,0.1877070000576633,0.195076743119079,5.716623406561302,2.7710099136147726,0.5029786663826722,25.43317159621549,345546.9344734675
1499,10.167756920584033,0.02326200866392003,4.718678314840005,0.9585354632139205,0.18594707784428766,0.1959323177797431,11.82102605116519,9.614867807777458,0.724323281336595,26.20449054826748,345334.90879931574
1500,10.202214563267571,0.018789530173755373,3.4646471571846806,0.9548085868358609,0.18423029629914908,0.19581830849478932,8.3706642413032,6.454084737865456,0.7558281125864112,25.994971371358904,349164.0082006266
1501,10.203289075041962,0.012309654382559,2.3490914123036926,0.9513283637166021,0.18260159601067963,0.18629537505087856,16.838447897472747,14.778135523850125,0.8851922732208292,25.725447953096612,348412.48917307914
1502,10.098804477418854,0.010248703965653673,2.673650694896089,0.9486413300037381,0.18127982297392642,0.1769009362325111,8.874721922746872,10.448748103995635,0.8736410503820722,25.75376462367689,332500.3175483503
1503,10.10457172721094,0.019497799729662448,4.174999723279549,0.9429405817389487,0.18027020636137073,0.171904281526201,17.12407679851372,23.70483193874285,0.8799334121637259,25.50350730964226,335533.7644303427
1504,10.14973557828912,0.026445218543030776,4.700611741124854,0.9443229594826695,0.17942037123985075,0.17115769333273304,5.815363003578305,6.855609929466921,0.8776936446509396,25.925085965809316,329729.1734348521
1505,10.207555949195903,0.03395895748717127,5.104787300920214,0.9365909183025359,0.17862425304257445,0.17374228764510907,6.109471711306097,10.134065881425922,0.8624563900543504,25.983602167756015,340518.38905336504
1506,10.145895411267952,0.03949381748262015,5.843051286948606,0.9399056756496427,0.17774429890465396,0.18187721165371634,4.274157511053474,7.9745522453040945,0.8457979542428954,26.406791370570268,338196.9878095255
1507,10.04874748469404,0.04256492395053993,8.906768796131832,0.9404433113336563,0.17657469489704278,0.19192431853157543,4.523616210422643,6.850500738306777,0.8374375786938835,25.968353112476514,339804.57241372915
1508,9.9798797871814,0.04587684071718877,7.716250734553939,0.9473737341165539,0.1754798576247819,0.1950348943718879,5.040058377489558,5.308704034785848,0.83483705059295,25.712918144699763,338079.3205774223
1509,9.87391396491493,0.04769823154379718,5.576533320214559,0.9528282555937763,0.1744437127399163,0.19134058302503,6.402569524740213,5.787933886570581,0.8314602359858015,25.461656673365646,325692.04220882565
1510,9.81997810257763,0.051368807826197,6.636902116093241,0.9654957216978071,0.1734060172014307,0.18679102006370574,5.744611364003921,5.739109307417742,0.8286185700141769,24.848070328145397,324665.49067036295
1511,9.870313511140271,0.05492323309581443,8.254231859900003,0.9706235092878339,0.1727154933594895,0.18181846603968396,5.769497356824457,4.064790954296866,0.8241288017228762,24.630090663089735,298747.08563224296
1512,9.70011820648506,0.05723338963052196,9.204182851024708,0.9755259314179419,0.1723925035845621,0.17263636403188895,4.591636836194147,4.9351044997024225,0.8216645308526244,23.705463353913974,288562.57512172684
1513,9.293503036313611,0.05805944246970478,8.850542241674585,0.9794101113080976,0.17221131871228873,0.16603142443179447,5.946192863407228,5.636917095293183,0.8206113960934767,22.90168551112824,275572.618440813
1514,8.422147175578473,0.06136629286422397,10,0.9826328369975088,0.1722287058846004,0.16057825728240777,5.51436198052231,3.6935286249633905,0.8177608409813865,22.376797293050842,241566.4080966909
1515,7.444947864041426,0.06177820902793859,10,0.9838750457763672,0.17219298256146423,0.1580126291092176,2.9339316330258196,2.2575321803946355,0.8190961454012956,21.448620474543425,233761.10288161488
1516,6.989113070630199,0.06075468967563261,9.56563319067844,0.9866556710004802,0.17222784775345465,0.15875982719728704,4.48862214941475,2.308457956565825,0.817343629032605,21.08833832868916,232879.92601139957
1517,6.469342366044098,0.06152105523457633,7.025849850984913,0.9910351103544235,0.17268375971928818,0.16283764832623066,4.23943914048864,3.707775742111675,0.8212355273763701,20.791623086062348,242223.83801792937
1518,6.148294946886425,0.060942428938065285,5.581850348412816,0.9984733673930165,0.17349892113750823,0.16891161615084432,4.222399820078174,3.6937333711659734,0.8192384805642879,20.743488625126783,241202.5978691169
1519,4.911255957172961,0.060840615911973796,8.21667874795174,1.005602580308914,0.17464125221736673,0.17017650522875094,3.7017150733115884,4.025914416149852,0.8195578596020683,20.43564745503719,205803.3742710408
1520,4.967687374636417,0.06286961558208032,10,1.0086641085147854,0.17621390772382325,0.1634273087465774,3.3351151244470043,4.128224735469856,0.8190256737403153,20.299448918343167,247784.73059533976
1521,5.617005350381683,0.06542210931913074,7.984207834226609,1.0070345884561536,0.1775934060000541,0.15248680441799528,4.407900209290398,2.6534148338865577,0.8222509859466849,21.997323569600397,264596.6107297068
1522,7.5410831393883235,0.06820541584113464,7.405643789647969,1.0065652060508725,0.1785837283715073,0.14426281359255608,3.359715463715119,3.6208065461569596,0.8257410709336034,24.067975050994907,377539.4169355926
1523,11.374129219405342,0.06793368009557989,7.897306848065252,1.007089693546295,0.17919532541035568,0.140856385815615,3.244875009697833,3.5214433313036375,0.8333240635055045,25.27076037768189,652153.2914094079
1524,12.236647256788476,0.06406622113348436,7.288981135649116,1.0062986588478087,0.1798692316821725,0.14276245529027803,3.94461704826713,2.8816241985991375,0.8647869623901953,28.070493381231532,667086.6958216035
1525,12.623145943384099,0.06006404147612883,6.542904982649545,0.995238515138626,0.18078229755829398,0.14849789458964713,5.001587702864511,4.308852452236911,0.8659417925449109,28.71415542308073,724917.0635266479
1526,12.828121096674476,0.05711625913903895,3.7651907544654017,0.9948074823617934,0.18191006642592877,0.16290693683847,6.198550025607261,4.248798634667646,0.8679154664765354,29.238962516156217,733581.8563537217
1527,12.920515994063576,0.05468989358470061,7.746768828797486,0.9849185919761657,0.18275786569316463,0.17843796932758613,5.2922691566126545,4.625878161692998,0.8832154453223359,29.92115953075254,745399.6297571292
1528,12.951486024404067,0.053803576108324175,10,0.9799670934677123,0.18344869125430796,0.1913536028371606,5.254357439034043,4.221001625686843,0.8891790586172736,30.408256237314372,756406.8251692582
1529,13.052727847701755,0.05126446938904986,8.258135350758929,0.9699104237556454,0.18396516309487215,0.19561574546074162,8.655361349355589,3.2649965841686277,0.8626642853330113,31.01808724553078,762609.1982541283
1530,13.211932725341402,0.05071744450032457,8.704119214347802,0.9627768319845198,0.18445533304919698,0.19482489476252146,7.445655629217442,3.703231922619932,0.853058652037836,30.798822888689457,769995.2246807357
1531,13.21987759566486,0.05085740389380103,7.4850213282871065,0.9533399453759192,0.18489912413851614,0.196899129446493,7.450167197475238,2.4857787876782367,0.8118566405897883,31.002754731675438,772013.4532577918
1532,13.301560845805243,0.04683417911649187,3.8939997773135206,0.9521071770787237,0.18520480027856454,0.20042864599171778,7.778035477891675,3.842563589010671,0.7791333547774295,31.03727971682788,778793.3650173608
1533,13.461114570732398,0.041758796438172076,3.684410380906513,0.9458079576492308,0.18522706815997123,0.2021709401973327,8.222989350489232,5.058302921604927,0.12680514957145095,31.454166175256816,784594.0947756512
1534,13.815839695264286,0.035606252163262894,5.17550204226914,0.9388328355550764,0.1846898897137284,0.20731654500181415,9.062953076136491,7.756399970434284,0.23870013759665135,31.52254622953811,795250.0945638628
1535,13.839372309065496,0.028279014104255696,6.874124946453266,0.9315165957808493,0.1838053789772083,0.2199100140328854,9.370948385523754,7.763480955094254,0.3595560402037244,31.527251258353818,797639.9450400509
1536,13.87151336277172,0.026044857512696386,2.927621539022304,0.9143468004465101,0.1831895415580677,0.21650673420826588,11.54787934312129,16.92143189954336,0.64907187854595,31.385626357283492,788794.1038893077
1537,13.944464981181797,0.02346517924242886,3.926780714844692,0.9032660216093061,0.18296464131558465,0.21257720516876397,15.292177252438357,28.559788638952853,0.8162450804629396,31.00439932589911,788307.0977711034
1538,14.11308883734678,0.024727414276904256,4.264459475444598,0.8757186624407767,0.18301882004983752,0.21088382673587588,27.221855332418887,40.00662140247212,0.9316951201734864,31.04653389627643,785863.4481423276
1539,14.156893780598544,0.03120845225628017,4.584228692926992,0.8751168486475943,0.183371773463828,0.21592598879820935,13.448055768603506,18.857424041705254,0.9359961293828777,31.427549092955545,788942.6560702054
1540,14.211357840571322,0.03827072893429214,6.873496901728142,0.8710553446412084,0.18377071121030947,0.21964562518479563,12.963807860199314,15.092185761899612,0.9375191233528388,31.630343621772745,804480.6727568037
1541,14.295525498665164,0.04327667623558378,6.485201269102806,0.8729764717817304,0.18396090185263453,0.22175185496038372,8.971297128681547,11.799549846958037,0.9371548720271774,32.10486502214843,809134.7364068291
1542,14.528672347523857,0.05267902791259922,5.35222339969334,0.8564164263010023,0.18384766490153248,0.20810024332399646,9.397128747469107,10.399939240445905,0.9380220641410753,32.56682743077535,810592.7826083003
1543,14.960534118979828,0.0599440771295377,6.0948543579082495,0.8474118462204933,0.18345909131278543,0.194051956427331,10.352253167560999,6.542893803819235,0.9299890380057098,32.632076469578315,821403.9493911134
1544,15.470551642322457,0.06315811468658578,6.8182774330698255,0.8266853430867195,0.18299735568333372,0.18204205148928496,10.701925177955003,6.366207846771934,0.9199363322437938,33.1173304151874,891861.6097014768
1545,16.334569891931803,0.06821804530345835,10,0.8204871308803559,0.18266876637404547,0.17577352586647785,8.7464255563558,3.602152649595822,0.9127695215285407,34.18374848613524,890723.8470882975
1546,18.35537754221251,0.07357787329445183,10,0.8131800305843351,0.1824184398515805,0.17177015287811226,4.0637456587461065,2.683550131113075,0.9122869928393339,34.7726017530866,1011189.9474259039
1547,20.191656987811527,0.07671627592354643,9.5721953194345,0.8067936608195302,0.18196806017889824,0.1682357875387863,3.9750294026904935,3.162546622310096,0.912622349923358,34.72760162168449,1109402.7617953506
1548,20.86471626402449,0.07932425723653526,8.54463518659618,0.8032995724678037,0.18105231449592252,0.16352795264983855,4.6896154813767446,3.3972646380163405,0.9134523409831327,35.9958261954066,1092817.5449411764
1549,21.24921269316094,0.08141504788519334,8.675218789516805,0.791880327761173,0.17965169190294855,0.1522590843173168,6.464284088037006,4.844175289931847,0.9157097075405881,36.20671375708516,1116013.616946186
1550,21.324588691437373,0.08201175635011096,8.648342724263776,0.7780778008699416,0.17769623201932377,0.1427566723966279,4.840007775156381,4.313966731044576,0.9190525368921819,36.45469422460806,1106186.4792090845
1551,21.249754389310954,0.07944594234289645,5.896829978251455,0.7678117737174033,0.17499155089057739,0.1443363487532185,4.640684579566347,2.7617776311552413,0.9191123873983775,35.7627901509941,1066062.5201025496
1552,20.612089185446948,0.07731583660481414,10,0.7623427170515059,0.17216781570470593,0.1455148969010202,4.992166175784954,2.497094947444623,0.9231190385619736,33.936843334838386,1040350.9899548102
1553,18.741345350956163,0.07470463647634261,10,0.757395493686199,0.16931677266288733,0.14594235435439543,5.951988058866233,2.844272167092702,0.927400829365792,31.93956186306,927408.8203223544
1554,14.950429670996312,0.072264956371,8.306315857019833,0.7546661153435705,0.16651716031702404,0.151797941649319,2.776228118104561,3.6056387729736046,0.9220063199948101,31.133083438858115,650748.2443744914
1555,14.068124867774827,0.07224066377014415,6.190678827079099,0.7535063013434409,0.16351431472155795,0.15512952543120495,5.270195507484996,5.648653963594269,0.9205984067371286,28.088514424363108,647490.234601569
1556,13.64627232031352,0.07378139734118179,5.288402941914859,0.7558610615134237,0.16039136551051292,0.15439380450172488,7.961029225536567,8.834819286647738,0.9194784843258056,27.63582311159141,589829.9683194866
1557,13.455654834705054,0.07437612337722166,7.181834067882532,0.7571310853958129,0.15739084776488171,0.15939659135430706,9.874474887746356,8.244355752821367,0.9183537165647614,27.202882157829244,583649.5066732517
1558,13.352876141293772,0.07539347169605856,6.140968439204327,0.7651831048727035,0.155040828449374,0.16639218807642622,10.269590637422812,10.015421738798302,0.9180363520018859,26.796570974230466,575728.4716191558
1559,13.408756009707817,0.07334024431532618,7.259732478128109,0.7774558874964714,0.15334197314410603,0.1770397983241576,9.994132429948454,11.642513747295627,0.9241657470071448,26.502192656465365,567965.5399143365
1560,13.235770929993725,0.07162830060783769,4.884303490613409,0.7924118962883949,0.15225554664205726,0.1854294768728049,20.38617403963228,15.58611975822232,0.8927798936999157,25.870728065905833,561479.6250217764
1561,13.278996817690087,0.06778051891364575,6.097766624548768,0.806736475229263,0.15123735393894666,0.18706477256610685,33.5247412352752,13.988744116934939,0.736292907749557,25.918984404858453,553839.0035302452
1562,13.493030716686452,0.06912527588094014,5.738482370369226,0.8273576050996779,0.15067421223201127,0.18293735959334353,32.23878967011087,15.805929472290698,0.6933283327419257,25.996669755310897,549351.7850884754
1563,13.77651184588816,0.07176633105660483,3.6647895080903385,0.8411470380425452,0.15048234756644255,0.17204052981947074,19.91993130771567,11.79842925220468,0.6843575222963258,26.027050804156264,548964.6968013385
1564,13.915354162397277,0.07459905331573372,4.791645371160968,0.850943911075592,0.15106847687216315,0.1587516398151394,11.63819582752052,9.98241369691724,0.6833715256185586,26.07529689274983,546046.749827637
1565,13.946801865421726,0.07307788585417689,7.765230535816004,0.8652031958103177,0.15260431725948886,0.1466972886094453,10.64389916610984,6.065622377432618,0.6811410311149371,26.245351265614474,546326.9446482274
1566,14.000119877712741,0.07496166991139924,7.760638972963028,0.8804995244741438,0.15513553254050783,0.1360648990417475,5.560648900072702,6.245465139289644,0.6913527329424449,26.70870457542737,546542.4795125268
1567,13.964704488286845,0.07718104693745227,8.514923894513235,0.890033178925514,0.15760240569766795,0.12897094344625254,4.758972123574791,5.148716469026986,0.7266970410869568,27.00008484335462,558938.0191232422
1568,13.99939217931314,0.08348205218301813,8.699175514412474,0.9013742992281911,0.15970070621821741,0.12419487087238607,6.749252343214382,5.109391459036064,0.7459538499178187,27.421960819648447,570201.5548651029
1569,14.274961332734382,0.08769970388181264,8.441891776875527,0.9126434677839277,0.16141147086061364,0.1240958440141137,4.68623248711903,4.877653710696257,0.7973122048028303,28.17177360070675,567183.5254716584
1570,14.877022071413826,0.08964947402861878,7.933604537008535,0.9187415134906768,0.1626608540269796,0.12283777533876095,4.175697547905641,5.745817296775309,0.8228514239498337,28.117338944571927,604031.4753498561
1571,15.607025140566563,0.08829579652505401,9.278999902625525,0.9203744494915007,0.16321345608631885,0.12283419964239983,5.488222096681932,4.535196523550502,0.8494856060056611,28.633120157636714,615127.9620202323
1572,15.801269860129514,0.08886490289125534,10,0.9291993075609205,0.16345200852769037,0.12873580484581673,4.91706605339682,3.562579195876104,0.8641199819427485,28.636532669633706,645670.3696954707
1573,15.651938779658066,0.08875347713022892,6.864756281670473,0.9338746991753578,0.16327130781507881,0.13524964454325789,3.989459220206934,3.3820098854473977,0.8668151739248369,28.651778740892876,721766.9227011608
1574,15.569920693202292,0.08764019134364928,7.1712693175937,0.9344297492504119,0.1628912770656109,0.14138744196402311,5.51386049403318,3.7646594205111863,0.8683746292546206,29.771355887510218,726329.3397670094
1575,16.27208874539438,0.08722874211670992,5.489417717424406,0.9471397924423215,0.16209962194425723,0.1483628299257732,5.683360010793549,4.816796379461591,0.8766353290626651,30.306527771185845,736281.0852120086
1576,17.212712846825983,0.0862274152560874,7.9019857956520845,0.9490050905942916,0.16110848872108338,0.14420955207004946,6.447686196349585,4.737123732510654,0.876299379685212,29.726010835019416,896324.5570012605
1577,15.80533185354104,0.08831995278668262,9.063974285784564,0.9494382300972936,0.16012967469125894,0.15431275996311475,8.601317680672746,4.45515067055597,0.8709640783391409,30.519722142236933,769798.5785327316
1578,14.131293819545373,0.08807100236270317,9.359998434593905,0.952810913622379,0.1594027314153253,0.1622879829061561,6.614967269025802,5.640753691583811,0.8701867405525757,30.988110849283242,706394.7980251767
1579,13.301821849025842,0.08664362050504631,9.781132188733254,0.9440732976794242,0.15903215077749508,0.18169796112717662,6.401346933831359,4.079167335266404,0.869238215178753,29.854064814104323,713291.9033528877
1580,12.957304495993267,0.08524936530186035,10,0.9422536051273344,0.15889965275228274,0.1998701363244134,5.174751058522025,4.548848626858468,0.8689933231117843,29.07825562434176,692099.2188481211
1581,12.792031761204488,0.08203532851680564,7.088668078230963,0.9422975087165831,0.1587415126778711,0.2212243461082154,5.764780458684686,4.55285883304065,0.8700802113394437,28.888832329847354,676552.3267804392
1582,12.609138129021492,0.07989034389455835,4.707904115810713,0.9485348030924795,0.15864096428401106,0.22080941662518325,6.829983018914671,4.159327707828339,0.8711422455233386,28.253182947219802,675289.3637169476
1583,12.519239742036502,0.07200074514461101,4.862632117071193,0.94968459546566,0.15877135563875813,0.21056221303805495,8.781848150803135,6.730572601522091,0.8752979054567739,28.010796241941865,670982.4241283038
1584,12.412119587923693,0.0689745916444953,5.848356445801137,0.9544663631916044,0.1590923424092841,0.19897605826867706,15.01233615916141,4.798121990167518,0.8437218533796769,28.004021147049723,669783.2473845005
1585,12.357039130776478,0.06314380761384548,7.258921239944112,0.9480736526846884,0.15946313680546206,0.19052881980666442,18.224338833237944,7.717314820741388,0.8332445027897997,27.763338478045505,671398.4974834924
1586,12.427902415421892,0.05651937740042446,6.161188601396052,0.9560098934173582,0.1599246519135207,0.17226018927072137,19.91010329379649,5.098318193601173,0.7970771838337664,27.90652406454212,661535.435170212
1587,12.39804999376523,0.04767167726100774,4.983514315259578,0.9424326449632643,0.16036150226330156,0.1617889301842422,14.289684234330526,9.341882928917064,0.8019265082915589,27.864390123662087,662690.1449060147
1588,12.389140249728658,0.05086920082216782,3.293435657454516,0.9446713048219678,0.160712837816409,0.15379486926334787,12.666417234210318,4.129153711411545,0.7999349439217782,28.02934295898462,660928.1404173558
1589,12.325939060118532,0.05289742702025041,6.8142830331608994,0.9429791274666783,0.16116365200436159,0.15461123484292244,14.417959089692213,6.282519150244351,0.8290226600639962,27.916602482663187,665662.0922038286
1590,12.261127660445887,0.05776783493595653,6.442791483895259,0.9512082806229589,0.1616348475574502,0.15249848956219203,21.371911212572517,4.024517589293967,0.77951034921471,28.310123038909893,681517.1278077534
1591,12.430530464638965,0.05920400506769989,5.440400057780664,0.9489671754837032,0.16194174705938952,0.15470434695441615,26.892690626752152,7.655252146399638,0.6856392037631642,28.99790379682,684114.665715875
1592,13.025802588745236,0.06314183542911483,7.898123205436487,0.9573870509862897,0.1624233584148361,0.15672153764155008,13.45704182539874,9.105231384165927,0.5095711241902068,29.200664275033898,719437.2269302895
1593,13.338476857814717,0.06427595662148015,6.3834217965555125,0.9386700466275213,0.16239233798228084,0.1604021180393991,8.823657367597699,10.180220399287464,0.37377013876928583,29.37973987682597,735464.7220676265
1594,13.542743465019786,0.0681468619852771,7.490011056203694,0.9364100730419157,0.16202038045077108,0.16055253004673528,6.699720195596976,7.073082406985602,0.363781489995803,29.826838878678796,746815.0201307416
1595,13.418048960641007,0.06971823032187828,7.212908206159455,0.9253370752930639,0.16122368932697512,0.1546442010335568,7.456496376979969,8.81767529292675,0.32191964356570485,29.84622840963911,742483.1452410807
1596,13.16455696838649,0.07208104407692492,9.779109546266486,0.9176966485381126,0.16020208468097594,0.14179494630268336,4.574651227424059,6.411632002063252,0.3158732533635087,29.52657553440221,745623.2872571128
1597,13.105792447765031,0.07023575552304098,6.945217848056733,0.9110354351997374,0.15867290274137277,0.13294789883208635,6.50184111444935,4.553763933545964,0.3192047772534789,29.46047793578343,750925.4105057297
1598,13.141375554503536,0.0691546965127126,8.003421652732385,0.9045609605312345,0.1571058087738997,0.13301307544341143,6.237655989736259,6.918254880197237,0.29925459082683625,29.565866571025754,746267.0700414306
1599,13.09276806339207,0.06760045818054469,7.664323167817222,0.8896249517798421,0.15583486053279255,0.13414546075869094,5.372127965796397,5.413603614576789,0.2922676160570598,29.150052047228243,739585.8629607967
1600,12.854099858854296,0.07146276691665902,8.297689775729502,0.8931267040967938,0.15478183487628516,0.13559047029563118,4.250079085489851,5.715267604660696,0.29289197919232035,28.658767780537108,741698.2234941084
1601,12.452010577545028,0.0714027165781975,8.145377911013362,0.8898159968852993,0.1539840739315637,0.13714474368857832,5.537212944598103,7.230879684179143,0.25813922945784445,28.250388159948983,713560.762877125
1602,11.750998272359245,0.07073425252224692,6.91445442241647,0.8909265270829198,0.1540648116690583,0.13637656048560642,6.240881841108282,5.865835801962233,0.23187484535755176,27.620183325057724,688713.5550305488
1603,11.431561122050985,0.07085279793539699,7.20278774939351,0.9008990141749379,0.15473086099418235,0.1396272069921462,7.436449979533686,7.277779140751248,0.182346076791571,27.02997707778517,659021.0623149817
1604,11.16113625288711,0.06997795296730533,8.304646716374927,0.9070331078767774,0.1557520124581272,0.14922488436978903,7.694792722194654,3.7421612010988756,0.1669148354556031,27.179314349820526,587542.6290109494
1605,11.041586089568536,0.0662703426247542,8.938782188233498,0.9142531758546828,0.15640521542160024,0.15599450410977028,7.3877444287321765,6.33977057934883,0.1493024476565069,26.560012013225546,579984.5829599028
1606,10.122947785493748,0.06258468252199487,6.766943263576753,0.9250991293787955,0.15684094926312922,0.157876714485893,8.105564971427201,9.20319285021004,0.11038871741703599,25.63955396309065,507414.7483904586
1607,8.639379284237636,0.05710789347658572,7.5117869823867105,0.9243689069151875,0.15728128785185636,0.1591395040888939,12.21824785747606,18.039750986182177,0.12331396241990566,24.90900543717108,355870.6587192009
1608,8.373080280245825,0.053964563913552824,7.678914026821078,0.9189949563145633,0.157845065613717,0.15335112655390126,8.955449662978731,13.533364485430896,0.09077356353683029,24.063756704288597,368146.4219541929
1609,8.352681997301383,0.05374966757939489,8.253461777475906,0.9145044821500774,0.15824186445898994,0.15075729942935326,5.481340619678976,15.977819970349977,-0.011549904793940448,24.288901073206056,335463.83187264134
1610,8.656462415755504,0.05424595557672669,10,0.9086303180456161,0.1586548292798377,0.15700053628950297,5.176613613233988,9.561631229740843,-0.0554696691488702,24.368998541390738,356063.75701750215
1611,8.591027984099346,0.05393033538338723,7.676956277814467,0.9120306402444837,0.15927833163813748,0.1682003922984388,5.665119345559827,8.24177605590371,-0.08502512619157257,24.44167427700579,353089.41798659274
1612,8.610742781077075,0.054166696464042416,8.783693318017956,0.9179577544331547,0.16045478564644453,0.17381970598051766,2.9776288176917114,6.9578870174880905,-0.09578931710208909,24.27983256089638,354583.5618365522
1613,8.615079512923414,0.052772519503757095,10,0.9149121883511541,0.1618711165499042,0.17222950363351816,2.3306488611970355,5.845857529897939,-0.07002768704418508,24.702511504857775,352128.4761266986
1614,8.540279842494732,0.0553614309993536,10,0.9119059231877324,0.1632176226192712,0.17116281756373294,2.6549831705662656,7.054620901112095,-0.033559986679538446,24.837024035297304,349127.272982581
1615,8.523065740220877,0.05660022069037079,10,0.905159737765789,0.16437825776429432,0.1663322629169479,6.837793384217383,6.028555285726247,-0.027072352952950508,24.46876833358244,351312.06262591825
1616,8.528291714735747,0.05472467356204389,9.693922158761348,0.9071018815040589,0.16517493728809451,0.1657982305202994,4.672798884030865,12.151401124506986,-0.002405465898890609,24.374265937704145,347778.98202572815
1617,8.433937273753653,0.05345930643060277,9.08678624297012,0.9091884073615072,0.16559208653440854,0.1747630591330536,6.058818065229808,5.268655833518895,-0.008095004028123708,24.23100019578318,346475.069954768
1618,8.391202039121309,0.05220127798376052,10,0.8990998542308805,0.1658518063908705,0.18243645926308705,4.354497328017138,7.694772187151818,0.027670264729227297,24.103190223315107,344833.7503125085
1619,8.281079333787625,0.05119886921184153,10,0.8868463912606238,0.16596542545055412,0.18545056464563733,4.759493553017947,4.39428622119934,0.07029108697369768,23.95005065245346,343503.13303517003
1620,8.19019596331754,0.05083186350637112,9.365510887080514,0.8819746011495588,0.1657593914248325,0.17486052671058724,3.9994685350750183,6.103770581454972,0.22441128155925452,24.161990894314453,334704.8260586815
1621,8.19974382842683,0.050163253633728734,10,0.8803366231918334,0.1654605105290371,0.16600623864959013,3.5189853356983374,9.8625362664869,0.40437342904575696,23.474171722111524,323427.32256883313
1622,8.027511995447139,0.052140486413068406,9.071984328341479,0.8881463205814359,0.1651580474852053,0.16835484320495797,3.446002212390659,8.268454727568315,0.4303241733825343,23.074897630247122,319043.8175227312
1623,7.178131259083375,0.05445094206345258,8.117438605136892,0.8904122856259344,0.16476988603012377,0.17419864825922962,5.285890211730441,8.444073709882765,0.413382094453658,22.66399594744635,288006.6710900356
1624,6.602290174409905,0.05830080139184533,8.265711792803824,0.8923801678419112,0.1640341304233653,0.17270288224285896,5.430755964729438,10.798096963564037,0.41097700043764684,22.378887386477963,275092.2287941084
1625,6.04308044783904,0.058583611585512056,9.158568683139094,0.8962133073806762,0.162805791665709,0.17335443949301638,4.41020599645715,14.915744705897875,0.34206753538482465,21.97951433941556,257381.10338948577
1626,5.924548483390357,0.06122389956599397,8.185095837121473,0.9021874904632565,0.1610319634963197,0.17397277414085036,4.375905138647468,9.45238133336127,0.3268126091507533,21.429094902419642,259577.5719175469
1627,5.812902833173288,0.0630294673271655,9.002123635804555,0.9072612887620924,0.15886043911713768,0.17826502056020227,5.301303246627011,8.226891784094224,0.35305424315812156,21.251369973150783,244002.8201008858
1628,5.772602813770051,0.06422242874876614,9.088928390911455,0.9178928348422049,0.15651304973862712,0.17685415683933514,4.592607055197488,6.470628763900219,0.36629708259763943,20.577682538032867,233744.780483624
1629,5.625033508120383,0.06491040864767378,7.9246341813512515,0.9230884763598441,0.1540112228875919,0.17475476359378883,4.512231240872616,4.196251114144916,0.37847697569106664,20.104559259504402,226147.0078903083
1630,5.512549737487961,0.06528143662123191,7.783346106773485,0.9235229155421256,0.15132696468899026,0.17012515025440836,4.854013523986509,2.115087818613892,0.3669013223391732,20.24497206881807,220477.25382638688
1631,5.337465336170689,0.06434221986312436,7.564251301775059,0.9248735880851745,0.14905454292496756,0.1602875355334378,5.25260432010738,1.4754409401422204,0.3541820883524023,19.872037438747235,218190.07706860482
1632,5.043916048367803,0.0652454407932482,9.124364416498643,0.9306548237800594,0.14708747082008333,0.15007637032431315,3.397029049993637,1.8022943539403509,0.39610677715536025,19.720367108530116,204940.76965283402
1633,4.9749526337390995,0.06638588941931814,10,0.9310455214977261,0.14488606119069591,0.14442787603592658,3.7116430328719647,1.738789465416763,0.4289573279684316,19.519952768377184,203071.23761636813
1634,4.933790789097643,0.06586117977701461,9.48334111271623,0.9305956017971037,0.142446385313063,0.1431493978423387,1.969253683229367,1.9851111394890055,0.527369000445406,19.23816382901369,197925.9288522837
1635,4.953744641135085,0.06513912868566485,7.629056291913427,0.9319129160046576,0.14000134316138219,0.14283782957241892,2.9664535388061806,2.188358669565653,0.5716629957611797,18.67872740304382,184977.42449003516
1636,4.676672436204229,0.06401715787633828,8.727383032954439,0.9380423551797866,0.13774684143332463,0.14672919634011192,3.976588340117215,3.339302170866106,0.5805168280036234,17.943195493082825,185081.1360989897
1637,4.388844469774108,0.06365464642414893,9.642179997378804,0.9496279996633528,0.13537086280482885,0.1485003601271088,4.263929471526928,3.825138631408458,0.41041454649355585,18.207212330255594,177589.89632925202
1638,4.109392611676141,0.062003501461979825,8.033514523703303,0.9534849849343298,0.13217184780528957,0.14710649898136552,2.061469950558424,2.2020185041418427,0.341992876039497,18.626167924619974,177016.60745652817
1639,3.954849759568986,0.06112703221870049,9.253566531833473,0.9555593019723893,0.12787665017473157,0.1305427027443879,2.91024665102539,2.4816746036878974,0.3200601665136119,18.388398352994773,157855.92980056332
1640,3.8412780331123226,0.058933915989187124,8.420329684772058,0.9514760759472846,0.12304391547553113,0.11267879794200938,3.1249057326114826,3.543742777427082,0.31394696936649685,17.260586609954395,165412.14273150288
1641,3.634028658961185,0.057590382090700595,10,0.9488645529747007,0.11812823931489931,0.10201186303843483,3.13268973936924,3.8491151149878418,0.3045253340009051,17.921241436867223,134896.5081937655
1642,3.8678989101886714,0.05769292910184266,9.367686595377688,0.9504613986611363,0.11336980863671081,0.10088313654379433,3.613199650440696,4.853060840143021,0.323183485861468,18.141358811853827,141018.83557780163
1643,4.192621807031286,0.059211251022341795,8.442451985555664,0.9481882709264754,0.10865163072351468,0.10105063524669082,3.88808623181849,4.427308869953849,0.340736503815466,18.2780085060742,156842.4296176181
1644,4.617170423679859,0.06030249753263896,8.645446794262444,0.9425683099031447,0.10374904585795289,0.0946728712514268,3.353838812022071,4.733205963100113,0.37461036420546123,18.735749634062504,166444.16871460955
1645,5.10952830711109,0.0609105759288338,9.254829024427666,0.9362444189190863,0.09875303856430963,0.08795081340708243,3.0911691614750185,3.978428865165968,0.41681920758477586,19.482151270457365,176531.62605437235
1646,6.077278530201523,0.06187368041445633,8.976542330775104,0.9346847587823867,0.09390278475439233,0.09588718823224465,2.6198554839664903,4.440919135154566,0.39970980275575274,20.673994079168217,175325.95861247843
1647,7.432029231621207,0.06395546361467801,9.279752473059215,0.9368525031208991,0.08920573939241748,0.10481899526888772,2.608900614447932,3.920292486854955,0.43855095404872835,21.393174360077218,212153.92588807133
1648,9.233026778901328,0.0665672682953099,8.863931735807977,0.9382084855437277,0.08474448774559148,0.10651936062204341,4.528278027309054,3.485772640689725,0.41164441533687923,22.467340077479147,283556.6714100941
1649,10.089131253355111,0.07066238499576574,9.300700787798766,0.9358735248446464,0.08054272437964535,0.10680650705646655,4.295879525316632,3.7915265346803384,0.41616824955902,23.923167285332408,292928.57303380244
1650,10.468301820865346,0.07242954708363394,9.94086017765816,0.9351531934738156,0.07681133192611646,0.10965425794353217,4.382613601498833,4.5333363834105365,0.409428972712741,24.64605141262095,330881.7579320743
1651,10.757007553037289,0.07190381623017934,9.04066310495823,0.9392427989840505,0.07356130070488812,0.10497097314080328,4.63246253629167,4.0113422631477516,0.4340948097967542,24.610070519543733,339238.8619359197
1652,10.899227544390554,0.07280539118506942,8.49474336131205,0.9406313401460645,0.07063644330799636,0.09235090116622123,3.8649560461592363,5.647859880950353,0.4630899152744292,24.59356967812976,334712.3503637419
1653,11.196275841651294,0.07355530252828625,8.634125063949238,0.9363282233476637,0.06827383572530972,0.06918537821924031,3.3707539965876823,6.189364699825333,0.41290576980626464,24.57123029978096,339321.931672553
1654,11.364482624039477,0.07446830129360933,9.484744569274662,0.9317618569731712,0.06668290504565595,0.04104752171193105,4.90244883992833,6.513171282553484,0.3460047508476856,24.887632193195248,337804.88093997544
1655,11.454198764843438,0.07322671345198163,10,0.9291734206676482,0.06617747197398476,0.02288810656764538,4.937694054432415,5.897435887160517,0.3931739172140084,25.101745155950642,335439.35057410103
1656,11.4729631299788,0.06958211108671113,8.028989982969462,0.9243851152062414,0.06689452662799157,0.02096847851342999,5.011088496215164,4.227536352162146,0.38749362165310125,24.80312236065833,339047.298005208
1657,11.458126504190947,0.06196280759888954,8.377341723423344,0.9164600530266759,0.06882807874507456,0.026461423117006676,6.78051544000094,5.076650662682638,0.32613524386221715,25.230429724202992,338467.63856776216
1658,11.528869948078823,0.0547462200052486,9.328213411585466,0.9140819483995435,0.0712971772865741,0.0320015052511222,9.044151252588886,9.69203161500828,0.5940499835609565,25.82006004435541,342233.0470356654
1659,11.735097757235403,0.048052030684817955,8.944453040828453,0.9146510702371595,0.07417851444288746,0.024874026006919174,8.426548166251933,9.006690091036145,0.6882035976951412,25.971790215930838,365423.6946523824
1660,11.891484610367307,0.04312830700475644,9.4141559029618,0.9098721575736998,0.07782894994926745,0.019878537490847087,7.420722011941958,6.518361884296764,0.7341077530828218,26.573690448132204,372704.2673586797
1661,11.901362803170855,0.040282534637600134,10,0.9058702853322027,0.08200907358289823,0.019767282146972123,9.513490143411362,6.615471497685659,0.7829395647843542,27.19909563208713,380604.4500585759
1662,11.859271446830492,0.03778355604865674,10,0.8938651210069655,0.08592630424260127,0.014679129312218393,8.404424695263069,7.07549716754426,0.8011672728070781,27.363878498493257,388115.21066677547
1663,11.88315799707646,0.035801142912605693,6.381467540057297,0.894344356060028,0.08921119864601357,0.011777569272706684,9.975631417405808,8.38946230161278,0.8388462402543143,27.376768470628498,391911.40021799447
1664,11.836580166513894,0.035779943847260104,6.5584667989535665,0.8986569362878798,0.0920056847082576,0.014173211691596629,11.116526225436804,8.871284155783309,0.8515217079066931,27.526170046122107,391711.5970837882
1665,11.791996053402709,0.037008039839020665,6.423488156932479,0.9062999373674392,0.09457772049795585,0.02747623178294311,11.656404688824107,6.947792645560743,0.8275072978692984,27.713330205311465,389743.55814633454
1666,11.782405745916133,0.03861023219208434,4.628193305406278,0.9070302140712737,0.09696996816588614,0.04208686171434023,8.146285727684493,5.675898163360045,0.8199145178911933,27.55046510503008,391878.2948097925
1667,11.816939109183192,0.039488930253917594,7.520251185237204,0.9120236837863921,0.09914716300834116,0.056058617036468285,8.210381434573618,5.819612174035857,0.8134180404051776,27.553349662314265,382057.53458376986
1668,11.800073913635236,0.03884936365713119,7.069974797541526,0.9012098687887191,0.10105870715285405,0.07525952506382319,8.258768745323211,7.899794313603558,0.8066116319006963,26.973818111999087,383186.79927502153
1669,11.681986532007958,0.03696516055584871,7.249489560679215,0.8930418425798413,0.10325141105924288,0.09778764791209862,8.41910526968766,6.180271782605205,0.7961279088185186,26.719297085048417,375130.5691984382
1670,11.504350302128387,0.03549307873677746,8.642728892118813,0.8764782661199567,0.10571315178218357,0.11487427752258081,7.276454546503457,5.028495067584972,0.7752314085740726,26.763289188996666,372274.6771897901
1671,11.422074812489388,0.03542309269325384,8.082813600070924,0.8575180840492246,0.10842178237890497,0.13490749221622042,6.271366413892187,4.1858834450708695,0.7524197649435723,26.807519214478624,367162.8493587354
1672,11.317213620465372,0.035373312791894436,7.931067880908255,0.8426913943886754,0.11115503312472633,0.16195197866800776,7.4966322005761095,4.321087668727325,0.7256206783423772,26.211761155762456,370749.29726133967
1673,11.120404951221998,0.03340519861205815,4.868938372063072,0.8413160121440885,0.11382776134706267,0.1774251913302797,8.126028068500737,5.51061904615248,0.709381442815307,26.330027936904187,365958.49936015054
1674,10.962368343618111,0.03271073142758312,7.985574816260461,0.8398747402429578,0.11634051359928219,0.1903720870924057,8.746073224772983,3.8315653649526205,0.6496110305332661,26.482666996187174,359002.44955080585
1675,10.938672117273775,0.03384447310449347,7.8296908267247325,0.8383145132660864,0.11887960026528682,0.20783637194920593,9.551819287095478,3.919663641187255,0.5660828147675806,26.19566267127064,380656.21986746456
1676,10.689052459140822,0.03440421014397203,7.684127050311424,0.8338746872544288,0.1212323727494495,0.21753464604963677,4.764220710717245,2.9703167738391434,0.5735708557021164,25.97020633367337,378139.0450862391
1677,9.881215413417644,0.03340534952486983,9.213833071068976,0.8278780061006545,0.1231858831075226,0.21732133868303916,2.252343890223749,4.756892825347272,0.5484613416407321,25.422652368850528,397110.5523799359
1678,8.655826137099584,0.03260976387219896,10,0.822061980962753,0.1250299482156226,0.2066507217746686,3.082732139283668,4.440217155011696,0.5414638709799751,25.040076588250507,375039.9265065273
1679,7.266671433469827,0.03348361819018487,8.24835992635628,0.8204362887144087,0.12665311580732788,0.19314842855160858,4.281914378562707,5.146336722391363,0.5236491916005173,24.795212205580707,309694.9026953651
1680,6.806844279230158,0.0332020974998914,8.808534119581081,0.8224449005722999,0.1278745979773022,0.18653961653711226,6.042389529462301,4.782708104027819,0.5142788063873241,23.61719456822666,312754.758836352
1681,6.866031890679422,0.0318588565956354,8.598852588904702,0.8209593665599823,0.12861752824587477,0.18381393564937124,4.41044950439387,6.5962415552182225,0.4688450848955314,23.173452443524383,283068.76244360715
1682,6.925126407252754,0.031083889192001748,8.2690293908029,0.8200049051642416,0.12872805412960578,0.1724640132569081,4.113425305383472,7.732388515824346,0.4110237053575534,23.435972965387556,288457.12585122354
1683,7.2125339331587766,0.029928276578949652,7.703537093638199,0.8208565217256544,0.12834803537616934,0.15160876964612074,4.9404418403097345,6.634640438201797,0.41583284687452265,24.423513875732517,301838.2439661842
1684,7.821723898891209,0.03113614391084013,6.570252984507718,0.8240609759092329,0.1275809199445214,0.13715919931729437,6.062074433456469,7.496039389162485,0.4121345803670433,24.944936691461052,307115.95490492904
1685,9.340410887348172,0.0313520076290516,8.155298304524397,0.8322164407372474,0.1268442339910894,0.11736148412309297,7.376351929717314,5.329594655948566,0.41318024852390706,24.828207176709633,401854.7460379189
1686,10.263950905837913,0.03003837449951483,8.844117321446854,0.8443271154165267,0.1262745122372823,0.10685565506600868,5.753771109172198,6.008261784051283,0.3902109683075585,25.931852992951043,428547.4445069315
1687,10.847928072268006,0.029406851964520846,8.274508669962682,0.8549021476507185,0.12508349536858313,0.10569925163389189,5.653333573678634,5.2301187042691755,0.39617589946148224,27.26464530924074,439753.02522283315
1688,11.271775566658631,0.03013551468260267,8.014274229633205,0.86023324906826,0.12259472375433035,0.10931599800943322,5.589762418159679,8.666384545589832,0.31240687112582505,27.906334661602372,469969.00052522705
1689,11.767074313611104,0.032349442049008595,7.670883770921282,0.8648686587810515,0.11924727121357004,0.1098968250699272,5.124973396551235,11.522228920284316,0.15756510348369712,27.96188543853397,499694.08225563413
1690,12.224704496301683,0.035453172868692526,8.057889041828492,0.8713169801235197,0.11536622296367299,0.10358571265306311,7.184375360976438,12.677397610118835,0.14211780849398759,28.61444626031953,505116.23201209074
1691,12.823226854866975,0.03609298521670328,10,0.8738326054811475,0.11085825644513271,0.09281448449988994,5.780786893703471,7.009016904224706,0.13475154488624055,28.58514425487343,520519.7572168522
1692,13.315416185992474,0.033398662787729266,9.45258415293858,0.8739207461476324,0.10602912267703966,0.08032610324723867,7.123600766760873,5.048782491017527,0.12372962810344955,28.83866636964428,524190.95126969705
1693,14.002794671863668,0.02976594748173974,7.805121562826826,0.8763808959722519,0.10135319756855139,0.07184514766331772,8.834405910980747,2.2907400856150604,0.016094378779039853,29.041818322380042,525734.7092938576
1694,14.474618219937748,0.02662316574377236,6.322896482859286,0.8816406998038292,0.0973658289857073,0.06209576461557016,15.918355586154421,5.052713550738321,-0.1103840747336985,29.433976913465262,530964.1752416388
1695,15.239563446200524,0.023406383013739263,6.3902466340334625,0.8952882775664329,0.09419673492783179,0.052039158960800566,18.92932477544557,4.965292850451091,-0.16299720686751715,29.957025674151204,541643.5006159589
1696,15.82970774405655,0.022276936256121926,8.375203120658652,0.9177260786294934,0.09124334854475237,0.050507070108693854,18.499487392385596,5.952511671575108,-0.13529529766745127,30.69585300831034,560193.8655679419
1697,16.290320716828994,0.020108496457603785,5.283491366614461,0.935056453347206,0.08824860011303794,0.04551316411000118,18.38093391310543,4.662083072734909,-0.1659846429531227,31.54208165820933,586877.7829938359
1698,16.511406304321476,0.019340908166127463,4.597070759068401,0.9425556692481039,0.08557965905424629,0.044278035679938994,21.670407929627135,5.841926290850116,-0.14700408807787396,32.690537466579464,588390.9105882841
1699,16.67068884362156,0.02132971208394988,3.79612477742654,0.9390430557727811,0.08353158230706582,0.05147894668273721,27.141755261675197,8.34558216085216,-0.001778889850200744,33.21874338169326,607151.4796084058
1700,16.909811610430474,0.02253866680246426,3.085136985710918,0.9272056233882903,0.0817170560038181,0.0749503833557065,33.76427827066854,10.793462365885075,0.21694855008094605,33.42607690631563,617963.7032732083
1701,17.100129625333842,0.028282769174773466,7.222371770187464,0.9155531087517736,0.08036469728288713,0.09721290315456044,27.506529501617248,6.041539874559121,0.18847198404240464,33.47204523375922,620527.6608893633
1702,17.297078437215063,0.03567490804959115,4.752215101344619,0.911912651658058,0.0792786079914734,0.09798596928654618,17.53487284234525,9.57658180483687,0.2118435594871855,33.336461432925546,621024.6495552493
1703,17.38506513216958,0.04460960974188515,8.437610894195807,0.9117556872963904,0.07833448537860715,0.08480005862617104,10.370284005097684,9.754787752279723,0.19940657148768404,33.28132516612259,616159.6422428994
1704,17.361639622630705,0.05660422802420327,7.71702165752987,0.9131353986263273,0.07723840094794464,0.0736541625667107,6.687985821624603,15.769981446765943,0.10646511556098491,33.319125838072246,616404.681870724
1705,17.21269975297347,0.07970318051546675,5.791561078838455,0.9074059042334554,0.07630514861746646,0.07005959134559646,11.469784118062943,17.66978638849349,0.09313315786416043,33.19594691667662,609860.1318928053
1706,16.820571102747017,0.0953553407993146,7.1455504668039245,0.8943792814016339,0.07602133264109585,0.06808940987445739,15.103723272554097,16.400854115864224,0.09509466535247327,32.90095724360528,581752.581156714
1707,16.578468077976744,0.0980777079409554,8.142303042500775,0.8956558704376217,0.07664803691665563,0.06783149923875194,13.46057663321143,7.780768230580672,0.06678403606262094,32.415871685191455,575845.8531549122
1708,16.405786000486206,0.09836215907339307,6.807915726615418,0.8947539097070695,0.0782493866793779,0.07236766031990294,11.817392618011626,9.41789469394623,0.03397552373571848,31.969487602604268,563784.0442442776
1709,16.311899875860494,0.09924630187521734,5.115051508669314,0.8957842227816579,0.08062739219866441,0.08304229570650191,10.538310683989431,8.692167018683993,0.0068827323140434864,31.956114903158593,550580.1609229109
1710,16.006955451962796,0.09770779517764328,7.501381272816616,0.8943571126461026,0.08361450571606031,0.09490651275746813,9.982085277885398,11.803732083450427,-0.027917466658584748,31.347896807377527,549082.6237541601
1711,15.739471948389712,0.09578018269509425,6.7621922900342275,0.8885723799467085,0.0873354819898413,0.0949846386616495,10.227282612010525,3.6889251615630982,-0.03240435015967945,30.88047706711218,541615.2875754324
1712,15.29611669610747,0.09601898197695174,7.75870503199169,0.8835720089077947,0.09160701620961718,0.09097673426622367,9.278996885203847,3.6114967975565886,-0.019200491562906163,30.62944979015833,533130.6439549008
1713,14.984967814023697,0.09613556946728266,8.56996581149205,0.8899176523089406,0.09640303359050838,0.08972684043436767,6.001788208112858,8.145234589045954,-0.033239688867734866,30.051804060337545,517522.22506001836
1714,14.462463697487022,0.09768916270698792,8.029502793991053,0.8956568670272825,0.10132816483723368,0.08811839048352707,5.696011367656565,9.969691909577637,-0.053225947149131626,29.115536701119304,500897.5986444493
1715,13.515986432077659,0.09792900830536948,6.491114495068099,0.8982898989319799,0.10614534061684273,0.08090888391661409,7.394067282289573,12.743338372305281,-0.098402347853525,28.177987137175677,488289.8462774178
1716,11.869656720105688,0.0978793964539026,5.720739950845314,0.8956765368580817,0.11025254973823002,0.07543836377423299,6.68723443276569,12.965768648746582,-0.14864774556338928,27.66983372622797,392456.51142424747
1717,10.906037084733534,0.09653973422633866,5.904302784182241,0.8976888361573218,0.11356547976032036,0.07318688703218297,5.355981220549606,13.492828956653526,-0.21557633947898808,26.532976805732215,360794.0811584953
1718,10.252644264736816,0.09540117759573646,4.678427283043351,0.9031643375754352,0.11680455529173957,0.07643145063503862,6.83283555414495,9.738045976860617,-0.22434997074650445,25.110588490855122,351728.69532207935
1719,9.772118333009907,0.09551368015024096,6.054305136763581,0.9065796640515326,0.12028648811144368,0.07533738065889532,5.641460266240645,6.769129542144853,-0.18465069186977487,24.346966509593155,317994.33050865046
1720,9.173837509657996,0.09924475507113666,7.554269301160882,0.9062460389733312,0.12393984922694419,0.08096600282510327,5.231419385517654,2.258944567913958,-0.09970102695719626,23.56700780566521,289803.95820115437
1721,8.452264140443571,0.10296178936319904,8.15269731777082,0.9064530146121978,0.12770538831733147,0.09478741738557447,3.488437365124563,2.2389051569666463,-0.04481900015112525,22.858066065924486,261916.75985177615
1722,7.663165656548984,0.1030914760366407,8.604997130936114,0.9022393342852589,0.1314395083221068,0.11224231704224302,3.5721187224331974,2.2924899444362863,-0.005602682344777731,22.168498717262796,239560.13118597417
1723,7.1577053123442465,0.10277335340893587,8.870161919174553,0.8984339731931683,0.13480987561205354,0.12996794589162927,3.3550115892412693,3.74114789435875,0.014966636004788767,21.080644525819594,228096.5367494581
1724,6.480996369488861,0.103238026770304,8.318158395400273,0.9044773799180982,0.1376499460315635,0.14556331876119927,2.329549942640739,3.796293187950711,0.07090087296245502,20.89920361871491,219598.75010889597
1725,6.0182852511282485,0.10414690993757707,8.272388780464633,0.9131160825490947,0.139896607897407,0.154696283654843,2.6001506041206413,2.407765045568378,0.14319116266204254,21.01358382731916,210722.7522651199
1726,5.344182669508852,0.10641240138410082,8.190124381161757,0.9206594908237453,0.14140962452778566,0.16738942344801083,3.036809345366894,2.722229142304009,0.1965890702299108,20.351621742297286,206493.4717349728
1727,4.83374985124956,0.10817669495785207,8.92330355128574,0.9263940191268918,0.14266048559845573,0.18292463092174677,2.642317090418058,2.0855195481241497,0.2612088030806639,19.67748576138903,190490.49962656962
1728,4.407392881551394,0.1078104615546342,10,0.9280648249387737,0.14386780744901784,0.1941897029176277,3.6507131248219737,2.3046867092853045,0.3188890296846325,19.153268747271404,164958.81118713116
1729,4.194111304529769,0.105530137121384,9.715349043010871,0.927703876495361,0.14512638124455265,0.19695710432842364,3.098766930278483,2.6455123882098306,0.3627214159156226,18.184254043385973,165931.7670960854
1730,3.9849660090700554,0.10158641808047933,10,0.9265561756491659,0.14679805309146046,0.2008113958506176,3.454321617462605,3.430361258895356,0.39258444872669374,17.970288301058577,154012.51135284008
1731,3.8784394683269303,0.09738389430607611,10,0.9222238931059836,0.1488647839937548,0.2022738661187127,2.269542645037198,3.7292756821129966,0.5972095330029379,17.97893782235772,147406.75379338642
1732,3.8634604638636603,0.09422758578364733,10,0.9163390776515004,0.15111372239816348,0.1999137338393614,2.4818802040650683,4.014223971503589,0.6445889120262337,18.369084462092374,150432.7857952973
1733,4.2321979305608854,0.09476148000347649,10,0.9121814665198325,0.15346411298821386,0.1983973107605417,1.8855622736342479,2.4916049707790604,0.6535307898582349,19.057154773090364,164013.36418969466
1734,4.708140909646198,0.09551741214583798,5.763372153616352,0.9117859390377995,0.15549696957131542,0.19273997603699844,2.233568659440871,2.183345716437291,0.6952197014190757,20.079964134840278,185591.43953611993
1735,5.620271007696198,0.09395664100255843,9.593888935928423,0.9112035578489301,0.15745835067334205,0.1869083571472265,3.6322496317950552,2.22602124606742,0.6713640672605039,20.66455469935762,246777.56331951992
1736,5.898614924305569,0.09173695459377791,9.430532231401319,0.9238822051882742,0.15901594423090704,0.18679130314760184,2.380520582265225,2.814315673509677,0.5875763970443562,21.697954143411902,311647.25165675074
1737,6.644343592392374,0.09025634516533051,8.86709158399914,0.9343778368830679,0.16007905694988522,0.18384713002249348,1.5393403725587045,3.302093887397069,0.6156342466702815,23.41786343225158,318410.042115121
1738,7.644606764240819,0.08978541532625338,7.123192949739332,0.942148615121841,0.16025069084739238,0.17231288522710062,4.063205596926418,2.333886880932776,0.6002969982643436,24.123585366601954,384378.59135561495
1739,8.63056477655792,0.09168224882326015,10,0.948122062385082,0.15968862659737423,0.16040984332471203,3.3215958625040596,3.323287646119179,0.5921667336299192,25.000877794848794,394429.36867337336
1740,9.271742089912808,0.09011863656787922,10,0.9509481430053708,0.15827981418645967,0.1526888135476503,1.98234578644887,2.8953056523769494,0.5298470362157126,25.73480745513356,420009.8105050222
1741,10.62378612455833,0.08675376289332494,7.442320373663659,0.9494875988364219,0.15595041295070303,0.1418100282992067,1.801867475477837,2.385734905698044,0.6581439180814934,26.920233148830743,435166.7539137975
1742,11.252632935755003,0.08294548720515253,5.959878339350635,0.9524932971596716,0.15259279836774275,0.13376133185242076,2.6782713662144677,3.9176847932011913,0.8076223950459449,27.908420941479616,484287.4023006073
1743,12.401432287908422,0.08221350655735168,7.854894818374109,0.9509251970052716,0.14771212398100153,0.12840371163364964,4.182404885580864,2.927936167460978,0.7903793549375849,29.010519348308627,526293.5326777948
1744,12.8016179567933,0.08085427855931211,7.72875748274361,0.9493736824393272,0.14187909571294663,0.12874262809594694,4.283376156321719,2.5240732199015823,0.7603209067793636,29.99726944870463,549151.5334193831
1745,13.416262769934802,0.08261195525856857,7.920744703560771,0.9452988725900646,0.1366394847251217,0.13994021773766932,4.0259409444006184,3.0878788696895336,0.6848202931473851,30.696455218844196,584713.158955359
1746,13.786646880472237,0.08534759751242868,6.29449433796408,0.9400989416241644,0.13201133849828023,0.14497754188773906,11.059023464401644,3.431186876672548,0.3775809759720326,31.42904299799846,588114.3367939283
1747,14.208017397128144,0.08399288453898783,6.850109497893059,0.9285824880003928,0.12753926242859231,0.1451554543109017,13.766514582254981,2.245050738520343,0.18562117332515454,31.816946424383858,605810.6205833362
1748,14.434096977491423,0.07716367687507085,5.929416580891576,0.9163733592629432,0.12318918239070673,0.1460489953237443,19.204946323016348,6.599154024491197,0.44316283379803995,32.69756024793807,660986.0962540903
1749,14.77418243234783,0.07073640238172474,2.822820017135213,0.9238859480619428,0.11875798879077885,0.1394500047111868,18.82027839663197,9.741228507408769,0.7085416059739723,33.857850980803946,919323.1959548073
1750,16.018017366859056,0.06267506831060564,3.895287953561957,0.9127206498384475,0.11434552327187916,0.1361401948217203,24.85755367491851,9.554790703572383,0.8224088129723777,35.98214942498038,1020098.1088863615
1751,25.176466195490672,0.056616239181049875,5.33854514651339,0.9208494657278059,0.10974515359541172,0.12925140310961813,12.907894261892054,12.983441717127018,0.7429621705800591,36.88382787853261,2489432.4669432663
1752,25.62731024644573,0.04865704320022066,7.211027887753862,0.9130043372511861,0.10471933011885717,0.12774391167389723,18.765589011999815,8.949045169259897,0.7738360815446871,39.46782592014799,2497397.5340012093
1753,25.71842883138628,0.0332900685722629,8.092583739664084,0.9203218674659728,0.09955638579239308,0.11756296786496548,13.418575419196873,9.566239102872409,0.780771814931289,39.96829337668108,2999657.2606821638
1754,25.833637298434386,0.028782508829455714,7.1235017749930085,0.8941419243812558,0.0946313864722709,0.1125439541410665,15.372423228123512,8.42416238265487,0.7962732280199206,40.67001957117697,3015087.9916750966
1755,26.0924859113569,0.026464253788663503,5.889761556581573,0.8928158137202262,0.08988634192380403,0.10189013402284752,7.537398697974293,15.580946821009974,0.6608309552116406,40.97766779716982,3035650.108096834
1756,26.357479767213846,0.030393643490961308,5.352624780429357,0.8783192077279087,0.0854966782984646,0.08248484534638754,18.284191995873954,9.885501962364225,0.6803867732147698,41.059476358399536,3047908.9877174576
1757,26.427997134561874,0.024725817716999113,4.868771302161198,0.8983592441678044,0.08201162091922816,0.06330337137624407,13.554706626028075,14.307769136504312,0.6682082819824489,41.4083839325934,3048736.459315972
1758,26.597076406001076,0.023407226094081426,6.72044139618908,0.9026164317131041,0.07942471180665342,0.03162372493276845,24.008638693776646,5.3377116609253985,0.6070591125387522,41.57120105212602,3047965.712860385
1759,26.856942313193123,0.02224442866753607,7.736839138207262,0.9061618122458456,0.07741653456661308,0.013365826607925962,9.883998480602564,10.200990667494347,0.5912200936261677,41.55063280379351,3049831.7193493242
1760,27.059974217449913,0.0247605675317277,6.85748138998564,0.9019145217537877,0.07577059565300906,0.03452916370584893,10.901510283035153,7.512433904069065,0.5860819588555815,41.42471783553764,3053028.1743762824
1761,27.285691356360267,0.02910622135850951,9.515132852033302,0.9160786691308019,0.07412810959565891,0.05733886281853178,8.778170216117424,12.837275166290702,0.5486912214929024,41.59742680854155,3047261.8504367596
1762,27.207823331554895,0.031128762519180276,8.423402029683587,0.9182176545262336,0.0726470541699202,0.06363950795838819,13.940773457281471,6.413122511304871,0.5391595516731554,41.70166786778224,3045076.4696039427
1763,27.05138512706989,0.031159067277436347,8.291637091809873,0.9247755792737008,0.07125843600118825,0.06506125266490846,8.846817102474272,10.364427364601006,0.5087686398794595,41.30344532158164,3049449.3944165353
1764,26.478180971250776,0.02824660046548061,8.007301919573939,0.9306488072872159,0.06956069780500448,0.06103030916277713,4.604559592439806,14.308962743430486,0.4082043529976456,40.80756725865145,3047412.863469447
1765,25.919537678219168,0.027299863962514492,7.631171748412218,0.9285630196332929,0.06746574845350908,0.05595354495110797,4.913058460052481,27.073445630785166,0.1951912582926045,39.933202411360206,3023944.7298451127
1766,25.20321953957349,0.02559297310006748,5.787416881639493,0.9154576215147969,0.06478132253106633,0.044296897176735885,6.305363375227822,61.25570703275061,-0.015381365855051324,39.0527884606833,2973755.8477611598
1767,25.04019627372718,0.026771525733343574,5.480334638118397,0.9026715856790541,0.06222227964615387,0.03099077537441057,5.878130221525169,18.217422567658488,-0.060057978601678885,38.17346401080503,2912806.367664234
1768,24.49180528052629,0.029368662086802576,9.241882938009455,0.8893119448423384,0.059807591400709285,0.023795855902107192,4.9938804839159,7.1433051956634195,-0.07653734610310588,36.69502853598161,2911190.1122777895
1769,23.571214725219356,0.030947498225128052,10,0.8736281672120093,0.05760011588404569,0.01963790630331319,5.2550262871228695,8.211737478046462,-0.0965816557171833,36.370397401823915,2850054.759741237
1770,22.91789126641053,0.0300151576502665,8.081853330872587,0.8637605565786359,0.05526353288754742,0.01331346232223949,4.85577079676768,10.583554484615481,-0.1315343146670707,35.879156784116674,2836799.9728039466
1771,22.34761465770459,0.029730772405516494,6.596683655697367,0.8634945255517957,0.05330126472659222,0.016609241162128474,9.037739390962487,10.274462897413736,-0.17601989946354432,34.973261691716736,2813868.460942433
1772,21.13215768163192,0.02947831977892222,6.919202942144032,0.8677978312969206,0.052211779540557425,0.03377324954287651,9.612587376980187,6.531911102410958,-0.21079873245764352,34.0020279637554,2795004.775322558
1773,20.789976254723694,0.02908390786653252,3.3429326836421147,0.8741808542609213,0.051993822835078675,0.053567149362603594,9.362537013963927,11.361090561930247,-0.24991353783529888,33.45971759906728,2760642.292581405
1774,19.843311684470624,0.029621445717097017,4.242456599303749,0.8863743987679481,0.05263323933181242,0.06615021719239944,11.564882778560278,9.72990753682366,-0.29620932246673065,32.82161004078918,2726450.6244524866
1775,19.54940131516451,0.03107210564679698,6.188974004850731,0.90086094468832,0.053483301081782605,0.07771852177422194,11.264228966081074,8.798223492198481,-0.34727516168688904,32.250996035769205,2725623.8694749316
1776,19.173730188426248,0.03233128373626503,9.371166935378064,0.9123778918385502,0.0536448881654729,0.0890231499598146,9.091693664654253,7.2262496028593,-0.3447212405367413,32.23650344598599,2692847.880006207
1777,19.241401245771893,0.03206714297541627,8.331526902451627,0.913970628082752,0.05341625511500946,0.09906482368983974,9.523974203456866,5.06237096837693,-0.3259107790106125,32.36399737497098,2691419.851490972
1778,19.292746701004788,0.030618778601351624,10,0.9167033067345616,0.0532420098429218,0.10210829108021077,5.098713498970896,4.113553734507104,-0.2724197148325685,32.750893370573806,2694089.1501041506
1779,19.959531878277204,0.029148304105267055,9.379484863922292,0.9249284702539443,0.053094032495048765,0.09341911124204741,2.8586536952428867,6.484477718997132,-0.23432564361907604,32.47470710784534,2669677.9534942815
1780,19.956968419189096,0.029997527715272063,6.639600803028301,0.9304469645023346,0.05311469663197396,0.0745065748148291,5.219740641528631,8.405282359908306,-0.22880114660894835,32.641783580665454,2446637.9829198713
1781,19.095613551900552,0.031568903884972264,4.167897984434383,0.9292376744747162,0.053447583585981444,0.05292299122599572,10.042233846626672,11.668514583670795,-0.23281629545806737,31.601749615606842,2374857.280646413
1782,11.032120132710894,0.03521290174736876,8.536498744263588,0.9268111076951023,0.05427127590813052,0.04992107367733151,10.209622753152148,9.695270285924032,-0.22998494581245296,31.445534818630545,979832.5942596052
1783,11.269457400086603,0.037705832638152026,10,0.9226501411199567,0.05550707114313511,0.05288857606511483,9.197116711221799,5.966498002783741,-0.22444797868516866,30.10327785558049,1098111.3961527185
1784,11.85004840507726,0.037721899667677146,9.796511077952633,0.9168624043464657,0.05700755266060217,0.049131226848393834,6.048958022134492,6.884699974181995,-0.20267494675144532,31.4461701967582,631723.2442203388
1785,16.381506963465068,0.03629820270233767,7.052901802433221,0.9130856373906134,0.0590014812028225,0.040109881249620546,7.101867007895358,7.4558320626980725,-0.1919499831924619,31.052339324478197,1221609.98554284
1786,16.7050121679387,0.03604872795859962,5.899557948536812,0.9132829439640043,0.06162897672659514,0.04105982103323608,6.345225827566731,8.330351454691058,-0.18992256892344608,33.117904397585136,1207663.6133097864
1787,16.723374495364688,0.03734423758209134,6.647306149436352,0.9182979217171671,0.06448384306453366,0.048710804579309,6.428877617980742,8.479088883958529,-0.2023262350320106,33.20738097118371,1371845.3151260712
1788,16.862563783406976,0.04035043673996402,7.261709924764451,0.9216769805550573,0.06705282633190114,0.056546713506402856,6.8711681100850015,15.209486711752056,-0.19020322797394135,33.28710429415279,1378336.0812027298
1789,17.106767677956807,0.04303404221800164,8.459323938467795,0.9231708621978759,0.06924173396879446,0.05144563633151455,6.371129918921582,9.947471850933475,-0.18512865055144603,33.68894769464525,1387297.0520270988
1790,17.16374626350252,0.04430290416908398,9.902068332684527,0.9252680271863936,0.07113827675663843,0.03971774085700185,6.164629732628354,6.593835891979144,-0.16283754676146855,33.99820503425408,1394850.7632664137
1791,17.09518596562418,0.044524567556453155,8.566867849850729,0.9182398819923399,0.07261283378732503,0.039538363300247854,5.441498036100599,9.873603014304326,-0.16004799145095613,34.550592279383615,1395072.3220112806
1792,16.950530533760023,0.04791429821297857,8.076034538436755,0.9072977611422536,0.07370400852440773,0.05025123825416541,5.997721460716658,9.305692871239424,-0.1290335800325824,34.67009812012313,1395260.2416573365
1793,16.857348273891542,0.04985666096658808,6.619830885296261,0.8960237553715704,0.0744211154193882,0.05823790452367052,4.933461937712183,6.654148051432037,-0.1102009433716259,34.43788321684366,1396937.9529749076
1794,16.79714060690076,0.05183246283490001,7.225001689458047,0.889030173420906,0.0749619979697821,0.060473954880844207,5.756108694092405,11.878750734601624,-0.10223482397843572,34.02931950296339,1387907.3607670804
1795,16.723043548263885,0.05557038715030973,5.021436752577619,0.890129235088825,0.07583987857274165,0.061670897407458174,8.998778451023307,6.2955428302634235,-0.06489976228693149,33.60322509302274,1370174.4378562917
1796,16.635758803464476,0.06228608877650311,6.280645968120524,0.8948313605785368,0.07738643943208691,0.06627304052534008,10.28691385919629,6.7098413543307895,-0.0077392227717078075,33.17451784265041,1370292.6623731095
1797,16.35732888132346,0.06924802670464984,6.616393123418263,0.8956592115759848,0.07955839974655582,0.06983135916335736,10.359913550357952,6.3394931968946056,0.041260178239920536,33.3087311452298,1359647.8592580045
1798,16.291346596870877,0.07591945342948926,6.349366771656813,0.8897869980335232,0.08162857714752762,0.06930042765955287,9.92200102717595,10.905832737770597,0.05644849924209861,33.51751720245139,1354339.61373904
1799,16.20925995626697,0.08112295970036328,3.8291148967762956,0.8842249917984008,0.08346099550332663,0.07031078294358602,9.560582297438383,14.596947180736297,0.10893787283643246,33.4307121243287,1352029.6411073084
1800,16.303167036084265,0.08938389769622246,3.776398415385269,0.8785125824809072,0.08526310755017953,0.08144969111214333,9.347549391633203,40.76007231742916,0.1675437607743596,33.05640300796533,1357104.0520974826
1801,16.127736889905286,0.09959139578858053,5.898779541693584,0.8786219567060468,0.08713035674865378,0.09476582355919103,11.29880164530574,11.55867557820677,0.17459232978122977,33.35164868154597,1358461.4663492728
1802,16.069095871307056,0.10942657085314178,4.337434161584958,0.8821439388394355,0.08871366334825133,0.10511009763822239,10.781741848069789,9.890128422328887,0.184934823296966,33.82320441285357,1369953.228605446
1803,15.863521227196557,0.11305441678817152,3.182797354983834,0.8890930041670797,0.0898067775084415,0.11341173083126882,10.341726460066203,11.563897752916855,0.18723950411408957,33.85349811892166,1384518.4235292112
1804,15.540896315897454,0.1159306689541116,3.310293280863342,0.8923491489887236,0.09017083132681981,0.12142328610629628,12.824542245247311,10.75922879461498,0.1917855189708207,34.07357638642954,1366960.9369720253
1805,15.570701625830218,0.11893975254047857,5.688666422643237,0.8977071720361708,0.0903295705152222,0.12494304361556233,10.079031979737312,8.257829777802156,0.1956108866892043,33.575883094110544,1375607.6115040462
1806,15.631161377977955,0.11978559005150284,7.528106179215199,0.9005212187767027,0.09045617426246291,0.12342978972550674,5.2712998633327,5.405624338850859,0.22374465066441956,33.60789730817454,1358624.5075047282
1807,15.483508677987661,0.121305331876011,9.086007741739994,0.9048990234732627,0.09028675421958968,0.12284956680937834,4.3397675461803376,6.238196513968877,0.2626374712624926,33.329627322614094,1358161.1425783136
1808,15.144391138481549,0.12186070164713636,9.181950600026404,0.9075873005390166,0.08949843231061592,0.12129513743423401,3.521215392078876,5.523980679431099,0.26336681766072806,32.47749046297222,1358361.6080221075
1809,14.732654369281754,0.12429481794550618,8.017847358111904,0.9047718602418898,0.08824594544728132,0.11887565014242209,1.6741893508844108,5.645841934002984,0.2727296765636453,31.81113372658951,1337502.9165001207
1810,13.87435109628909,0.1260192603635002,8.473119919926855,0.8980408203601835,0.08672452717323642,0.12063340993379339,1.967217462943014,5.048437022724207,0.2992445571878116,31.08298192064889,1313613.649108398
1811,13.695587369341878,0.1288613516267936,10,0.8904125693440433,0.08497799447096774,0.1224499614545321,2.5800927555460493,4.290222268097005,0.3236288045353371,30.566714698586324,1277999.0220203332
1812,13.630410899762413,0.1275223436275751,8.152607109087896,0.8858859005570412,0.08306725725662979,0.12025376097453207,3.857227853146154,3.6694586674976115,0.35062272086853774,30.053615132016635,1256540.7772819686
1813,13.01818126572989,0.12072593704702939,6.26282175756077,0.8917803421616551,0.08115138715350076,0.11409657310745769,7.059292572225237,6.947623377917894,0.3673311963184789,30.21949056488103,1183947.5006161865
1814,12.940847698748037,0.1128696219365504,5.212934809301697,0.8958511811494826,0.07959952477805285,0.10969354509488335,8.028420439010537,8.44665953523715,0.3620301341868006,29.04889704007685,1067852.0609851775
1815,12.78753538949593,0.10480144455047288,3.4926606116318903,0.8975537279248237,0.07845848715880686,0.10499670030083401,8.251578502017892,8.75235406360451,0.3601488134653362,27.375233837428315,1031800.8925798527
1816,8.549331644959544,0.09970748792299182,3.8023088006317134,0.8973655429482457,0.07738377259850704,0.09799460640232185,7.151241933821106,9.02535386649507,0.35912694462179207,27.22647034496296,428901.08017290843
1817,8.243994715635289,0.09620430795327767,4.380916766452929,0.8910806420445441,0.07614428870627904,0.09014232562076006,6.552361370065856,7.924017004950553,0.3594517525839884,25.302306659063994,421739.2239322525
1818,8.07873936387775,0.08961338383365587,5.745898331191282,0.8860356390476226,0.07469306829525052,0.08259734354520394,4.875399773191354,5.7145681556460515,0.37656143869822445,25.015567460097987,247603.17620760325
1819,7.876522797590214,0.08004052929927656,7.133569194752971,0.8866035044193267,0.07309988577080835,0.0678323818761307,2.883390321835935,7.089639054987047,0.379691281110611,24.706276467741105,233548.54307981432
1820,7.480067061326035,0.07236993378742528,7.696929005518374,0.8901529604196545,0.07134124910546026,0.05636655117198841,3.7806710989988606,6.604488467244979,0.38316082902917464,24.117357286587353,228886.9395201652
1821,7.148005792602362,0.06349531818783738,7.270580057826878,0.8945634979009626,0.06964076623431557,0.04364245702146444,4.415434022356776,6.225381843887483,0.39311306747154073,23.80098636488916,217910.12353045857
1822,6.945739846327497,0.0577051391879716,6.591460473932752,0.9124807637929915,0.06816797509762615,0.034286341971177366,4.419528117355544,7.400980306106202,0.3959303995100749,23.366584997960132,215282.59622935037
1823,6.836900379908983,0.0576777716103815,6.683418056855152,0.9258616879582402,0.06676222957184344,0.02581325907597894,4.846203750917186,7.45958541016727,0.39383155131879516,22.88703487375749,214272.15384752612
1824,6.806832354298539,0.05738389404779966,5.3956534996550545,0.9349732428789137,0.06542385068223475,0.019410811760298345,6.028796977561539,6.4212455723540725,0.40353702346247666,22.66289265655412,211369.33390677604
1825,6.755487380311096,0.0560549524004889,6.526488947870048,0.940541253685951,0.06422126694093502,0.013309988385452215,6.542322756218761,5.766249600177782,0.41656215182271766,22.916638005135074,210620.75440917804
1826,6.730913244900374,0.05474537326728001,7.559355038711202,0.9414627531170843,0.06305070065116739,0.007528383637129913,9.24868544076032,4.761816156055634,0.41444867313615286,23.10517856444782,217721.27453172687
1827,6.731259466589986,0.05500562004403191,7.6901458171568375,0.9382996588945385,0.061800277571326404,0.0070401868808635,13.350828017180827,3.4486911745977444,0.3494976640650656,23.53853333643512,219424.77953238657
1828,6.740087176173961,0.05857295351306282,6.056211441891626,0.9333700463175771,0.06039946045074675,0.010439385966357972,16.325583950579652,5.105295950974826,0.2565981248581821,23.38371709585003,223282.971910647
1829,6.634961305940036,0.06670619983168269,4.32905685153996,0.9266273385286328,0.05891781808259186,0.021192694020666834,17.43135577178152,8.687910067082539,0.21910354059879497,23.105020290718972,222852.42378480727
1830,6.498126738547727,0.07233511499615736,7.024262302078688,0.913470160961151,0.0573549090330138,0.03493861674696106,17.1931200384683,7.061253876570234,0.3648462108017653,22.980231662496948,222007.93930596634
1831,6.316358650380198,0.07542868552586422,8.795809198522669,0.9016856238245962,0.05586485150463717,0.048133539742848355,15.973214917800593,6.689821370843982,0.30908938021873583,23.126747621389946,221757.72119117505
1832,6.223034786450171,0.07754641411509272,8.754324119855944,0.8937885090708731,0.054817371730831684,0.05634182290012385,14.64354288077049,4.450487336676183,0.21285852482437098,23.02980798888178,223399.96654983071
1833,6.313699608461483,0.07901269371213293,8.194607552660784,0.8894172376394271,0.05428085354923324,0.06012226489633816,12.326228347535448,3.4855683261049055,0.12531866627309332,22.923487483983724,244660.16603975257
1834,6.529200610199749,0.08111077754823309,6.45017993590412,0.8867557859420775,0.05412800795967977,0.06402307257356128,10.402442563548327,3.820987279616392,0.014316148477652986,23.539831259584606,237088.55112434799
1835,6.777631764906378,0.0811268068068838,6.434335302645809,0.8859878933429715,0.0544677911120184,0.06690554948050546,9.244450468764288,3.352510989142103,-0.023564698032214306,23.845959705723722,265818.5963223617
1836,7.346846262353968,0.07947265280638607,9.357163781006621,0.8880407840013501,0.05494789221282724,0.07222807461007691,6.643919069079239,3.760117342128616,-0.0181976737198049,24.14617001838548,309326.39314468956
1837,7.481701676115143,0.07878538699345873,10,0.8902603408694267,0.05569668910478128,0.07777326448813426,4.109801756426377,3.4671526766159597,0.023992474016770425,24.74261734853292,315089.8912650559
1838,7.798307932957569,0.07945039432293968,9.149279422660497,0.8941203665733335,0.05695205300472518,0.07927145551011376,3.850801043823088,2.5500387472600297,0.06801518368391582,25.214215322808283,339416.55858044035
1839,7.9669301967637125,0.08379102207702843,8.523415450323036,0.8999513971805571,0.058620339278921005,0.07980539185636493,2.8927206180753995,3.7651259500041774,0.10269111832195917,25.713776638639505,344460.24995302735
1840,8.226473531307125,0.08679140482531668,7.830947644271467,0.9064813470840452,0.06066091846242206,0.08159555416213105,2.8093258203862748,3.4474403530068614,0.1299254993428293,26.2335630834368,348066.09957364696
1841,8.483848081424037,0.08742055086558002,10,0.9081280803680418,0.06279110863926182,0.0843458549509958,3.926011054200761,3.593272086073589,0.1335384891571637,26.664219279979072,347049.02799574984
1842,8.751865243683831,0.08625077088759457,10,0.9101600530743598,0.06480790460822071,0.08368684597946172,5.041567593398384,3.663253293539805,0.12573044799999616,26.124290731144796,364800.3930435105
1843,8.675508345515015,0.08369205644790446,7.2513136362395585,0.9199820110201834,0.06669058591579789,0.07682843023656304,3.732757894844299,4.247382333507243,0.1496353956378245,26.275063716411662,364012.2887249219
1844,8.36575014699293,0.07883246278842551,10,0.9268238443136214,0.06856091870871248,0.06816565969465646,4.99441741614087,4.551569088715883,0.16225421164052337,26.34723117534379,374111.99614328396
1845,7.9508844581047535,0.07605086287110295,8.779162361425847,0.9296075475215909,0.07041264297494974,0.06124336455796311,7.381022298636884,4.6982269935730026,0.1661897509459046,26.473446234538013,387021.5039501467
1846,7.6733172970793015,0.07493504485121986,10,0.9287268507480618,0.07263679667746208,0.05880491692115909,8.152373555752112,4.4387845291376795,0.18966283861858088,26.923509241195905,391122.39923327515
1847,7.436913226578163,0.0759028072181961,6.498322069298063,0.9301855874061582,0.07479237487816995,0.06552273341435129,7.030227293861303,3.724628150122565,0.21933461697164186,27.510906787099763,393556.48187803454
1848,7.519046435731788,0.07573763483309891,5.096308774909062,0.9287634158134458,0.0771329296546041,0.0735102619912082,7.516176094401232,4.643874490130801,0.23246612604055958,27.118825214742056,400124.79536148347
1849,7.546790745086921,0.07502219643417857,5.009018509722775,0.9275081244111059,0.07935763391813618,0.07785913026904649,8.776441655515638,9.932639416019681,0.271453804762017,27.368736968925933,399779.1311132348
1850,7.823558560922654,0.07443623283008745,3.3558610822531745,0.9097810673713681,0.08163786503776504,0.07836565959862832,9.496734709110923,15.067434930248728,0.2508420067322454,27.2369410334213,414460.8501628171
1851,7.830592989690467,0.07258275430759288,5.649891546380522,0.8964477527141569,0.0839577147960683,0.07124968529706237,9.736546323253505,22.27035291471399,0.20997277503552952,27.89373863581513,418735.0377271338
1852,8.082339996412431,0.06703853776740865,6.987698915284712,0.8793659013509748,0.08627529399707588,0.06685516067203978,8.10900874275901,16.199650109679776,0.1955976947925016,28.483991154684077,426146.569682496
1853,8.701482170415476,0.060031402610846836,6.369702500302451,0.8580253931879995,0.08836298889526227,0.07320262286943809,7.441268963775272,16.020430188200578,0.17146702321913843,28.64496016638058,456841.9608936146
1854,9.153717279750186,0.05499824494903455,6.20929332353906,0.8323249000310896,0.09076678656700615,0.07753013357604936,5.318155540117253,12.881720604149216,0.1312000910681579,29.452972186752074,466930.672437668
1855,9.493800225379466,0.053413719357392496,8.349065416743661,0.810213768184185,0.09317943969789517,0.08266876644883105,3.290036527686686,15.485935870690795,0.049969871950570524,30.122316645610596,474325.57868837344
1856,9.826471562373793,0.05066422929182021,6.348405250421812,0.8072903338074684,0.09582907736294875,0.07934588386748524,2.3604445130002967,12.115728128525156,0.006917254866626599,30.60278095084209,477420.1396991959
1857,10.152566344741137,0.0496833067649407,5.487685342838338,0.8196226111054419,0.09834188680052929,0.07004905867485482,4.34571608857837,11.961589467231516,0.010888789434896214,31.061753976447314,507694.91243859613
1858,10.575329143919609,0.047739966689063724,5.249299080321073,0.8289456132054329,0.1009558896554377,0.06540330741575612,5.855501616728433,8.760511938418613,0.040043297051580475,32.25003894429208,531849.6147001992
1859,12.018575688800752,0.047528662266896775,7.392859752226319,0.8399207851290701,0.10381598759128632,0.06841970254671073,7.149472152728171,11.999163289701757,0.02452187306936314,33.519419870991015,571845.1795503758
1860,14.422146274694231,0.0481210441605997,7.784430331231392,0.8491789913177489,0.10710156567454761,0.07859614627402202,7.307302036859523,9.963801989549191,0.04248699168276722,33.78156803262736,790628.8252654388
1861,15.863440587852391,0.04956503720675741,7.0274114021109995,0.8579077741503713,0.1103312669264088,0.10388738152484352,8.365362023403662,8.461030755989334,0.0744428859902049,35.261471546491244,848011.1323214936
1862,16.03412525885226,0.047340996873558125,8.48117458908986,0.8551165264844891,0.11329680850184982,0.11495646396479199,5.866575702017165,8.084922371741976,0.15945602228442485,36.39070216463626,899357.8210126923
1863,16.21798607611579,0.048195833701018403,7.8731080611198045,0.8676491943001746,0.11559502232787831,0.128899020969582,5.282526788574004,10.53138030911111,0.25177936247362226,36.3219323612408,931971.3615988647
1864,16.241473850054398,0.05341958290230877,6.304510366686617,0.8539926636219024,0.11721209250389297,0.12908809706583277,8.683335464902864,7.609541778653172,0.3175812233221962,36.46649284800375,910006.383843587
1865,16.47371910849292,0.05710949130217122,9.228427822931724,0.8496812847256656,0.1183375890402864,0.13471023728205617,3.9346067422395707,6.430764455496145,0.39291719050578017,36.534762998631294,920748.0286024836
1866,16.708979344665178,0.05815900926257081,8.337458255331907,0.8424337697029114,0.11932799408526137,0.1388208919879063,5.856646346677119,8.584425422017606,0.41017083567118445,36.21487705634344,943096.6770715356
1867,16.068271816889755,0.058031626950198215,9.301238704929752,0.8504747435450553,0.12041419189110318,0.14407302984131265,7.4181314150732955,8.479464063159845,0.3867975154526342,37.08170914471618,893602.5864619996
1868,16.021938453465392,0.05410914221866542,8.174784879128605,0.8481607186794279,0.1217408527873238,0.1424918063319125,5.285447417882339,11.440309545153038,0.34752503577612204,36.51501383499476,894552.0879004677
1869,15.991668507903363,0.048167847609085275,8.169825224913204,0.8732099601626392,0.12282966038240738,0.1537891833341737,9.625512882017684,9.542791136102801,0.29554708067583263,35.88213568399362,875645.1948330228
1870,16.088306275487067,0.04213290282411002,6.405107141162047,0.8754849651455876,0.12360858496023981,0.1545976389139247,11.610340816992153,8.207046880926455,0.1943900203827118,35.834121230258646,871723.2188923678
1871,16.04614147649186,0.04205432844337488,6.35949225901347,0.9007418423891066,0.12364537002885884,0.16373432177879205,12.296915867278864,6.0261910389058295,0.06722241304963451,35.812417725579884,871634.7664489254
1872,15.923101380874204,0.04192960259474167,8.681836537703349,0.8854415902495383,0.12317423039043852,0.16224294751599225,14.11544853484233,8.31716069909727,-0.0013856884846211285,35.52451135818646,879604.3857725612
1873,15.73295988341957,0.043735602857310915,7.857124796426387,0.8879158267378806,0.1222253778870678,0.16472093448162212,15.514766204434196,4.336571465571964,-0.16951249039485652,36.14467271743312,860513.3313312152
1874,15.699193709570471,0.040510251406579524,4.708232627029943,0.8651637774705886,0.12093359695430092,0.16549146624787034,24.537324158068216,4.910799841751621,-0.2968581090825561,35.677949947051054,863584.6403376155
1875,15.637155648939773,0.04238313646264058,6.5068099965921515,0.8846881225705145,0.11933379861711216,0.170018580275756,31.26204795752015,5.210499593294106,-0.35809101838802826,34.93971629899032,855888.0724593548
1876,15.543253129132818,0.04664646315800514,7.404483218973724,0.857304563820362,0.1175228616471636,0.16136410336565987,26.852374578865742,7.178143608361848,-0.3838619805799677,35.001619230551235,835871.11994742
1877,15.41798134075646,0.056448714360525135,6.894530239819426,0.8673256140947339,0.11522656194987976,0.1507367057598316,11.862025028077435,3.914522594507378,-0.42026452429333,34.628082374820046,834394.0903514831
1878,15.396881961576344,0.06138945813751397,7.096911828203238,0.8570514073967931,0.11279851055371477,0.13676736202123466,11.876660751964891,4.196695765496386,-0.4467897369042561,33.91935596791068,836556.5998658235
1879,15.146853629677704,0.0671484374933403,7.841016172417652,0.8687172153592109,0.11029646122831994,0.12363943744766251,11.780636684397402,4.213565324030103,-0.4449380781152426,34.075221673857534,829348.14667229
1880,15.06658873470039,0.07181325204743996,10,0.8693417066335677,0.10837530958539553,0.11274952289724337,7.860979977780215,4.391806666484085,-0.43008794400464434,33.4116248197039,831942.7384275746
1881,14.790050412008535,0.07143426230649785,10,0.8853431922197339,0.1062567758774664,0.10906821599285194,6.142850662704414,5.062019140517198,-0.48612468068812587,33.45761183539326,821442.3130576961
1882,14.740427244403085,0.0733233184588159,6.24984799300354,0.8815163198113439,0.10385961189543014,0.10492181727815862,7.25102428509565,4.962538938476407,-0.48433644178050017,33.02763843910924,810274.2277461075
1883,14.561014613922898,0.07587030132807741,6.621631363705763,0.8913218969106673,0.10130555923904153,0.10798164845487897,9.268321085474138,6.729597413873794,-0.5028216832640593,32.47753002576878,804622.0501584794
1884,14.056014541885464,0.07284679477798134,5.322222961410681,0.8870861232280731,0.09913121675778093,0.10695565831702904,11.277963360962858,7.663931386337705,-0.4910987687665178,32.188333003394675,772782.4835580044
1885,13.731372928963701,0.07120090355346324,4.913561324648176,0.8791129645705221,0.09715156102909614,0.10167679548885446,12.114295499547229,10.296664976983628,-0.4467454484764075,31.365595717889462,761411.3143057754
1886,13.48077926858639,0.06682529922395086,5.918568088262309,0.8813585528731345,0.09543551527219178,0.08380910357602074,10.991000977116203,10.112485176837623,-0.39523646033820187,30.770137138490107,753198.5950497065
1887,13.247198510504264,0.06044163364288539,4.415075876426135,0.8805219152569768,0.09328381411196014,0.06474055507645575,7.807725551517381,10.965482976620907,-0.36930310025762675,30.354103052210803,751317.4888449362
1888,12.94570581475874,0.0644209361590898,3.7617024378478896,0.8744666957855222,0.09077102043937475,0.04063463107036268,8.567319272551043,11.004058644415743,-0.3660631101934042,30.184372934724784,714055.7463473647
1889,12.561548536916126,0.07299574949804108,5.100010822452469,0.8647390165925024,0.08775017576618306,0.02535809849998259,6.976867660729331,8.504634422827928,-0.3565541317458892,28.544820968950386,689311.9272251845
1890,11.068862446102965,0.08087839388399687,4.934361415076419,0.8569212186336514,0.08461985318624914,0.018825954093858985,5.71318243269713,6.094422059105255,-0.3223994758436851,27.299694158196974,642787.298968928
1891,8.631177025535898,0.0826242653297588,8.18620667280222,0.8469296151399611,0.08148892330424777,0.0224571002056174,5.764532485698915,6.406755105247603,-0.30291394490250767,26.92885912911253,424495.7980225353
1892,7.167710553863406,0.08400808127556197,7.162873476422952,0.8429038113355635,0.07874137798242223,0.03270209090904428,8.439362884790102,6.248802510172919,-0.2900133034904246,25.701762291410205,364984.3215604181
1893,7.009899297736335,0.08736957595702265,6.38562603575986,0.8412131872773168,0.07604948863375192,0.039686870683677614,8.54310207924993,7.212465443183336,-0.25868813024683435,24.547002138202235,308069.6867740514
1894,6.810716712309085,0.08939137841468157,7.725792966923652,0.843094830214977,0.07356850123050121,0.051335491882342085,8.104448727124893,7.247998277190436,-0.2567024153026942,24.628792031407716,269197.5102863423
1895,6.824564808045005,0.0873760689008465,6.267885775682337,0.8498276004195211,0.07160296779266566,0.06953239613517605,7.752448862334891,8.249295184308894,-0.2820580035103762,24.258473880728655,268731.3021128481
1896,6.431997527012823,0.08509374668753644,6.0540881064410295,0.8553709372878072,0.07016790476547011,0.06903569233625338,7.938514286261485,8.188218822930295,-0.27482690587510666,23.444087216854406,250254.27343707203
1897,5.885249980688569,0.08516303953348194,6.619234937040979,0.863030475080013,0.0688879710977202,0.06450880854478182,7.714307607241146,5.96942725093634,-0.2529707712453416,22.74635120182657,202999.4024444411
1898,5.821693374416178,0.08530754675994406,7.646967560225882,0.8714737379550934,0.06748338493386513,0.0648973974932655,8.873313565170333,3.702079787565358,-0.175662688934177,21.711687710389352,196042.18283587863
1899,5.604176903490604,0.0848005701717664,8.65796618312116,0.8762836992740629,0.06590840459496228,0.07508718941283428,6.251929544239879,4.072551677379467,-0.12824241138907388,21.805984356077325,184608.99945997138
1900,5.2857490824266495,0.08293104458558102,8.686072490037372,0.8786292615532872,0.06431899675441985,0.09241985574494464,6.128105433568347,3.326191587157079,-0.08542464330849829,21.74219704051916,182982.07236190376
1901,5.0240797482594015,0.08180842403337955,7.092050846457761,0.8813178071379659,0.06281445348195655,0.10140022044988985,6.173111634050373,2.663997528696402,-0.037527505222354894,21.623246302529168,190235.09946044433
1902,4.877554879313576,0.08338539971739664,9.142322751907503,0.8855308553576468,0.06176702677632379,0.09703158581161135,4.591844807441822,3.081452317358314,-0.008293684392242148,21.78006464585355,191827.8283675192
1903,5.093178875953135,0.08847966499297037,6.601412732782961,0.8847687301039694,0.061418339308721114,0.0843463436658456,5.541272446149403,4.23562468051794,0.035449175146653314,21.93304994934398,200491.44247366345
1904,5.091660575520974,0.09218303179348701,9.53555098707122,0.8852304020524026,0.06216929666086237,0.07107474961267903,6.0865000491775705,6.236830066938407,0.08803462315328382,21.72316735268294,201333.59302600016
1905,5.0703843455857545,0.09064653003118929,7.848366239140627,0.8789111348986623,0.06393723178445586,0.06845146626991877,6.147206064972043,4.1732299124966445,0.2256824369407929,21.53414564285788,204172.1789411741
1906,5.13552745542379,0.08599974940893873,10,0.875316087901592,0.06632926233012669,0.0729597539337139,6.594894015875964,2.628412235078318,0.3231742867775456,21.75688361322149,207207.65101148753
1907,5.253833665690555,0.08788563244439813,10,0.8716343176364898,0.06907242206118555,0.0761901983890672,4.5373632095672,2.028166504453277,0.4570745937392946,22.020572726827055,209349.7117518681
1908,5.609887586305388,0.0892659663214653,10,0.8655080080032347,0.07156887389036702,0.06728813595105253,2.8558276736502046,3.2574055893422362,0.5717368744320098,22.292402543646755,221043.1858166242
1909,5.883943333078846,0.08892255023617313,9.547392767553053,0.8648859590291974,0.07349225591951031,0.059856752520461666,5.4280464008614695,5.9371303733034,0.6664508124170099,22.71292117501928,230708.00717643523
1910,6.07070319423214,0.0827393052233399,9.670733093122319,0.8635099208354947,0.07497565958257373,0.0627079008747611,5.977971361475766,7.286306110644286,0.6629059239102788,23.26258736900321,232288.00533714052
1911,6.163486832987965,0.07411598468283197,6.224913154646086,0.8653589153289794,0.0764412336639172,0.06826256905418174,6.416976263268837,5.211945979359731,0.662097772361801,23.66404175853774,247815.48252985723
1912,6.246341442624658,0.06377227982409957,5.814222759440885,0.8668199652433394,0.07832892692722175,0.06939027229260473,6.1247995475846615,3.854047181664306,0.6686541251100238,24.325060373140495,252654.11170575238
1913,6.399880882051409,0.06950257400099953,7.062651907313111,0.8649693739414214,0.08035619700994205,0.06137964619865144,8.554314065295175,4.27352030783535,0.6450526510637735,24.54104074599042,260502.55470130048
1914,6.5465861370836596,0.07167149349736683,6.364154633634177,0.8623115196824072,0.08205757607958616,0.059157257948890075,6.177022140181581,5.591852292358299,0.6531214463489424,25.068339953335155,259332.65640656315
1915,7.040114580544981,0.07497172297795246,6.1853988796812285,0.8678029364347455,0.08299263303781769,0.057684015260214036,4.684470255088946,6.091010516079082,0.5791340334546595,25.226740642118536,290700.6076734379
1916,7.620233792103142,0.07822364197819962,8.182140048949766,0.8739551699161529,0.08286629981773239,0.055035954042492154,5.7010773902040315,8.312356180010413,0.4685580448548127,25.88087159892156,323882.5360534446
1917,7.696126024600558,0.08287346197745131,6.614356985176559,0.8780478939414023,0.08197571148378079,0.051338875701405724,5.02632330279368,8.33999841652421,0.38320292615299106,26.539257983364713,332183.80363020045
1918,7.906300013811829,0.08476273789798063,7.711613363001552,0.873764333426952,0.08075761633617919,0.053931243580772385,6.958613043143617,9.914767051360316,0.3052535510748329,26.645199657321406,337339.68735748227
1919,8.065391527851933,0.08415809479379417,8.780472754059122,0.8707593640685077,0.07992174593711113,0.06391430898674182,6.377342635356138,7.3950518598429245,0.29176358497198807,26.584064130680517,346682.8485907773
1920,8.187384365122778,0.07972674549720878,7.854240458897033,0.870900408029556,0.07998737456354765,0.08016408733138077,7.877310527769321,7.366784209168962,0.31870497428401734,26.87940046939857,347171.7752786663
1921,8.445369940832958,0.0759418675929791,8.124664829064807,0.876232262253761,0.08065128725183277,0.0929789010096551,9.402156474688429,6.52020633472026,0.3340022267210813,26.670870525694177,354294.3535079169
1922,8.566072564627294,0.06934124670274691,8.532350507059723,0.8792610234022139,0.08161757392083628,0.10749505186844217,5.999281556618952,7.393371924756298,0.3160109610608971,26.758127568513792,349997.63471649407
1923,8.686474531725421,0.06382235891751492,8.934239062408508,0.8851026219129561,0.08289536190877524,0.1100920976136697,7.391728725532823,7.420409891372154,0.30604047402742307,26.579947695233823,348198.19122734957
1924,8.762516541894863,0.05840417627020619,5.523240345488916,0.8831007108092306,0.08476816878337932,0.09931171358711886,8.590331903145827,9.235410264869579,0.3444732155708814,26.695266971467888,345159.4399693734
1925,8.828078697456629,0.06003246386827529,5.402568733754887,0.8801237866282461,0.08724914731369342,0.09732100543730855,6.826640470275484,9.982671585181713,0.31787686981796254,26.068437053088466,348361.8671234444
1926,8.733396600375288,0.05985866633412361,6.873541917421974,0.8724669519066809,0.08989446221374972,0.11496519265682376,6.090936947865354,10.12772827293653,0.2596871774044024,26.16294688426486,337310.7984172367
1927,8.710262336920934,0.05813720118310309,8.273438166516042,0.8670360979437829,0.09237698568706411,0.1275541834986949,8.147767148374948,7.310974491499708,0.27960622495229676,26.542131742456963,339453.4757745037
1928,8.780467294876617,0.05658019196197245,8.147891053525077,0.8548905032873153,0.09477795106118682,0.12735418110911095,12.93063937988758,4.840829429684341,0.20935770033829026,26.973029804167016,342354.1190456476
1929,8.835242794029064,0.05191550530730497,8.164303952129856,0.839612591266632,0.0972282053444251,0.11764014865223292,13.672353741767948,4.233132210037587,0.08661865454086658,27.30080467795817,341612.786719922
1930,8.987340398416745,0.049163472801311434,6.982017133844496,0.8260649153590202,0.09950896719543476,0.10407395511801128,16.69922868897884,4.34677087087373,-0.024118620727410955,26.827057194995973,350770.50973204663
1931,9.040591343174784,0.04756092256831729,4.485313512028848,0.8237381115555761,0.1020099556722861,0.0885035259223003,19.31979732561051,5.739747941591432,-0.05106349578079052,27.162208859024563,350019.8708885072
1932,8.97164610295521,0.045411414004272066,4.758827175527548,0.8206391158699987,0.1047506894031506,0.07379198209739048,12.050009220902034,4.98827177862834,-0.11329861640056862,27.38922149974018,342324.13893861906
1933,8.803901583958737,0.045756502862594875,8.05032858482876,0.8146122130751607,0.10757532483390317,0.059270636235961384,13.473747842780822,4.8463679276637865,-0.16038253184448417,26.756315695097253,346667.9758299065
1934,8.444042363715985,0.051323775902312005,8.366023073581156,0.8092694902420041,0.11022313119061902,0.05843436129473571,8.859214100021719,4.709495381114733,-0.163488508270168,26.684433547484904,325245.3405316417
1935,8.294045602311755,0.06045837839897966,6.135721607737079,0.8070263713598248,0.11221534274249821,0.07310923703221126,8.0734098342936,5.4006139055429045,-0.18306112294317164,26.1316157540523,323329.6957770472
1936,8.21253877392861,0.06701535138549203,3.5399873544372986,0.8053737580776213,0.11322414480638937,0.08903275960675736,9.797332447076647,5.964172441709437,-0.22124671713269772,25.888391473138363,311395.90288466733
1937,8.098742030299563,0.07483209188783609,4.293906154222111,0.8036780849099158,0.11344868044647144,0.10291464067282258,9.106998583751082,4.156306469303801,-0.3264795754607229,25.43093053187766,300167.6163501316
1938,8.015054358229186,0.07978962154626301,7.755242662815829,0.8032264697551725,0.11295526202824809,0.11580162601517457,8.903285682254255,3.947917105747039,-0.4423033111073232,24.87072705008271,294487.27999857656
1939,7.716675907027217,0.08012351274634283,6.671066112151929,0.8037423583865164,0.11249314992652445,0.12534514906377936,9.930777122035844,4.107886895192774,-0.4584472114012332,24.470041637699456,281549.41171067656
1940,7.401415832699221,0.07604273271691757,6.92458709543064,0.799090040028095,0.11266473947736069,0.13676708696019826,8.092704552574425,5.984336236206497,-0.44925478962623255,24.396536246218435,266701.8475297987
1941,7.272305011636807,0.0697941046668224,7.70631159055769,0.7924192523956299,0.11319122607101252,0.14471266277650674,8.978664105085286,7.291382788923761,-0.4680110835935162,23.860463097193982,267657.2331932192
1942,7.1583324778481385,0.06437221749692312,8.36772309072798,0.79029548227787,0.11359273861252951,0.1452207967269277,7.364858426094449,6.796110784193703,-0.5294264642875499,23.75606981626184,251351.11973164353
1943,7.02981334626917,0.05977410962824329,7.944662782756233,0.7976679605245588,0.114044819709557,0.1438201988904089,4.6394805608060254,7.772993595983655,-0.5584399558853596,23.279889800321754,245533.29947324868
1944,6.942164643195756,0.056299326083373985,6.110150910180714,0.8072702866792678,0.11494460700100224,0.13733752897903773,6.558935501796267,7.163653395122587,-0.5836889456656668,22.970638395490784,239584.11410591417
1945,6.835752517132844,0.05114633951285093,6.893227251821529,0.8167711669206618,0.1163744819149376,0.12986087533018992,8.854173227766406,5.613334309904602,-0.6088079745550941,22.279064482502516,242361.20247250798
1946,6.458439106155943,0.0473085938918965,8.708567860042141,0.8224962836503981,0.11815174078178393,0.1352146580426062,8.608915703598155,4.700924984813119,-0.579840804472494,22.640608635641833,209927.97039525319
1947,6.13812729915576,0.04468406321472877,9.728832687414894,0.8300294020771978,0.120422939921874,0.13999869969929057,6.963224069248069,3.937157040756771,-0.5079237321131884,22.02194333139226,185151.3421303022
1948,6.225211239172043,0.0421047842719156,7.587272806320706,0.842140835225582,0.12326141469654815,0.1389025740547355,3.7079531871596823,4.813756783655667,-0.42698722725313804,21.343209716609167,180643.5817693391
1949,6.215551133321018,0.04130536085283813,6.6852859443357495,0.8519208562374113,0.126498295867865,0.13601324063896328,3.220773088360864,5.759497448746113,-0.3831257951823957,21.138754187407667,172494.8700399277
1950,6.246853675079365,0.044443752483413354,4.030074910448323,0.8663245251774788,0.12973425589240922,0.1256728670949974,3.6418106754046278,5.0974571182529145,-0.33617865817886516,20.85165655546114,166070.93671228053
1951,6.308424943129207,0.04816889865216485,5.22331877851128,0.8737569925189016,0.13269080752031018,0.1114369513120074,4.467459794238323,5.828436420828311,-0.3268178166371184,20.899788710811812,163933.0606995118
1952,6.3382645381534015,0.050675473010368344,4.070631391633658,0.8787147107720373,0.13531369737202337,0.09993950585219888,5.802836075592741,5.21125337688054,-0.2968156638372199,21.235324201063186,160563.41809735107
1953,6.433522170965857,0.05217497572710278,5.179773052517078,0.8823799714446067,0.1377049594907561,0.09219908090351855,7.381666401164068,5.624303591749827,-0.288108086919091,21.345738776252286,167813.11764283167
1954,6.5133388221682775,0.05180800523995125,4.127146729565101,0.8825775688886641,0.1396913588226274,0.09576662246023716,8.167206186141032,2.9989680881026795,-0.28650096560286853,21.61718111130585,177406.60713952789
1955,6.774885822396923,0.050563131852661945,3.1418369074004153,0.8800963413715363,0.14088630711573455,0.10463098966304143,8.889746559961676,4.204967439973587,-0.275189279472804,22.020199433599114,178629.11943721888
1956,7.052882991813132,0.04936347373965995,5.971373591712165,0.8753855913877486,0.1409101449252252,0.11364208984051592,8.786057936996041,6.066242307623572,-0.24393751065327354,22.529217025086954,181493.30887265745
1957,7.505798702420042,0.04863678078784188,7.7182512914813595,0.871143510043621,0.14008247781438413,0.1274120814438505,7.1434595531042735,4.635885136977286,-0.23521009052725586,22.272102183319564,186541.77710742186
1958,7.870131516289133,0.047484284419483457,6.226453290174175,0.8666889739036558,0.1387602428768525,0.14156869750654683,6.28405625388257,5.792001384548012,-0.2351996482981243,22.010197914843655,188174.6856173526
1959,8.263886756859916,0.04771091731763717,4.0632875688995975,0.8657611015439032,0.1371989276419146,0.15524758714391382,5.843801068272293,7.874509909072058,-0.23342820632538144,22.14452652260245,181166.97677742835
1960,8.601062454692224,0.04574712644249611,4.656765020561123,0.8677876469492911,0.13567227554677275,0.1619662709842293,7.325526813661204,8.496193664892715,-0.18040986108821638,21.719860005255896,181383.3553130856
1961,8.788500550424946,0.04432345928031432,3.649066848061644,0.8653078061342238,0.13440164593330853,0.15916897999024743,8.913784219822208,6.195060590208627,-0.26247070202875106,21.792361483206474,179544.17011452123
1962,9.04804340357002,0.043569788661970116,3.2699907674624966,0.8682743030786513,0.1332427880226569,0.15891069926509283,10.809924874194191,6.661976212680057,-0.1984056620171633,21.881936114794318,177162.39790868695
1963,9.35902260755942,0.04584511443541802,3.0406200418541642,0.8734728676080702,0.132005490385663,0.1617847001122888,9.578180814181614,8.941961236473842,-0.06718433699343321,21.62624822830028,183397.66044056902
1964,9.809537993256894,0.050527968986661086,4.200019239795262,0.8744270396232606,0.1307743849609959,0.15961395254678393,9.252380647100086,7.949535820774299,-0.00443538831454378,22.0520344248333,183433.145443399
1965,9.941154262920127,0.05729873987061852,6.598878243221118,0.8753298145532604,0.12964035050084063,0.15874912205560582,9.403988357120262,6.295706122613322,0.007934673907855025,22.30386531503858,184689.4693346823
1966,10.111562987623037,0.06251460976263924,4.2376251576580275,0.8747421634197232,0.12854725644818984,0.1647623374971407,8.492509885453252,7.133005408277022,0.019634710422011065,22.52729566857144,184164.03244944641
1967,10.222805085238525,0.06303446171430956,4.174074254955896,0.8693986770510671,0.12738367520687496,0.17034234500986664,8.552437396732588,6.707212420320533,0.063344247358267,22.5939898873512,188620.84775333785
1968,10.296221258375354,0.06466870840747009,6.565257201874843,0.8683367380499838,0.12591574990208423,0.17704376635353772,6.8099310393073305,7.398073201891213,0.09138213867795174,22.899083096265393,187418.54467123863
1969,10.251522012613357,0.06748861068888906,9.066439430017608,0.8700297424197195,0.12417614845766113,0.1773800053031836,5.675929400076207,9.7871549330917,0.08021225456052344,22.793495282270012,191756.87644814185
1970,10.219894606632556,0.06692086476700508,4.320611435364282,0.8728792276978491,0.12185150781981942,0.16238854615010145,7.10527607160117,11.609869034312172,0.06360732964254502,22.875823459714606,194144.11680211234
1971,10.256976881454635,0.0653252200914948,3.8386969123958625,0.8758570227026938,0.11923845673850517,0.13750605905440802,6.644843753420233,13.491052130268628,0.011542143158612937,23.117727499409668,195557.1323113562
1972,10.282377713083461,0.06976093414282697,2.9872747666146466,0.88411513954401,0.1167043546420953,0.11905498234043448,6.279664902880441,15.440198761398726,-0.03917151177638896,23.091749602644608,207254.05176694316
1973,10.286956554051327,0.08341911058474576,5.654358803869926,0.8928336250782012,0.11420400936692417,0.10423151366344782,6.078511649670071,13.677197418515512,-0.06911216814546406,23.21900523305322,206295.09795843772
1974,10.272442500265717,0.09200194046041374,6.4631062781594775,0.900104390978813,0.11178975030005152,0.09541942660733252,6.462350307074098,9.856915837854448,-0.07964582316343834,23.199015482815987,210579.5812719429
1975,10.194142230640667,0.09618541981976478,5.696690471467383,0.9070672613382338,0.10940591116533714,0.09001131402964091,7.130467625415671,7.969751751762244,-0.06353047009199082,23.041143411142954,213674.57500041442
1976,10.130181845302078,0.10051342604413124,8.878971436948685,0.9094888177514073,0.10710803401131674,0.09047135731279878,4.349528966584164,5.670689026351277,-0.010109371115108024,22.965377524163486,211014.0830138759
1977,9.996926983613852,0.09733844555526523,7.575663141448981,0.9102109205722806,0.10533830547864309,0.09929006281240613,6.3303282820513225,6.149905487470379,-0.005382617942615091,22.371953766874352,210309.09477047698
1978,9.710082519992756,0.09069453634588065,5.989189207567378,0.907236901819706,0.10416484279896575,0.10164247295247869,8.218713427044465,6.6190608175817385,-0.07005349715719641,22.30458729040951,202926.6202676542
1979,9.510757891873611,0.0854766308571852,5.347158871408813,0.9017135444283482,0.10338075344383083,0.10073830589005489,8.743142069073151,8.66949897497766,-0.11394918281662089,22.439006262177852,199020.66963610085
1980,9.330631017554166,0.08199447578308632,3.576276046166728,0.8932076588273047,0.1028141645457531,0.1008581723741504,7.0388986774971976,8.000201972225403,-0.20116521778762317,22.41579708652496,202502.30029241546
1981,9.22821138362272,0.08009379399888371,4.116087064397019,0.888876294493675,0.10241645798507855,0.09178695146282304,8.219973831066737,9.216152129709133,-0.25437848852252626,22.64097911266937,200181.10965151936
1982,9.129342202441613,0.078530831435792,6.676775413191811,0.8823817729949949,0.10182114771715894,0.0753659328312455,7.700811920487399,8.709746546782672,-0.30421696157342876,22.328473689620946,202090.4668044234
1983,8.944333084920233,0.07829753698312597,7.637487344212579,0.8747454947233197,0.10127391448734269,0.0544338214036873,7.1891896634415335,7.36674370189242,-0.3094826047537723,22.080986728860434,200327.66960264757
1984,8.816097193682346,0.07873430421757678,8.723909837642342,0.8650257411599157,0.10069666779444385,0.038271436126402235,5.017618260813581,5.968107166854815,-0.2356864675267084,22.13579919132213,194957.89324903328
1985,8.781397487978131,0.0815624401743798,9.981153697915737,0.8558732712268826,0.10020149949780538,0.0237027626871443,3.796782689835424,6.796020373302621,-0.13565217675161334,22.067573948019675,186893.90520259546
1986,8.680835991496467,0.08478506426251053,5.415658665324623,0.8530007630586625,0.10013083552618862,0.02362640614230001,3.7421690802725966,9.720150378604572,-0.14281253919425416,21.296903134170922,194425.51795616938
1987,8.513350497808021,0.08744645559284742,7.186700210258219,0.8515876764059065,0.10087086528208511,0.0350849248518091,4.413457016478972,12.16760712866165,-0.21300456833912038,21.145168538640032,190513.58799332328
1988,8.130108096866968,0.0892070533675104,8.521765982753527,0.8555620765686034,0.1022699859780006,0.049901377913545944,2.6134631518220575,9.911513682676713,-0.2521607807115863,21.480286535313656,188482.91834105854
1989,7.9411128739959045,0.09003238423146341,8.55443468589494,0.865214094519615,0.10442408709027323,0.06672666643349424,2.653309753597341,8.924458202334376,-0.24730361333386283,21.6012879280058,187724.5552499023
1990,7.721952918820842,0.08636872458848205,8.672698120512285,0.8771665152907369,0.10693996730718693,0.08134857396776926,3.811082973673549,7.618616531552038,-0.2174611297521265,21.548004844292162,195309.28579107928
1991,7.6317404878348025,0.08237804639747694,6.343456443938503,0.8849301078915595,0.10962035287547577,0.0907320792095961,3.9537350176113106,9.43117936303805,-0.19368123349461455,22.442036011107433,195856.2857693607
1992,7.970773642778537,0.08030463145432538,5.9339009585649105,0.8922245821356771,0.11220940378859234,0.10430739547736514,4.879780130026893,9.981143680092918,-0.15410126891897372,23.286285168053954,195276.88654884658
1993,8.682260131747915,0.07779807214933179,7.948518505429957,0.8956829765439034,0.11448778947666302,0.12253335619509496,3.682344421198172,9.568362090418562,-0.16945281127586692,22.865720595339454,197292.57565020083
1994,9.29839705622506,0.07494336695820898,8.750830671471855,0.9006683295965193,0.1166048729091249,0.13747793010310635,2.9245123707422325,7.893775647406187,-0.12444321471122782,22.883038747172893,193893.4035250064
1995,10.438528151846604,0.07344863583085165,8.1526593985816,0.9069409245252608,0.11850327277662429,0.14204969670637452,3.6041165389955383,8.753790893775337,-0.055917490557765015,22.830211847033205,209967.04004649396
1996,10.820841154452602,0.06802611370828425,8.028696806951052,0.921278084218502,0.12030947575030772,0.146420218674695,4.6658789032904915,8.090717788305033,-0.008847223924091064,23.51652028032242,212744.4052649945
1997,11.302911166676223,0.061222619266881786,7.668750363252675,0.9291129881143569,0.12248691444572142,0.1463077191916323,5.012373154412552,8.673793960087975,0.05202066536016003,23.484354987222986,232794.8322800975
1998,11.805008938041803,0.05860071306721369,8.161892692048953,0.9337920284271238,0.1256466411693097,0.15337811488556302,5.865581042025118,8.28113249698638,0.06969880754081122,24.114482601165008,229898.5304185802
1999,12.807012297628113,0.059218229241828686,5.2567995187226035,0.9294167339801787,0.12977787578779107,0.1591491188736741,4.0053709004958,7.943606001042252,0.0812821243730095,24.40910298299411,249466.39984005495
2000,13.656523346867347,0.05915594463221306,6.713861290620998,0.9307597646117209,0.13433279879787766,0.1620297881073906,3.4664735939660485,9.66981778457698,0.03379868312938862,25.396918557401865,272023.4449559072
2001,14.177847505411009,0.058617299335436475,7.103636553929074,0.9338370552659032,0.13952645691138396,0.16019796302998157,4.666269196720065,10.950079475141557,-0.03245315116742363,26.80285953201196,275213.5726968237
2002,14.316066358730765,0.05670662791764493,5.19778084719306,0.9526085641980169,0.14472799758764776,0.1604469814871998,5.971004454629047,10.875882592465299,-0.099574384848867,26.947367256806277,296837.05809939344
2003,14.412265655866824,0.054788467747234525,6.470932761044116,0.9624808657169339,0.14941547966291965,0.16242772391381416,7.161751836421544,7.552046870324273,-0.19515736764077626,27.139233721866166,289333.25516330183
2004,14.504282244610092,0.05439876917232125,7.044437453940675,0.976512100994587,0.15334298292829035,0.17100864814389968,6.790137969636296,7.943769656813171,-0.22818434694510026,27.197955248717406,302578.8533651762
2005,14.62846882527273,0.055649633153408,6.368129487037854,0.9840855753421781,0.1563559091082767,0.17341171333165642,6.448904216463017,7.0316347135517745,-0.23748026890564225,28.015258132268745,307680.11265188805
2006,15.3497439379923,0.057950762491667064,9.858175815971958,0.991592571735382,0.15854025807201647,0.17310326664659548,5.437450310764742,6.500106621031106,-0.28386866071715317,28.564924279351395,356190.9506819365
2007,15.689124019200113,0.06012274416001579,6.8645192964748185,0.9898729264736175,0.16038075232026672,0.17073193561941158,7.9669487360478985,5.7067200516125425,-0.33264453077258915,29.46989210141699,383686.3510750332
2008,15.812347323510776,0.06066680461295083,7.596639344342567,0.9848962318897244,0.1615264579581903,0.16992001914259744,8.582040393225277,6.9995358836969555,-0.32516912758697014,30.19326496791787,388180.0065600059
2009,15.80523413579537,0.06092481681062945,6.1744197098528835,0.9719594380259513,0.16195062477517866,0.16727205935879735,8.726662143094433,6.496568989621165,-0.40545198220467576,30.41142509614604,414406.9569607428
2010,15.822885571119187,0.059797338782749426,7.85758240718508,0.9556420826911926,0.16157793482225738,0.15958870178253515,7.2409057873132205,6.818114837286627,-0.4248819807631163,30.6812333004114,425387.8859963893
2011,16.004655300760298,0.05568506008109935,8.115182317269248,0.9348776671290396,0.16076947971456496,0.15685046455833762,7.381664011609805,6.785522608811102,-0.49750043946980366,31.20203410982571,425976.0807981409
2012,16.273526949514793,0.05197234069535599,6.793918312459265,0.933453413248062,0.15942730821079992,0.1592875510206473,7.857585071796977,5.811390665128739,-0.5607125155311283,31.463637474586093,428221.80988870014
2013,16.674569805901733,0.04842894584765164,6.049658266801099,0.9302528378367423,0.15808547315056515,0.17331746126248238,7.042713480905551,8.066523202396743,-0.5493669243148916,31.548059854606723,430130.37358246173
2014,17.039199101054933,0.041064442253289764,3.8571504047712755,0.9226665860414502,0.15635842940870243,0.18250209457660976,6.019247279446705,12.544885688194858,-0.4870413888203423,31.496827086924398,427881.2553401852
2015,17.33356972512972,0.04043116750941347,5.992134535844396,0.9114594390988349,0.1544520021550969,0.17947404943908687,6.425538474415472,13.79240043951491,-0.41081982580448373,31.019410180801273,427902.2434769766
2016,17.613921588925123,0.04360204499105399,5.536351562445395,0.9044106733798979,0.15220676817371104,0.18470616420583985,4.025253967390444,13.519043078115361,-0.42316221908859364,30.666078785189914,427508.20125419734
2017,17.894214594207618,0.04689699517276048,6.6293761320356435,0.8954252192378043,0.1499718771475033,0.18487416710647828,4.0466092859614005,13.204743497268467,-0.43211248545138053,30.82449736603875,423507.80264737067
2018,18.171647530339435,0.05046229778658045,5.830404013049636,0.8904857853054998,0.14767985915448925,0.1803968691852375,4.8819293744242716,10.932855061503522,-0.4303897926983176,30.736771541027338,431563.9177801665
2019,18.245632744094035,0.05537525663551532,6.155389325632438,0.8821941912174223,0.14541223186445812,0.17165397914003744,6.530523670895258,8.64822676537952,-0.4510098526068297,30.988187577819573,425823.67723308865
2020,18.11946496381373,0.062273447939572554,6.526289786172534,0.8790955123305321,0.14286189675108557,0.16012737801307025,8.061565495018234,8.377327025599666,-0.4804855370105849,31.139105384198395,432324.60003196617
2021,17.87986001971407,0.06747039270398907,8.045459164668264,0.8876360708475111,0.14042170725775838,0.14906339184370207,6.554630770577205,9.289361169074706,-0.4775107747193267,30.71715638795539,445003.88842238474
2022,17.6285073471243,0.06768939662769385,7.443043784955705,0.8918637338280677,0.1378266889661736,0.14778740090535364,4.797747380737775,9.69277022727115,-0.47587161392492805,30.29073254758997,443076.7696134031
2023,16.977018697139254,0.06492223437616243,7.365514431090047,0.8886962205171582,0.13528991538727664,0.139824270252997,5.144494357816691,8.726669269194145,-0.47433094714002133,29.44771193696378,448377.1446459024
2024,16.011806361380703,0.06396977869730786,8.567515754995178,0.8910361847281453,0.13277464084714002,0.13568252752173443,5.81173159760219,6.4368939102943346,-0.5234261171074053,29.682029561631683,448800.7765294526
2025,15.076991732512578,0.06239628249309603,7.268400401731579,0.8906487965583799,0.13020566256595437,0.12592454156254668,4.534489003650172,6.195147362629905,-0.48841983850505954,29.77974172275923,458632.2668521289
2026,13.55643551339507,0.057226215581443265,5.541512722378298,0.896002096533775,0.12774458459376697,0.11698758836790929,5.800236961076809,8.087308397486682,-0.5033378356312811,30.227151105433236,446200.6941662846
2027,13.235110767920393,0.053162675197276174,4.979748141109962,0.8964139375090597,0.1253355262921633,0.10481290205797898,8.66303324916419,9.315160421758662,-0.46848470956690647,29.760131057066157,461986.89539795154
2028,12.781127070829337,0.05214281792398817,7.433681346862147,0.8966519498825071,0.12263968739932223,0.10471083232435512,10.027048384943079,8.787783207989026,-0.42561642538745725,30.187230655468195,447551.7098635898
2029,12.163551602396451,0.051403896777609405,7.40832774765846,0.8973526301980017,0.11942100972177784,0.0998397588878174,8.941327625818563,7.757530163569216,-0.4637465007526147,29.554875533825225,470714.0684267661
2030,11.224367250366534,0.051298156023235404,6.085176288785005,0.8955363336205481,0.11561837295391292,0.10004987401190418,9.659985496102628,5.645467622704183,-0.5076706871625956,29.882567627356288,452426.9105491252
2031,10.571322787053944,0.05073882508699333,9.02291477870972,0.889291290938854,0.11163438311140786,0.09242753468442798,11.035242593607943,5.813656417618509,-0.5184102433786608,29.220297438784353,458274.4227218503
2032,10.0493360880302,0.05280423569643656,10,0.8795343992114065,0.10747350103139487,0.0909163412175414,8.964980213959704,4.552764031348961,-0.5375380122093489,28.47412762388984,451602.5595989807
2033,9.882432107655983,0.05148781588757992,9.986152656940522,0.8672786182165144,0.10343411978534967,0.08939442370376506,8.266085769179739,5.179602072173209,-0.5478208936852084,27.862891916522873,436460.6199704964
2034,9.760971467415043,0.05358032786462467,8.65438191679819,0.859479693174362,0.0996495272909357,0.09213127792284917,8.192144299111332,4.2036790462421845,-0.5548077503912048,27.667078396355617,430169.0514629709
2035,9.85811401525054,0.059566123169375484,7.242138447003904,0.8632337334752082,0.09683071655905442,0.09194825962935047,6.8745149083561765,2.5800287489586866,-0.5158694371508491,27.426728893427445,416328.34183552576
2036,10.09144512366854,0.06478936123226726,8.589076044567012,0.85771377235651,0.09525525389319649,0.09776583903851327,7.947187297420032,3.707818573907831,-0.5420597011193455,26.928271592554612,416638.6278005216
2037,9.925853768027194,0.06733681260855458,6.209694695084636,0.8646261623501776,0.09455128467351943,0.09265769960746728,8.896562753250864,4.907732866161735,-0.5525400688346063,26.9449042017729,375260.58081644383
2038,10.123901213649727,0.06992140129276152,9.751451343737976,0.8653613170981406,0.09389431740416988,0.09209195467360604,5.526510666281814,4.077965252327624,-0.49256525634106807,26.256580452489672,374435.5748217645
2039,10.280906560817767,0.07527167349228774,8.37396450517923,0.8603842997550962,0.09318320264705905,0.09194650839836281,5.296623298156606,3.792054794779119,-0.4263253483041731,26.012955311298683,375694.834488079
2040,10.370519549553496,0.08113809475405176,7.637635149844121,0.8555663093924519,0.09225127661714311,0.08763373264204193,6.703557399337545,5.268854496399323,-0.4174084842760953,26.318005466826797,354617.4436714771
2041,10.39435728256635,0.090563487546626,8.052140305195843,0.8514236581325529,0.09148572119327326,0.08329528464472573,5.639404028491245,6.402150935640124,-0.4028340321074221,25.916942037394875,353825.60382357135
2042,10.311440055965953,0.10138497249251412,8.301397712695948,0.8598152863979337,0.09096260326913974,0.08216965720862314,4.910258924666614,8.883453590291833,-0.4033896756752654,25.547616249392664,353600.9800058919
2043,10.07576441922879,0.10354783759853056,8.114181541161464,0.8689111453294753,0.0909815549627762,0.07571654534257459,5.355832048424658,7.511677572726926,-0.39939192218374087,25.311897521398375,354867.2710301691
2044,9.598866395183594,0.10679237748261415,9.00558345614413,0.8767931443452834,0.09117957003650096,0.07353845325860629,5.188268771201441,8.75951536516572,-0.4028237509036749,25.621427715486803,353106.9929773255
2045,9.213394710924481,0.10481389054870044,7.142078161013769,0.8782153743505478,0.0918289070334706,0.06462035477279646,3.260509192152,8.89574796298956,-0.437163916933416,25.716115892552395,363406.90028532187
2046,8.952825100660645,0.09835413986634867,5.737147930807296,0.8775374540686606,0.09274436289249556,0.05597036432143077,3.8779643258370093,7.641574426199333,-0.37640069104794033,26.308349219626177,365607.0778056339
2047,8.59829626639115,0.0900287891047509,6.3158371294009905,0.8800601992011067,0.09389019237566334,0.055718819725437116,3.796396435521916,9.505983515792972,-0.3456604693300898,26.604340909613462,372014.2955954101
2048,8.116113876097574,0.08449193236543456,6.417174390507379,0.8773925775289535,0.09512443995049827,0.0596533484790772,6.009070371998972,10.159174446375498,-0.31751766296046113,26.794402550306458,368570.28561188595
2049,7.6599961320650065,0.08443391373532616,5.984080546978186,0.8663735312223432,0.09682948383505977,0.06307450185840434,5.331783484286583,12.037114289947365,-0.33862246881164143,26.667236297560944,365560.96267992904
2050,7.492565805775374,0.08740195826712037,3.0494732590876437,0.8567197251319882,0.09892168017455431,0.08427084645171827,6.77720977469534,14.14583046166333,-0.30371489310671507,26.31479312189155,372066.977400036
2051,7.479983120183032,0.09210429479723767,2.9122442830220012,0.840376454591751,0.10124664957425514,0.11128803537147326,7.200035598373869,17.090147520639515,-0.22135124884036156,26.14910844058378,369536.0489482821
2052,7.476839702045548,0.09200380661557364,5.894966511082247,0.8279459363222121,0.1037872655270692,0.12724034603371312,8.456583737247215,17.62746102316273,-0.09240249241038982,26.480590137195023,355575.74767316884
2053,7.369793088027532,0.09223278360451265,6.602081457573101,0.8269035759568212,0.10673842330005276,0.12742141555551798,12.157359031795274,14.777028966601868,0.0722384600307345,26.282406844493874,362447.73975083267
2054,7.397785415814559,0.09526038420547843,7.501198816778636,0.8174789685010909,0.10993552820223731,0.11777971278256098,10.524898119254317,12.918506605443056,0.12348183604635746,26.799541392018046,351383.19302637334
2055,7.42507489631663,0.100474941228952,7.721244221993084,0.8144009143114088,0.11346119872849318,0.10679282059433982,6.734409393798824,9.357663652430668,0.10389675747598769,26.59783732974603,356008.9349163452
2056,7.608179188508283,0.10423301198728076,7.7883194846406445,0.8248047265410422,0.11740320505046872,0.10219232342258168,3.4275316779913387,8.829158784376277,0.09166597620813319,26.450991343856643,342024.8409390917
2057,7.718486614692939,0.10387160027264197,8.066252961469814,0.8342824751138683,0.12144524869722759,0.10077093271976982,5.553345147090901,8.014838207707157,0.08760359225998633,25.987245641550274,333435.4029477764
2058,7.747923463899468,0.10179997939526657,7.733250731953791,0.8437974959611891,0.12543310905639304,0.10540040456070904,5.651013218132393,7.6337938776929395,0.08696693799072698,25.863609873936305,312395.54646604625
2059,7.8508749406158795,0.09907613823470955,7.864653535984653,0.8447724869847297,0.1292765342966225,0.11084929960982329,4.955078795850055,6.307257858368343,0.1044106423099401,25.5271650492117,311504.81074101984
2060,8.280868650128445,0.09760523660346758,5.877728619420094,0.8480982846021651,0.13283415819032063,0.11996920579387638,7.930929611371727,6.219424316873122,0.12750287736684413,25.72583078227123,300011.88880670414
2061,8.703297718177716,0.10158961179019708,6.3586628474542115,0.8492221519351004,0.1366413294254354,0.1284290056416777,7.551400570587649,4.778512000633563,0.16667203187507987,25.839301828727365,320061.6034617673
2062,9.330671276555135,0.10430242395134526,8.81409626365456,0.8443900430202481,0.14072560882406696,0.12794824866262974,7.337346115716302,3.6954309149706157,0.1911354348581855,27.105828245774763,315098.8353345629
2063,10.792378175559218,0.10510137065289396,8.201478069894904,0.841452333629131,0.1445751595162389,0.1291780160374239,7.850874732433588,2.885218314678113,0.18064494662109973,28.60326246620424,374701.5491645839
2064,13.570374354671443,0.10491666424055325,8.987162527904964,0.8421340993046758,0.14794535911006043,0.1422507841251718,8.09046614669418,2.930704982928572,0.1720434443864019,32.10032330123184,407028.928694348
2065,20.79895359672328,0.10149000629590882,7.429265786003317,0.8460369709134101,0.15091285880787006,0.15698936444718048,7.28466263897574,2.465418032613751,0.16187668470290598,32.87515381087475,1015951.1136373802
2066,23.90139410638824,0.09660002779960705,5.180572568610768,0.849744066894054,0.15313844511026256,0.16402231102007617,6.512257577339812,3.922087731598731,0.1896148661130407,36.592514809305946,1102846.1903158275
2067,24.44019685068439,0.09436351588162636,7.997987729786001,0.8583127033710476,0.15422011138693206,0.17652493357574783,6.6437804249278765,6.523911596164611,0.22862688785273372,38.593509947156264,1156307.0033806951
2068,24.45883604672242,0.09149936814481778,8.524461667982168,0.8614255157113072,0.15453225750409233,0.1841435905699583,7.162699787014336,4.701534943815018,0.20334417407873934,39.16081621489274,1163513.0757958423
2069,24.024468019646342,0.08683312842440423,6.883962574548767,0.8585796308517454,0.1546565258157182,0.1912022066413273,8.026870932461826,6.394460107226237,0.1710469429106741,39.81509188330732,1142531.7618434299
2070,23.79741810394303,0.0857846408927478,8.131537836326165,0.8595407372713088,0.1550478339557117,0.20124229471229435,8.46448400635748,4.084720302178935,0.13514887377037907,39.67756913197171,1142679.563347398
2071,23.728360876620435,0.08374437106412468,6.034517131863526,0.8592309311032292,0.156170482167573,0.20983592862328357,7.711668812881014,6.307158721451059,0.11887093280492725,39.4575451528851,1140687.054603069
2072,23.741292285760135,0.080802184361079,5.997186204594361,0.8608190694451331,0.15801665088037373,0.20859863769425066,8.298798292024733,8.119819246707747,0.12474409280938412,39.45558850905456,1138584.7756120379
2073,23.675317823820034,0.07557624344801055,5.736222519401493,0.866710464954376,0.160140423849622,0.20579332834275224,8.148961861410504,9.701098905659595,0.1292278805016835,39.56884985104876,1139954.459568501
2074,23.744395391093832,0.06858098452233494,3.59634716404186,0.8742076236009596,0.1618891554462223,0.1948627277896876,7.255143877752265,9.672883525582776,0.13677894900783513,40.08644014835834,1143873.28087445
2075,23.96516121773329,0.058952220598770796,4.271971159693562,0.885922632217407,0.16307789434555392,0.18382479396324783,8.04411026570413,12.235075117952597,0.1720397834188602,39.90894886057082,1164653.6731895525
2076,23.99662887557499,0.04926362247622713,4.1136925021710775,0.8972602474689482,0.16364349474056972,0.18264266306135424,11.313341095132241,12.786127850524466,0.22998240148576382,40.483879182540406,1154655.4669891614
2077,23.986442801422708,0.04662001665496062,5.451641046754791,0.900613424181938,0.16353458330987874,0.18258302567900797,11.996311791532536,13.071292899520014,0.3162544682362415,40.02248235081076,1173089.0619006061
2078,23.984421467182152,0.04643283491853789,5.812019889652997,0.8972149354219434,0.1629412657541648,0.17505489118276668,8.554348623108888,15.689810203153604,0.3403581369099759,40.287675548997385,1177427.1095164036
2079,24.098885042597285,0.04893676853118985,5.792502930252729,0.8885041776299475,0.16155986302291242,0.1641295358875454,9.058593131781201,13.27337299298872,0.3989283345137451,40.86745155644791,1180955.2961343033
2080,24.3938763813637,0.05086392488809969,3.5206991241386265,0.8729718771576879,0.15939986974552386,0.1550669924905045,10.250302982073336,10.4535704857304,0.43914649946864387,41.05656107877251,1193896.1358535609
2081,24.569279463124243,0.0546291455662315,4.113468201930318,0.8530783262848852,0.15686069699696933,0.15326402182588553,12.01503221201985,9.549474870679923,0.48259436379282217,41.36958429649385,1198697.1397879154
2082,24.61965149987741,0.057348857612887,5.448893119350833,0.8361099594831464,0.15443367506622582,0.1448196899482286,9.808599812195542,8.288659014660336,0.5112881769769105,41.40730282020205,1196834.3061126256
2083,24.61991453013273,0.06114414037660985,5.200577243029813,0.8198613411188124,0.15169237630916485,0.13691687566568037,7.455258715046707,8.4396023800137,0.4424414628002882,41.230018792188474,1208245.572589571
2084,24.720133691736297,0.06547258238318858,6.708179427009288,0.8131663250923156,0.14845085221175094,0.13127373321592076,9.387676776753395,8.243116077750617,0.40281509451169245,41.43174622603497,1202467.0047855459
2085,24.82534997677973,0.06884269413142903,4.4262223961772085,0.8022078120708463,0.1450513000413208,0.12991026512235979,7.587798500873984,7.672927521259963,0.41749794484553154,41.159864091071036,1227590.866827604
2086,24.852384057011324,0.07306246579400674,3.66527166801314,0.7917485934495925,0.1415143361732637,0.14159491516203979,7.182469380651815,8.079409077361872,0.49503996373388925,41.669800357003695,1222572.4837224714
2087,24.659274847723616,0.07909712632855549,4.5132794612657055,0.7857075968384741,0.13749109784897545,0.15942355351940407,8.038968742633465,6.838292117082638,0.521098337527203,41.58653333971894,1257171.375416684
2088,24.55319060977367,0.08126161131683567,6.9868967777462725,0.7812828171253201,0.1331997895518205,0.16660789476646515,9.678508015804127,7.35729645779665,0.5338072106475875,41.96523650321163,1255271.6878417125
2089,24.584307184039325,0.08321862395045398,6.233890847720584,0.7724584335088729,0.12876222302446755,0.15961108405531804,7.05300851335101,7.112305684485348,0.5484347443723097,41.5405743792093,1297299.621909562
2090,24.36498386313436,0.08749030808116326,6.651188082857339,0.763037886917591,0.1246072671375095,0.14770020548910473,7.640546216136146,7.640752817726423,0.54450689197582,42.00411753300435,1293275.0264126516
2091,23.917677324823597,0.0908724621534085,9.875972179806514,0.759274207651615,0.12058607285001552,0.13750281803936568,6.474331051627998,6.407509658871648,0.5392522078374262,41.841024561386,1297832.407370052
2092,23.40700992017488,0.08988498140020752,4.518773902028453,0.7577502107620238,0.11654175968354942,0.12505275129025767,4.818205840396001,10.50868783440334,0.42252032115488064,41.37504257287481,1277632.8567854767
2093,22.704896730992086,0.09073211399725292,2.9922492753859316,0.7549194502830504,0.11258491010371201,0.10955540443549745,7.218173142667249,8.387564617923077,0.42400124460152394,40.0373268060055,1254378.648823202
2094,21.34894852322949,0.09426523482305367,6.413386468566677,0.753403670489788,0.10920215038324727,0.08635453136859944,8.680392219145558,6.2590619332824,0.43095843443356413,37.74933015337723,1197970.1405456348
2095,18.629519858931673,0.09276832319676444,7.20458065688314,0.7502185600996013,0.10659946668011513,0.07529099252612684,7.23257171840425,7.355866570837755,0.4266976818064674,34.444018488074015,1156951.9031774267
2096,11.348545474533434,0.08870200262732042,4.697551506928609,0.7453086069226266,0.1048231866865685,0.07827500924199024,6.509718041621031,6.15651025533957,0.4117866751652643,33.6200172218019,548240.7451576059
2097,8.032455620693309,0.08592455942996423,6.483163001414156,0.7513451844453809,0.10361234235622321,0.08878463116702653,6.331379845945663,6.002561735501002,0.4192483742275483,29.83662532803516,461319.34460738814
2098,7.117409258716471,0.08489674647155067,5.9219332567338885,0.7606458300352094,0.10301457261250153,0.09154467210685699,6.436988276356104,6.201135916027517,0.4242152460575735,27.21166325669218,395215.77112552786
2099,6.581204544271587,0.08706941557472098,4.93971124101861,0.7624976977705954,0.10254767303527121,0.08365634355012729,6.559784616981992,7.934619624020261,0.4280746509603644,26.068152566425816,379591.36994522426
2100,6.400663148322713,0.08943201689644087,5.315375409816594,0.7686719244718548,0.10188075722060567,0.08581608935799447,5.841555332899174,5.621695951166934,0.4948351010589159,25.52939236801724,376298.02037013334
2101,6.338982446320078,0.0869837125459544,6.26499562383306,0.7733620336651801,0.10104870975710813,0.09159641480252521,6.917009918107853,5.366815066293808,0.5072994512570267,25.49681715514125,374015.04771475855
2102,6.362863092608011,0.083124757859129,7.487178584926869,0.7701695665717122,0.09995900773839338,0.08511554057034715,5.309469790834083,4.5256589886534915,0.5470883489562473,25.11798243153546,382584.6489825996
2103,6.295247965972874,0.08164809076080372,5.916750026621787,0.7688913205265997,0.09850691472315501,0.07556808048244587,5.4458935857111115,4.703099715320198,0.5750830473503649,25.45752803599592,373599.5975524621
2104,6.166196442781296,0.0806410560970095,7.961960203168588,0.7671693074703215,0.09689046242939404,0.06822876599481087,6.046225720759952,3.93839337373843,0.601024250252529,25.39211623809322,373683.53844897554
2105,5.985558938237568,0.07883527416341898,10,0.7696143242716789,0.09611260089947425,0.06605909529398805,5.9479679628021085,4.402905714952052,0.6323889393704495,24.82530399799949,367931.7927818986
2106,5.749196736040903,0.07926629160094528,6.251454707318109,0.7698213458061217,0.09602883053553782,0.05916777105093515,5.416591357180775,6.216778021489098,0.5922833940650544,24.572879018379645,347407.5751909802
2107,5.619680321579688,0.0798213084056729,5.727447100419845,0.7688276565074919,0.09647116608723204,0.057268954900905555,6.542448359008311,6.463199153727306,0.5160885235805822,23.941226111075842,349789.6524961567
2108,5.5208718731185975,0.07761759464637372,6.909981156278372,0.7679451763629911,0.09747467408694328,0.05992068870404797,7.170666745544821,6.324074950825915,0.5549578045346683,24.396916150356017,330416.56063574896
2109,5.500186002362903,0.07469789364222315,7.401442859591244,0.7725025311112402,0.09891331284669282,0.07018933984835964,7.010813577399881,7.010300947814246,0.5507128418108372,24.077615798127912,322176.62551303155
2110,5.458719520064001,0.07042066466016557,8.427453840457115,0.7782726469635963,0.10110238907741666,0.08344634109044892,5.658905129036154,7.9313702878120695,0.4451536062540942,23.427995723779233,321256.9007730157
2111,5.193286454944295,0.0688655057562886,8.928856551474922,0.7798856115341184,0.10367718363496638,0.10000231269055869,4.727395723404935,5.796923015145831,0.34821302163569035,23.38558380471829,302303.2636699424
2112,4.999553552092023,0.06986082568394832,8.12760650690593,0.7856919530034062,0.10641338301081664,0.115727847585182,3.3658888291554723,5.335651742570983,0.34114384224125077,22.757361563367926,292903.5196794566
2113,4.859982144862631,0.0697249875481708,6.324994170395289,0.7910808947682378,0.10938141960089445,0.12628882789285767,3.4995626854910125,5.396389907961064,0.357820629852668,22.275123409281893,287394.3719753113
2114,4.914085345179395,0.07153903734914345,7.515037134526533,0.7892890498042106,0.11235101362719538,0.12244298877154051,5.610056621003325,7.1313218115724215,0.2917226451541018,22.170064152220768,274796.3948884091
2115,4.8401347227085925,0.0726325450942749,8.921284865921011,0.7971558064222333,0.11552563222320118,0.11059934296128827,4.497545386819395,5.107574216980128,0.30515846653756684,22.07213432385541,275240.6701126571
2116,4.630602533778131,0.07315308122670384,10,0.8041217145323754,0.11859827018720029,0.1041167937539357,2.8796246320181806,4.190232832759684,0.3684650774814357,22.00048473804275,254187.56503894913
2117,4.462409029141788,0.07395223055280596,10,0.8103554973006248,0.12128596285550426,0.1078141525818826,3.3404635163508023,3.962953901397637,0.423168217022651,21.287482689855096,251251.49962262352
2118,4.434412363173103,0.07490826541130709,8.869824277150219,0.8165111100673674,0.12401498505252823,0.11440867004701424,3.3189673860697826,4.457748067707399,0.44284997691110384,21.223746137208337,214175.69142497238
2119,4.3386868890374775,0.07551905711261879,7.7172254823333715,0.8222203159332276,0.12686623042590317,0.1164978736598753,3.542859007855653,3.969240740856901,0.4703720799478323,20.368367603915008,211224.10211970296
2120,4.016322277687617,0.07930643177783869,7.56921508529784,0.8267441421747206,0.12967538130038123,0.1354973766278044,4.569845341096521,4.084163818370581,0.4571533848205626,20.058725682719825,170392.30069156634
2121,3.8671774877171416,0.07702613807580373,10,0.8259750303626059,0.13213003887895997,0.14510332420707542,4.565683021115409,3.1736868701240595,0.46609008467681134,19.340846087449414,167169.9403252914
2122,3.78928319252566,0.07353068656715676,10,0.8248068532347678,0.13431204739461197,0.15121522014188596,2.9161002609383826,3.8842182143653203,0.6454885696833229,19.21614588288364,152205.07081279642
2123,3.699236573790129,0.07597741948911008,8.67290812030569,0.8251414331793783,0.13616470148214943,0.15616149928130654,3.4229313595545223,2.698534349577521,0.6488064613656409,18.7988251532579,152808.49964572315
2124,3.5116002326592297,0.07978516080873908,10,0.820207324028015,0.13767705497000993,0.1541532059877325,4.694216897484763,4.330932579556048,0.6648596819136301,18.79842948361701,148925.2227026911
2125,3.3285066388133293,0.0798266537060128,8.400206542096818,0.8184653961658477,0.13891547737114263,0.15421589452103868,4.457031812085488,6.197716255900966,0.6172432912903442,18.892024752783108,149592.13514106578
2126,3.185014208690037,0.07932619023808929,9.794161829837213,0.8144677755236625,0.13937554258830973,0.15510962381016785,5.435225533528163,6.923242896269057,0.6053480967391197,18.78658888546368,150527.3070138515
2127,3.0694480623844496,0.07957982532655515,9.31194403122777,0.8129937532544135,0.13919273644721358,0.1630971898933491,6.693853847561205,6.126298925753709,0.6066859301910185,18.751941647765324,152245.19070669342
2128,3.0222559402964775,0.07816979509475173,8.399224616815758,0.8166072028875351,0.13836657185967052,0.180793765459439,4.878908863405978,5.277551322232529,0.5985096959230278,18.64873115374897,153378.02320573453
2129,2.9525808495646175,0.07547716375967338,10,0.8189250242710112,0.1370623942403822,0.18360208692218538,5.796950617798345,3.6742756802587215,0.5259819594764532,18.799755374583704,153871.22164137466
2130,2.8587726379135745,0.07185638617214904,10,0.819167467355728,0.13592686090867837,0.18206952002630697,5.840743921577372,5.735072327553988,0.5273506817667551,18.68106505117438,149907.643585139
2131,2.8188753429327003,0.06875023937946326,7.828042055181873,0.8265309512615203,0.13513966110451958,0.18106786624196716,4.562771285857717,4.455168494880036,0.5425733359810204,18.27349909625396,143896.9955838402
2132,2.7442381853572533,0.06327228065599041,8.047411852235362,0.8248135715723035,0.13423448353557785,0.17491488751994874,3.6667856735536284,4.350312966503,0.5586350543442358,17.715363588530895,138435.25265220873
2133,2.620018677736747,0.06095573740908711,10,0.818142060637474,0.13308733518958124,0.16971522867808955,2.6564854773936273,2.987295081975545,0.6053157811306347,17.706620304791326,125258.93880111306
2134,2.6062211619507285,0.06076237111092595,9.95144022139626,0.8176222407817838,0.1318985682950509,0.16395668705706962,2.790423976131654,2.379034828184749,0.6831386980104903,17.3737731915202,125972.77178549356
2135,2.6280827731767746,0.06343515485876719,7.8148134043995725,0.825160649716854,0.13087521806025373,0.1553124431036306,2.5537218085602786,2.7167585105365797,0.7348172389139389,16.992152028250384,123925.93282530784
2136,2.5892872857622695,0.0661998233208893,5.924498472922267,0.831467969715595,0.12939598870866115,0.1421534802299291,5.167510922747608,2.4807399522178617,0.6699750855387236,16.97421600063742,122766.57250488986
2137,2.5359906371691463,0.06907626167759003,7.879508450187382,0.8375842317938803,0.12760013290850225,0.1268100350361472,5.3354063278352015,3.705927834221022,0.6261212149078207,17.086100050917018,122921.98478181475
2138,2.551219480844943,0.07268017639326961,10,0.8379213541746139,0.12550975194904404,0.11470123161456663,7.347429490666871,3.754561854145151,0.5046352383862507,17.242026012886477,122916.60038887935
2139,2.5544984597755573,0.07624152517019256,10,0.8393208971619605,0.12322049622848612,0.10680364682772346,5.4019957066916415,2.850819659929425,0.3985747737198458,16.846795706865432,120788.67683765526
2140,2.4954267188376344,0.07896399234404267,10,0.8400759553909299,0.12120377681205564,0.10858043428347394,3.5449831824953484,2.77701778088926,0.37558792071310804,16.383610251168395,116577.48916926983
2141,2.3900343962972257,0.07652833670068172,10,0.8355725017189977,0.11926134578149686,0.09770836282262917,3.7845829173514525,3.5504112295917354,0.37826877665638614,16.150585279505744,111074.33252887237
2142,2.353948720104676,0.07475959576918484,9.377228317346662,0.8336823189258574,0.11723743792269076,0.09433532231657793,4.2789662506932284,2.836227556034445,0.4060093548949148,15.908009777239144,115088.20908699061
2143,2.407168696666689,0.07429611117420344,10,0.8348071858286855,0.11530220865522914,0.09011674537134735,3.456281169469974,2.9486596219093766,0.4532769939721563,16.73724909249056,112446.42145570663
2144,2.8407159948235523,0.07258145490654243,9.67729353916377,0.8314648824930189,0.11345973368282644,0.08585932169492015,3.156155996160422,2.983781461744686,0.43404107164128797,17.105163512293775,127937.13461812152
2145,3.124188776388269,0.07193043937040357,10,0.8264807507395743,0.1118655531773563,0.08724145548872136,3.5386205562498865,3.444482424665045,0.4398329302433658,17.218384925612366,127061.16577825799
2146,3.3294835570382726,0.0707423414852918,10,0.8216332542896267,0.11032888433039517,0.08619614903236496,3.797159260973494,3.726893683518451,0.46114233232244806,16.745828290565754,125003.08927462169
2147,3.5947897590599696,0.06854875829445323,7.656624559335305,0.8117103856801983,0.10884058003610664,0.0760562891167417,4.4289535230150445,3.8833529156750872,0.4682359232125381,16.60081060764557,120529.89531809709
2148,3.7969087551574097,0.06753358980509275,10,0.8027933245897291,0.10768907525352983,0.07225255385598721,2.978728110467101,2.7780601943319443,0.5086685902401232,16.886684351124497,122302.77358112484
2149,3.891492465435754,0.06627488579469636,7.365764080392531,0.7982988876104351,0.10702592902627256,0.07755689631657452,3.884030657221784,4.516604361828062,0.5038063934620295,17.250031060838687,122574.7494436092
2150,3.9604164445897925,0.06969065444606473,9.315572444615515,0.7994570085406303,0.10709931893134782,0.08477401638116384,2.702318556956599,5.561071674809705,0.4109464236924468,17.23994076409435,123313.99357664328
2151,4.045669065495932,0.0707540663346802,10,0.7966622698307034,0.10817171239110428,0.08964126672843391,2.0437682866797213,4.2397555630613954,0.3828028736421009,17.347780998220564,121249.97904084298
2152,4.049483475074283,0.0681132086020639,8.81919665414593,0.7898786863684653,0.11024838393603927,0.0894317944021492,2.5544262338661894,4.398945776711258,0.36039376680981855,17.38909576933833,121355.1295179786
2153,4.079991179519154,0.06580564373490416,9.369411253428735,0.7869172555208205,0.11329682943833538,0.08641341039868163,3.7595535276281034,2.356477547118412,0.35196940635421964,17.302988763414316,121480.12881652899
2154,4.052589628347043,0.06321435706842855,8.749297433075764,0.7928491485118865,0.1170483585118239,0.08519457194401094,4.451100310177921,3.1052630815905085,0.3412950088561368,17.506159591999012,119239.1952578989
2155,4.008800636705892,0.0626718430569771,9.768895541544211,0.8048597666621208,0.12105553304937426,0.0916349040783882,4.398035551693548,4.487224286467718,0.3501472437931418,17.16801666173049,124335.6664322353
2156,3.949732885889117,0.06514684295437478,9.773975591177308,0.816288225650787,0.12469733199278162,0.09400053257371603,6.120949068590644,2.9310505846499124,0.24931752848857108,17.193364003442515,117363.62945749228
2157,3.9139251527497274,0.06793959806998329,10,0.8255126431584356,0.12844611182037574,0.09236848018717887,5.621740746519588,2.7410289814990834,0.0670123442268268,16.73358607409384,116562.9961627192
2158,3.8906090757560796,0.07220290677388483,10,0.8326914671063421,0.1321510474754303,0.10310508260203916,6.38922641253194,3.1004181179221746,0.003007808887907006,16.77187334931958,118194.66754911067
2159,3.928316268837644,0.07983377436880361,10,0.8395614796876906,0.13584748254536735,0.12367704131495572,4.058200643995697,5.009438161139265,-0.00823168330943306,17.26853995753282,115365.47959230565
2160,4.1046741473045545,0.08295228139825606,9.57291139292837,0.84099688231945,0.13942547619353213,0.13418249125261122,4.2382001732456995,3.0414463709845703,-0.1375457466914349,17.185307038965703,120895.80732572262
2161,4.233236897430354,0.08089908041469988,7.9891646834436205,0.8395433658361432,0.14276426691766672,0.13443278577051163,4.712761265109546,4.363749124493989,-0.13487550322637046,17.138953201491418,120609.66475701156
2162,4.356128498689535,0.08109544589246388,10,0.8445274990797041,0.1459417786369183,0.1349304331190223,3.228954016904079,3.3123206388900144,-0.12017962295926889,16.88041723004894,121723.20103747163
2163,4.439131394448896,0.08198886178706401,10,0.8509755176305768,0.14947370367118104,0.1392182392600679,2.8505665966433975,1.7379947258772521,-0.06733112445052689,17.122239729848374,120810.0994565965
2164,4.491733439252488,0.08166776175662106,7.049865134120665,0.8576248824596404,0.15312437032606957,0.1491576956331139,3.6347060676120995,2.09997823659122,-0.09029481556402628,17.224814944050063,119992.1231614926
2165,4.480150435212896,0.08065842783983274,6.519012690465928,0.8648389911651609,0.15629543107392319,0.16623177411440274,4.060437005185027,2.8843477193479625,-0.12673507456107924,17.2467298093119,119029.42909211965
2166,4.458744522408757,0.07912215223218065,7.6587643615660035,0.8706378141045569,0.1588189856326931,0.18855664035608083,4.176004348735888,4.65421812532633,-0.09399172577381393,17.219367694043374,116344.77297383419
2167,4.471433788561688,0.07625490580950472,8.116991789675009,0.8710525688529012,0.16096559332736599,0.20653029812291357,2.9339892370550658,4.425661531050308,-0.1374742508074126,16.85153155200704,114946.37327970387
2168,4.482883810492581,0.07215402702108822,6.663788380798974,0.867772406041622,0.16302245975790788,0.22131184560732692,2.7013269222366465,6.0013870305026975,-0.27076951248698605,16.673088080403193,111201.44320427401
2169,4.483675895376397,0.07079639611667156,10,0.8688005307316777,0.16523409258034438,0.23099863289271094,1.5667055339547085,4.832655570676947,-0.3068737496529893,16.433852360545607,108221.86694866873
2170,4.442386937747085,0.07224212947990817,10,0.874055486321449,0.1678483302574466,0.2310260574917847,2.2325598290198267,1.7129715896900226,-0.2062858095832915,16.254498190811102,107659.60027524116
2171,4.4606633661536605,0.07250628811031101,10,0.8804050403833387,0.17066332540461393,0.22147620152910175,2.345517770322582,2.998395846227806,-0.1781234174787656,16.19190251666444,109108.46912144175
2172,4.398142471449404,0.07153807314827637,10,0.8858956837654111,0.17343816458900602,0.21392053747804715,2.63876625157481,3.887913849564268,-0.1731526228532173,16.35851719326811,108275.64712292184
2173,4.3677468201911145,0.07056736140280141,10,0.8907948383688925,0.17615255676713834,0.20918832762326997,1.431376902051781,2.9798391626096725,-0.13028114239293195,16.31586478729767,102608.24875159128
2174,4.2609574261543415,0.07049528990743847,10,0.895706969499588,0.17813731345339012,0.20470623253939532,2.2486135606983417,1.527252560220308,-0.061775193170121874,15.341969712696331,105197.9431771755
2175,3.8142677888524843,0.07221168459707095,9.51086412678789,0.8997141283750533,0.17944119615964732,0.19677712478802836,2.586478265305116,2.1039178084402756,-0.028277764098119062,15.070444796515076,87630.43219117017
2176,3.4375821952802568,0.07531615251359568,9.170822130487949,0.9005981707572935,0.18036647022849212,0.19074396793689363,2.7275291986719203,2.1871873940405524,-0.006925180964405893,14.809107405158127,83488.24187661633
2177,3.206478513811154,0.07745034089232708,10,0.8997682040929792,0.18126654812578907,0.18469901232916366,2.951736407417813,2.003495393814488,-0.0014913330420251705,14.897430603191028,81453.25533842017
2178,2.988039429703925,0.07920630498183359,10,0.9020515102148055,0.18184677190219417,0.18554596517888589,2.417129724447249,2.06820118629327,0.021632419123821717,14.688932732822506,88806.7697501789
2179,2.8126792193487353,0.07998898391449091,10,0.9020053949952123,0.1820175157776383,0.18542322015753196,2.098414556009857,2.5646702341436507,0.029595452604034428,15.282265646254718,85530.04680867725
2180,3.030864657779732,0.08069069057629025,10,0.9003954863548277,0.1816969078309334,0.17585977950003578,3.1405181098560453,2.485833506982613,0.06932988818386408,14.941822793895273,97645.36764476763
2181,3.031552817410932,0.07863430375515786,10,0.8953313428163526,0.18092057187211946,0.16300420770303153,3.466000570918506,2.8478834144726766,0.10467053874128655,15.173428937258224,98100.82841401207
2182,3.198695428947438,0.07472483270175989,10,0.8877691364288327,0.1793786762581599,0.1561861052632935,4.5849170632761975,2.9866106656008693,0.12891763760049796,15.1751037543087,100027.43321877162
2183,3.250502997768916,0.07059010540644364,10,0.8834836721420287,0.17733865486813452,0.15319465374894828,4.421156653989476,2.084112208299204,0.1085593544314991,15.298050134020995,101602.79846946089
2184,3.342305410277848,0.06904032705016286,10,0.8815686455368995,0.17495269451678996,0.1549740278942134,2.79276408952471,2.074717442399924,0.12343136255571058,15.41943276152798,109499.98714485185
2185,3.475221947203131,0.0700857931024792,6.9068265457542655,0.8795271229743955,0.1723877062919669,0.16623593993417943,3.6994872404273007,2.0794907044204285,0.08462252083598931,15.62622393148705,111861.37657102216
2186,3.9682627267154693,0.07481963791212586,10,0.882800896167755,0.16986789505263505,0.17889975364057525,4.861251807060755,1.8253449390402463,0.047631183192389924,16.50404290074111,134437.47073362514
2187,4.652213210828486,0.07481216749592393,10,0.8851860883831977,0.1677508194784666,0.1800205472898706,3.984008776641142,2.155869467277773,0.04913368976809002,17.271576007244573,161052.13279181052
2188,4.74810496739009,0.07338142945025239,10,0.8950992038846015,0.1657766882441527,0.17651463770928225,4.143390970446492,2.486806521920115,0.027378577611814427,18.253071584644204,170097.72313263852
2189,5.050700113371523,0.06978884852151021,8.040774702657208,0.8957867422699927,0.16391891972675637,0.1646325398758439,3.0344679485225905,2.852547409648749,-0.03186014898276035,18.324921950350735,172767.67742045372
2190,5.027981301829555,0.06838278528109858,7.545446544346639,0.9102657246589658,0.1621184445765179,0.16409740520893065,2.20346578791643,3.2151604250560704,-0.051399221674334354,18.765857761319058,180274.12054749008
2191,4.868844339542411,0.06267580578549878,9.225674589916842,0.9072710400819777,0.16075272276410738,0.16286598738680025,3.2732033850060143,3.9990033469728115,-0.13787679773461897,19.03212115626243,238635.75756011225
2192,4.7936364152722515,0.06041746274240303,10,0.9116066908836363,0.15948779296887555,0.1623352005867154,3.213429882519346,1.944574707400749,-0.14375213482839913,20.379775022837286,238397.1689964347
2193,5.1406339276541955,0.05727045358918944,10,0.9045215573906896,0.15836762334476823,0.15291737018758086,4.501537497369769,2.2793245960981317,-0.17527255106276074,20.707792713873378,249967.84357569198
2194,5.216992765952379,0.057642824225644956,10,0.9044086912274358,0.15691807627330184,0.14451129939883667,4.21186426925824,1.54175014516523,-0.20356893906855167,21.031877735464715,249898.95290753216
2195,6.030529109167315,0.05765166357385831,8.686964668505095,0.9011719900369644,0.1553915885264595,0.13921884928526018,2.881194209013726,3.32600565776438,-0.21351067835857337,21.08930988433072,256344.38537758827
2196,6.410084580260874,0.06277810675363188,9.29977741228753,0.9017403188347815,0.15401761985890686,0.14216535939117014,2.3789694212169437,2.827039067853649,-0.3063758437426853,21.02690250474307,258071.18899201704
2197,7.06854447538495,0.06444397157981406,10,0.8858189880847931,0.15293779009705702,0.1407578763233355,1.7384644110212637,3.3076939198602626,-0.3310528748951357,20.966540044674183,257364.17917611706
2198,7.450882919703657,0.06676165618160805,10,0.8808847048878667,0.1517415197964064,0.14328963503212566,4.2264183649759755,4.290368961952573,-0.25289170067875655,21.33425004338349,260956.0782212584
2199,7.8636099703385876,0.06720348357110384,10,0.8798364078998563,0.1504043073463222,0.14734707471564598,4.174899837304223,2.678508398539204,-0.11823638387381727,21.926837537654507,266927.9784136586
2200,7.946593506470462,0.06612874091876333,10,0.8787698018550872,0.14917154482450018,0.15148399792319509,4.647842426246214,2.781959654352094,-0.14849301857419603,22.816923300949245,266602.2550320351
2201,7.967537845726877,0.06289466840175155,6.961414510596814,0.8679491487145422,0.1477232026881962,0.15291190907249813,3.4753731779044763,3.4814025770078896,-0.1200742536689567,23.086529883433123,280519.7254732938
2202,7.909679961363814,0.05751632915371558,6.65916366699876,0.8590267163515088,0.14619434786275515,0.15584685872987963,7.55146481771055,4.735524708700473,0.26868941320357775,23.226799398049174,283161.3540963148
2203,7.916792900078917,0.0502622795284492,6.199200559287476,0.8353898063302038,0.14471413818759854,0.15272246921431692,6.453343572940103,3.7777161663388235,0.3800103008155169,23.23930691055502,285129.6536319827
2204,7.92132994004548,0.04771076422112947,9.462342750520907,0.8327832677960396,0.14318775726487606,0.15159750358398247,5.374548279208164,6.166279548898847,0.413956411078213,23.399359127207113,285582.52328290226
2205,7.957171483878931,0.04481432393354157,10,0.8304329258203503,0.14170392831279563,0.14889150288200342,2.4718009274387196,4.873230079357077,0.30603114894271316,23.65691529635277,286827.75947046967
2206,8.033141537895435,0.042982552230297934,9.819569333633869,0.824009767472744,0.14008985535444995,0.15443974860330165,3.395021862890672,4.069603395786752,0.277418825464142,23.50271008623203,289188.90785075095
2207,8.00949119249285,0.04019236954678022,10,0.8108912518620488,0.13838603606181085,0.15153114428470696,2.643137364990622,2.100033022084182,0.281660679565227,24.271533761458997,356370.39213365485
2208,8.436564676099055,0.041624190802349255,10,0.8071458104252813,0.13660587178934938,0.14997375398183657,2.5977319568186874,1.669912582023288,0.2861652068519988,26.16209638030562,357243.85018003226
2209,9.979939131913723,0.04320720448522507,8.11569202230305,0.8114840027689932,0.13524484750525803,0.14061000596342862,2.1741017831567246,2.5264321576168247,0.2874401343163124,26.501284912471068,539569.6509310675
2210,10.792940629764614,0.044956802093218076,8.44526644086106,0.8164867874979971,0.13432124924607344,0.13810210000542036,3.346446535697449,3.43156792985044,0.27661274552789145,27.23273996926201,605865.5615463654
2211,10.609308132061487,0.045699319018732976,10,0.8234742954373359,0.13375938438791488,0.13326675080590294,2.6794487502354887,1.67878228057716,0.29929386862005836,28.99168931807215,615360.2878526457
2212,10.559659659646876,0.04578127311523971,10,0.8270538008213042,0.1331870246895417,0.1295294850856877,2.3339832952784194,3.0142533201993222,0.29492456840637793,29.19061643649026,740568.6251017282
2213,10.364606121312178,0.04676234222338201,10,0.8432161867618558,0.13236257663755388,0.11910172594312374,3.376379244356178,3.1754305454573206,0.31719904270049315,30.466403575640864,746776.8070887448
2214,10.829510325468371,0.049418340070834885,10,0.8563019844889638,0.13118685493637489,0.11174106779633647,3.4185182510701915,3.499712796049642,0.3009597370192382,30.41413706790307,778405.1769899759
2215,10.842573674107317,0.051671182454535704,10,0.8641740560531613,0.12969228843594058,0.11675838971773184,4.175371179345974,2.6439640207338124,0.2996468183533993,30.602611474877797,770330.4269618766
2216,11.076004527621246,0.052086593420611324,10,0.8674147021770476,0.12803727779543228,0.12133733370875538,4.834302841672699,3.9590259427623304,0.3708889126715407,30.193706016363556,773168.9722183237
2217,10.729206461434863,0.053333293261483325,10,0.8736228951811789,0.12646176488426078,0.13150525405190294,3.594931081832067,2.445060916522061,0.3841265030415916,30.300018267860562,745149.0227554382
2218,10.115012115208387,0.057632609779179576,10,0.8873283073306081,0.12503574495205544,0.1341340473600158,3.6800474554844707,1.6990165490086524,0.38173495459331636,29.47793345461348,730720.329215879
2219,10.076814720594383,0.060569887866957266,8.833830788026372,0.8987461057305333,0.12395012530795087,0.12919682910488514,3.9848632541145683,2.951599463356527,0.37696168909164296,28.70651979413185,723176.2652979901
2220,9.827633438874377,0.05971294197971791,10,0.9034442266821858,0.1232069266932116,0.11863384236135101,2.5024380796963936,1.8292902394446722,0.4109134205654323,28.65450859211578,717528.7439511146
2221,9.807709906230992,0.05908917577357545,10,0.9036109161376953,0.1226775873324195,0.11406114350021511,2.637954635508788,1.6452866397031367,0.4432668924811796,27.83636568112315,714704.5144562596
2222,9.817751856545659,0.05981122549364008,10,0.9042142704129217,0.12176076840751554,0.11004758931498772,2.7698270754903995,2.119966724691098,0.4507855691422444,27.808336674295255,653531.3266133065
2223,9.831691407721486,0.06099827168747567,9.426826615062899,0.9038707920908928,0.12062296943093818,0.10715010814041039,2.054225798949224,1.972252077922421,0.4945538639714968,26.883023241709804,660730.9736376469
2224,9.474276740279514,0.06383646876900818,10,0.902555351257324,0.11932038941568608,0.11072561738074913,2.536297006359734,2.7552351934082564,0.5401031653982741,27.15834733334826,658796.6873375125
2225,9.298779174332182,0.06617317365756928,10,0.8989582857489583,0.11850092440862929,0.1158797533641144,2.3426462933629653,2.883350784579215,0.5439324894485795,27.37499688326016,662730.7656570474
2226,8.422296619965989,0.06596923067469732,10,0.8987402996420858,0.11802671039455337,0.12180103868234525,1.6196178956153247,1.9760403723351525,0.56398642152074,27.453457267174752,661240.9043147269
2227,8.12369321565838,0.06520273673667935,8.479637912889952,0.9029324927926062,0.11794909315382071,0.12442220874160127,3.326041836134563,2.538737882199142,0.5937006577779964,27.332173490555217,663081.1134035934
2228,7.46219767986931,0.06110573092868892,6.97451418380469,0.9050654393434523,0.11786109154790617,0.11519998671171196,5.089750590124375,3.124093673887796,0.5801592503700064,27.628824949799043,670323.8601695885
2229,7.207499815544169,0.05538533685625109,10,0.9051290437579154,0.1178541949279882,0.10684226229557812,4.640679596603937,3.179533433094085,0.5862283721688298,28.43710076536593,669706.1624581566
2230,7.175017287579149,0.05186730793102796,10,0.902327482998371,0.11776767249493321,0.10101551320218287,3.6064363684195513,2.460358679204613,0.5951018717484969,27.969540275856517,701177.7389698252
2231,7.129246234812403,0.0478020595388599,10,0.8856313174962995,0.11754109770994006,0.10017866806743732,5.5752866951770255,4.171834926201922,0.6195900581982553,27.938867901377677,702880.2204287543
2232,7.1308954488789,0.04696905795679816,9.377932783513971,0.8710294502973555,0.11726840966088274,0.10407100882618074,5.440997052562661,4.301014995516817,0.5969391219893121,27.727740617570905,701302.9744901799
2233,7.236719724492384,0.050590046711462534,9.556222304003246,0.8652218791842459,0.11635574537764294,0.11164024083151504,5.507854215388882,3.657146700813771,0.6055412349138294,27.84320401342474,698395.799494647
2234,7.309785717363355,0.05360791113765727,7.90654746403794,0.8661490282416342,0.11477953241932282,0.11906826024707445,5.087026926772675,3.844923202074443,0.5708981040464498,27.78758437984775,698711.7848726733
2235,7.32662877398301,0.05515054619405525,10,0.8669293677806852,0.11302834330752977,0.12855834652706508,3.2265961652388873,3.7719052707033676,0.6891215142374797,27.60802806854875,698860.3029530159
2236,7.275353093258469,0.057360312990353005,10,0.8697714135050773,0.11151226927660869,0.1324819826974482,1.5594734140709778,1.767172250331155,0.7391303228516489,27.742132522511447,695424.1812211277
2237,7.174964877761768,0.054938573618935685,9.183816612022513,0.8727313020825385,0.11005668513552742,0.12601836193127897,3.246924425943227,1.6386451253111165,0.7182463831067507,27.679142870062346,694579.2994267711
2238,7.198667000685969,0.050183425773238054,8.038983752380926,0.8729387235641478,0.10872443121939891,0.11625937601080888,3.5247303073657275,2.7012786993909614,0.7128430069532851,26.93611225464301,626032.4005930014
2239,6.69123056869823,0.046662793457213574,10,0.8761105689406392,0.10771827288019678,0.10959377350902104,2.2310930528466777,2.4175886935006954,0.7173338992424004,24.97282685517483,629936.7418733549
2240,5.167876538348136,0.0450482689252158,9.369678939126203,0.8838606032729148,0.10712895828386983,0.115206590744668,3.2190809616660445,1.9216702693070649,0.7230672044190163,25.310797728413267,442827.1278439921
2241,4.371794445035106,0.04409404389111395,8.785485331942617,0.8879943668842312,0.10703196585344882,0.12340146556906731,3.038209545963113,2.887921098374596,0.7150493937248952,23.77741295305385,388643.77121140424
2242,4.241336634760388,0.04493558560121688,10,0.8897142216563222,0.10710092424483705,0.13086061634319027,1.6484330224089625,2.8398820844129293,0.7033698193931744,22.245988900390632,370441.76190506306
2243,4.2354486895618475,0.04656488128926176,10,0.892786158621311,0.10721844636085458,0.1268014353023365,2.2493424200672845,2.088865575080229,0.7157620864326344,21.99970562924602,268209.4229227489
2244,4.251751513723317,0.04972473089671077,6.138425339865516,0.8921582943201064,0.10754749058343836,0.11888793072566677,3.99006291810674,4.716966283078041,0.6932955498581618,21.585035321339465,260816.6603861522
2245,4.080627689732052,0.05352526894036615,7.920112636520333,0.8921347475051877,0.10787373543329183,0.1090588723716325,4.514145477278937,4.4899175678322045,0.7069025065195623,21.514003019354792,245888.43604291236
2246,4.123892415012355,0.055618577315996204,10,0.8945090883970258,0.1083803114366386,0.1097345713829445,1.8832354811429783,1.919701655429901,0.7026237647049223,21.400573555357802,246486.4344015407
2247,3.9641340766307183,0.057765078039258656,10,0.9005267581343649,0.10904010441966276,0.1128840041879784,2.0046367011482107,2.2730127847898025,0.7094824396482906,21.417673784641348,242340.75753112597
2248,3.9335268268891626,0.060788145617002284,10,0.9096850553154943,0.10967926691953156,0.10321266127146868,3.0433706353944836,3.5472529698962347,0.7269304314148358,20.364372002064705,245839.50162773728
2249,4.083153948580834,0.05941668380915112,10,0.9176268595457077,0.11016877633426271,0.08527144565209215,3.2285310385463397,3.7861251842314294,0.7139752505545052,20.552264053678577,235387.79759149664
2250,4.063839545816551,0.056258622026627146,10,0.9219803982973097,0.11054546935502631,0.07490996663930037,1.932506727773751,3.2343096455124956,0.6804634749637974,20.828957952060673,241873.5870762468
2251,4.1035257957075,0.05483545635892804,8.569160882251186,0.92680750221014,0.11058293475128864,0.07163554740279796,1.7891954763555977,3.1814147853022354,0.6564022087148144,20.808147428633653,243262.29172563483
2252,4.1915454855018615,0.0540101113318541,7.039604840371617,0.934960551857948,0.11046694362752126,0.06893803512669595,2.4986264773126505,2.782512759797589,0.6569544665849316,20.563513811856584,246992.3801207422
2253,4.260153085251328,0.05449283555320834,10,0.9475167724490163,0.11075378066712047,0.06874771791500355,2.348125096156327,1.5009500413798125,0.6473225200173202,20.627881415752633,243202.0811378218
2254,4.196199294335387,0.053189325817547685,9.102549533226542,0.9562915095686912,0.11152636543862533,0.0759591996251443,1.8535957914893042,3.9178004483205973,0.5839269708718732,20.147253367148075,237493.91188742043
2255,4.15479155968682,0.05217217127507709,8.636373966127161,0.9577435025572776,0.11253189938538913,0.09245686489461415,3.0861675287694537,2.9475937873478193,0.5859019652947683,19.538519733026263,228366.39420011538
2256,4.158011116522496,0.05049974051971209,10,0.95713106572628,0.1134291362693042,0.11287298802106266,3.1149913412049157,3.268699964915868,0.5623533544252708,19.079677484785357,224702.29023991947
2257,4.157130633424434,0.048032896599450606,10,0.9514589467644688,0.11393465019487534,0.1239387488153802,2.4996179065109425,1.7786192072330373,0.5726112870262248,19.01068753314326,220922.5956357041
2258,4.101659983029299,0.04700781838659822,6.882261355667649,0.9481428459286688,0.11393328625880401,0.12806539433814532,2.4091508706200635,3.428252043440401,0.5739005447862877,19.127046220455572,220965.17888194293
2259,4.106884202595918,0.04901841388261756,8.521275974556094,0.9337984350323676,0.11394440027505265,0.12540035761180868,2.1305685402592265,4.657693847195118,0.5003343096239926,19.275026495293112,215604.05983467042
2260,3.943116321960032,0.05151175377630532,9.282596676117514,0.9163130521774289,0.11418793388268787,0.11695585264103595,4.0802129516017915,6.189563631522459,0.5199950117642946,18.258392112357598,217245.88417552187
2261,3.5385714951813165,0.053272043589499614,10,0.9061437186598774,0.11443815469878377,0.11671936930593282,2.380412111525118,5.359936714143556,0.43279323855711294,18.41195789488994,180422.67110000702
2262,3.4990496126869073,0.05870751374014425,10,0.9149558654427526,0.11416589454881235,0.12063225054118641,0.9466297432088113,2.166965672445193,0.42805479075458763,17.659952696691093,181513.65811427898
2263,3.4928893188192465,0.058386397240775996,10,0.9225067675113677,0.11325913567001686,0.12388504632211388,1.4397693901786368,1.4890179914410633,0.4793962321278676,17.600409798284115,169884.48443186656
2264,3.401090044018202,0.0577010100160405,8.016794480734523,0.9280506175756453,0.11252023523815682,0.12681503268818073,1.922177218851846,2.9999746315498803,0.4798535408554549,17.67211147499411,168012.10884511966
2265,3.3839189291074745,0.0539881514060596,7.876153615082112,0.9312102198600767,0.1123668079727399,0.13074574389074534,2.034766402452584,5.613936491475613,0.39342972598655535,17.54469322079729,168765.6356764915
2266,3.384424534446356,0.04884433649472302,10,0.9290935370326038,0.1125888394555273,0.12971977381119773,1.6962687934773886,3.8335642778240477,0.3389319858514784,17.714984754302716,166327.9329644063
2267,3.397029949158051,0.04688452073294844,10,0.9307595571875571,0.11269407046824698,0.1288862578606585,1.7614228315906995,1.8484987056783384,0.41253466917260667,17.305540725124402,174201.5959345704
2268,3.4908715137889073,0.04726867280101045,10,0.9275607332587241,0.11265389709353907,0.13491031015885502,3.4333517153946045,1.496742312797506,0.36701245032662394,17.748085075079217,174863.9350925934
2269,3.5646466918853585,0.050499574489686026,8.908644967252783,0.9197219645977018,0.11239370513114214,0.14020950392745968,4.134972921828367,2.429178722249489,0.3035735086903332,17.90368641635271,178509.8858666086
2270,3.6093289154339168,0.055549143506807154,9.036346012747568,0.9214122644066809,0.11187550289163316,0.14076532585869805,3.884741492744365,2.5976595710499657,0.30116027709410964,17.93063555998531,175074.02936685536
2271,3.596206081788697,0.05814964238409606,10,0.9218516960740089,0.11104306185729972,0.14302093414603498,3.622675270726881,1.9052495882262832,0.25647309147282127,17.377787176783237,176148.04176227565
2272,3.535443497787957,0.05924095559710283,8.765569855841134,0.9176391783356663,0.10987222265630998,0.13907239726177223,2.475494880224509,2.0597339818267946,0.2540761136685641,17.883215091719325,164218.37880085874
2273,3.5216734047567857,0.060139569458005276,9.553327015898546,0.9074406293034551,0.10855881486876919,0.13081833432497977,3.1742364150182025,2.3256107535587436,0.23016940674044323,17.627523954402566,167651.33654354332
2274,3.5257570355297707,0.06026823165634745,7.9116907637608564,0.8990794587135312,0.10704366868419421,0.1271459698060437,2.3543718329123235,2.3499859881199905,0.18083761774043636,17.595415883441973,144930.08543983795
2275,3.4981462865818855,0.059197059855832145,10,0.8953068980574604,0.10542284368513974,0.12643747256235927,1.638388273393534,2.036221316108772,0.12738917221392132,16.966378474890323,145218.66950637675
2276,3.1965430281953107,0.06043706362960634,10,0.8925630477070807,0.10419801095544254,0.11681571767060468,2.176670483927564,2.4078170543212605,0.1133116574685341,17.119494020040456,129244.72595904957
2277,3.1757947279436287,0.05859469178005681,9.18044715684475,0.883809810578823,0.1032399243232292,0.10129450673383118,3.3896389700146745,3.9349526772631247,0.12573769188924958,17.3134726656595,139973.69942362708
2278,3.142257201052959,0.05495485995578825,9.483451185003894,0.8832664054632186,0.10237431216967814,0.084774478945319,4.581570505903967,3.2191417589998608,0.11959725864266814,17.63712518773161,147439.49982367706
2279,3.0732141561940263,0.05540833531344129,9.644543697448425,0.881532620191574,0.10147151838620641,0.08030674788380754,2.8621125677253367,2.9402558153376765,0.10508686345162375,17.94324731407021,149496.7627481554
2280,2.929439984764231,0.06047883581356106,8.751427131547622,0.8859904634952542,0.10071787361186017,0.08051520042416715,3.327943775834311,3.193512648336707,0.11460301773201852,17.797417128630407,149033.9651933443
2281,2.933899800796875,0.0658357343070683,7.9168957465094945,0.8845548555254934,0.10041119925972579,0.08179294260571043,3.3965944332069102,3.387317207546294,0.12915054250945787,17.784481993177327,139182.1732712027
2282,2.9112348494848286,0.06970594684475208,6.761886306435386,0.8753532671928405,0.10086516138633358,0.07489770879710703,5.062584085899732,4.070977042704138,0.18226117322616744,17.580957239215515,136967.52645394302
2283,2.8783907654285343,0.07454047758867262,7.6839403937952495,0.8721557569503784,0.1021252612018191,0.06769266051075148,5.477288690362355,3.4621193871510694,0.17500429152908692,17.574157093358007,130449.5858667274
2284,2.8338047657572543,0.07771944601718093,8.012684312446346,0.8701081785559653,0.10345745760118732,0.06068176708069762,4.064209070184484,3.765401406142929,0.21710196380328364,17.35781520239744,132953.39989480865
2285,2.8690694835997697,0.07605899700985684,5.601212067942267,0.8649689686298369,0.10464918806030606,0.05989493020036684,3.6743237227300787,3.3116949742238457,0.2197862450705567,17.841357812285004,133097.9466254253
2286,2.840885781047314,0.07279303310368024,4.96448890724783,0.8593481963872907,0.10574100313573648,0.06665119283027748,4.60516961698716,4.419555404712193,0.25849040534471046,18.23161773382041,137204.93359115312
2287,2.8261660762756278,0.06956071779998459,6.909329259130415,0.850666408538818,0.10676839916671911,0.07657697279038071,3.6194753301600566,5.105612272627587,0.26169290391841515,18.24006893070116,138393.70455136677
2288,2.8237609299249193,0.0685217735098255,10,0.8442898112535476,0.10788969678602688,0.08322310740161587,2.296419911350309,3.928311515487538,0.2504752315334972,17.866738238216968,140204.14618443677
2289,2.7793765590830044,0.06933272000814407,10,0.8343760460615156,0.10924551007428282,0.08109586261632068,2.517023502714182,4.086690056184055,0.2765939731492938,17.861296347297046,136049.4630455224
2290,2.770481798155239,0.07306282893876326,10,0.8349352914094922,0.11090201056554166,0.07515478264112002,3.4189091434854895,3.2970881660084226,0.2296530376001168,17.478398784181607,134923.02963527667
2291,2.7980071219978413,0.07529819769997138,7.489414528775708,0.8345332908630368,0.11282627908223741,0.07898603802042287,3.2547360972014547,2.7268685653181373,0.291923068768375,17.40024620874433,130311.24971673443
2292,2.8074053683919287,0.07600858815931233,8.42136921832142,0.8293367257714269,0.11518537373946698,0.08701868370731973,2.92004468983653,3.4013074013262505,0.2490577487167881,17.14326973805862,129760.46161657611
2293,2.7618817208562714,0.07655302044881135,7.9938027574201955,0.8224385929107664,0.11794546049079353,0.09379827378110328,2.670239045700015,3.391974116577442,0.16688846681778718,17.01727219579623,128258.03926883732
2294,2.740285716161249,0.07989981025107275,9.532889340799604,0.8165208491683006,0.12095735670335588,0.09589843903449011,2.5883220538556877,2.9968800094459636,0.1661531425514335,16.98644023738406,128792.59050355597
2295,2.7344827902360698,0.08126434776162547,9.841237437579107,0.80784888446331,0.1239935587834253,0.1034520446834473,3.2065699421076475,3.148749677088601,0.31872826099853707,16.941354708227614,129824.18039916683
2296,2.6812752973796252,0.08044586865451127,3.5829168595924124,0.795020567178726,0.12676931919627224,0.12123883897457965,5.872941622107455,4.32935034702514,0.4570890242146737,16.902091176561754,130535.17075434959
2297,2.6031392066182977,0.07739710985727835,5.053398153828514,0.7794517874717712,0.12916408326470888,0.14379259973604017,5.401878596764317,5.362230281401802,0.4947330060563566,16.91640311145635,132797.79097646134
2298,2.5293347333927296,0.0765256102134453,4.271749236206232,0.7538582313060759,0.13151748752735057,0.16794935214070839,5.42564415777927,6.498567375741073,0.5903792402861486,17.09125283133054,126760.16581980321
2299,2.4714827513660245,0.07660414735393747,6.780067899496755,0.7308205208182333,0.1340922882634948,0.17620839853927037,5.144190688018501,5.072739715482754,0.6471748913644829,16.692918274759865,128125.64222651532
2300,2.351901030701554,0.07817406077883059,10,0.716016921699047,0.1368575922151457,0.17715314816013997,4.441205754241817,3.8494158647658616,0.6640865663936636,16.787646780801143,125142.09034634157
2301,2.317590320500677,0.08022643231971308,9.236520774573203,0.7106514009833333,0.13936632655986586,0.17461159319704103,2.873191946872236,2.5952589853948007,0.6992929559939404,16.70538034801411,125207.0457464473
2302,2.204981585280276,0.07971230937246593,9.019136200992056,0.7110069686174391,0.14127627878112936,0.1748702111064969,2.3245220773458337,2.581183047365527,0.6983210151574508,16.590803756635022,125032.2366885244
2303,2.1643398342930946,0.07984046304214885,8.983346785291147,0.7034253028035162,0.1422927634445463,0.17383262346031253,2.6259873339316613,2.588069075755333,0.7116034211844513,16.324107375228184,125211.57093076443
2304,2.218809091482356,0.08028014775075881,10,0.6986573076248167,0.14259017352469236,0.17284854626091375,3.0497159269874317,3.483013521757976,0.6974763476212785,16.458411654390275,121995.97827713225
2305,2.241130338127087,0.0782579059075714,8.464133568399479,0.6926976332068441,0.1427408623495311,0.1784974850350681,3.534536287096623,2.6300131767727146,0.6546607892578108,16.41282861309168,119828.64778330502
2306,2.227772918863841,0.07488030432174009,10,0.6961991631984709,0.1429146028709521,0.18608979657992716,3.794840203895461,3.3569911520367564,0.6288725976593746,16.064519840494068,123228.34141805444
2307,2.257157979595176,0.0749826379469225,7.9039618281054445,0.6983569526672362,0.14252505893138478,0.18994765204472153,2.7305570696732344,2.901815545396884,0.6433236168979672,16.215632947508436,120178.4570786094
2308,2.220201938549132,0.07239911740600513,10,0.6962658232450483,0.14156010394633606,0.1868571960249544,2.881202413086517,2.4601595505655194,0.6746999317690402,16.03002056406548,110638.52254898321
2309,2.2723375565017627,0.07148070464795266,10,0.7009116482734679,0.14001671531713422,0.17814326153475166,2.684972721642223,3.010510897249919,0.6745380329131841,15.928837457296236,111002.86656258696
2310,2.514388351232985,0.0720025362800528,7.957064705854429,0.7112897911667824,0.13770643641864827,0.17442901236595992,3.4467102156419847,2.7638921979015807,0.6692216442455209,16.577216396150703,109714.78219664171
2311,2.642964108857917,0.07507507339364633,9.471088771113902,0.7223200657963751,0.1349528526454663,0.16656377322242175,3.278787078715928,3.135019636429875,0.6702304192033086,16.807894482764684,115836.73067529955
2312,2.927725230371705,0.07732508215225341,10,0.7273354521393773,0.1316937267124356,0.1560306287272464,2.230290876125948,1.9493465221039885,0.6923315653214606,16.958317237747405,126661.28355817738
2313,2.9134056780379245,0.07829635912921618,10,0.7254131594300268,0.12788319019946412,0.1478532409389992,1.73543180931634,2.022776594851682,0.7621785960375564,17.392192919608654,131363.26642721903
2314,2.908234724987265,0.07788820871480243,10,0.7188827070593832,0.12349678411427843,0.1475114833312234,2.580700431772108,2.2382153968630005,0.7674065550764891,17.61241106494456,134308.5338371158
2315,2.9581648506283456,0.07900274304091416,10,0.7223921415209767,0.11917557872685737,0.14640618958187537,2.4129032204665952,2.311402752322734,0.7766301577649951,17.44451674079968,132693.15910109435
2316,2.9453315637473443,0.07889441992149393,8.999223016618824,0.7236214378476141,0.115210876158102,0.13766569488669103,2.877966913826005,2.3140575363972675,0.7663942343916581,17.025333708542433,130602.70206730229
2317,2.9565266065265425,0.07912497174141458,8.363390380824946,0.7220492497086524,0.1115832432274221,0.1258597116894463,2.862159163592544,2.539947193929152,0.7877445845039026,16.934775676347268,125282.86772050076
2318,2.9781296264931845,0.08111058605311647,7.107313642314614,0.7163932701945301,0.1078842098478181,0.10808799735630595,2.287348761620215,2.2720851169065366,0.8335772866574397,16.761298204543337,128456.8932699274
2319,3.0312080862998885,0.0843494721964003,10,0.7238265883922577,0.104001779642686,0.09244281988614379,3.0075286132116403,3.8101040375410316,0.8626914553928324,17.270778961700337,126436.53077810947
2320,3.0841986094327583,0.08383246464112254,9.480521860797072,0.7315578421950338,0.10004534102284421,0.08576721618632227,3.121241315367591,2.4703029361069726,0.8586519511260575,17.32502649906959,134232.5284390101
2321,3.1446607324090947,0.08359191105338878,9.374079131612433,0.7362450498342512,0.09596459552667475,0.08054073880517024,3.0997101165985437,3.1429001277648245,0.8610592334720363,17.911016731409024,133851.8281159973
2322,3.336196423625268,0.0836474575958433,8.679297981999769,0.740978809893131,0.0917538734009174,0.06691017589383742,3.586135169799684,2.6259921960469734,0.8553333692776263,18.183042750073817,135280.77841690436
2323,3.482863993460719,0.08335072130387947,7.6791355794402065,0.7364886197447776,0.08761687980430558,0.05710507917080982,3.1582199448473416,2.9406122931990737,0.8667070340523912,18.475905361350744,140161.96266740505
2324,3.8553929385208545,0.08423425633891318,7.240846157600877,0.7406813195347784,0.08418238448418737,0.04595322627584683,3.262734671784475,2.7249486458827006,0.8696349315447842,19.33044221941564,142081.41584079026
2325,4.3495469192687235,0.0850880151541427,6.333761231330319,0.7526474997401235,0.0819771101089265,0.02427979318142573,4.865231295453557,4.316782827818488,0.875501082955266,20.032907726460895,143567.67555437717
2326,5.092719753849317,0.08246244543116175,10,0.7721969360113141,0.08050636142448345,0.018090947714805287,7.364036084689673,6.526997729237699,0.9210758765865333,20.78969008661901,150216.10059576167
2327,6.253894164418587,0.08231406451670434,10,0.7838773560523985,0.07923983024783501,0.020205935050628253,5.45606481802297,6.157332138823077,0.9176047695378547,21.0521577800706,189671.4106983767
2328,7.016415649195108,0.08463158750236871,8.199146868081815,0.7937941399216651,0.07821297408697434,0.025665967833923477,4.442922024557671,4.298571604474627,0.9234547858243113,21.471571645854375,201578.2580467024
2329,7.685185489498274,0.0872609441615523,8.560019570924418,0.8010881611704824,0.07757988574618147,0.03197076349995261,3.72949095223001,3.6987302727806872,0.9162760191436966,21.96536487922015,212318.83340608014
2330,8.226041892403407,0.09103779289784578,8.595364103237896,0.8108216670155522,0.07702195370490407,0.04225103152921702,3.3279482271011336,3.4764889100269607,0.9145774841851755,22.524156841744478,228846.7869783664
2331,8.581553347688427,0.09586523562649628,10,0.8204165565967557,0.07641600397639269,0.05424736852872323,3.37946489974411,3.210907559059347,0.9142057191834622,23.36893774694578,231783.908521832
2332,8.743631875091266,0.09703594801757683,10,0.8280753520131109,0.0757705352687254,0.06215497234596406,4.132924754219955,3.372238620356697,0.9114226030249206,23.852978747184316,244147.54898905012
2333,8.869577259255019,0.09654190260424445,10,0.8358113676309583,0.07538647628790067,0.06020017633877287,4.053729136780091,3.474802241901525,0.9094141853463846,24.32816687951368,240485.0081996673
2334,9.012179657306792,0.09289311141180279,7.013573712388211,0.8423603534698485,0.07539213660774564,0.05347728710121715,3.4300652727066594,3.421430351949444,0.9151103056107696,24.259859221519935,250093.35832573415
2335,8.973029324727502,0.08797937630535439,6.563129399509742,0.8511629211902616,0.07554058561491427,0.05019894904581848,4.105965047763917,3.138728812964466,0.9142377621325124,24.43708049161791,247365.36790435086
2336,8.949020889081787,0.08406461402479568,5.089415456404733,0.8595618110895153,0.0756619998978234,0.051994374653814956,5.145555403758463,3.226322043220025,0.8800357115930044,24.233617846757873,254471.51722051366
2337,8.934872701376703,0.07922144169998471,6.654223890158242,0.8610410439968107,0.07578871541296588,0.05555741068144934,6.7452345166675,4.480755385599007,0.8623140553834099,24.254553398018537,250777.7879522288
2338,8.88132313016183,0.07264276062370123,6.372405526142651,0.8567397469282146,0.07625909540000589,0.061700850549755264,6.439607380143485,5.082779493375934,0.8729622616141836,23.747695058814625,252373.97613297353
2339,8.748807449563152,0.06954238223685652,3.6759722798130667,0.860678506195545,0.07692202644025618,0.08038784110129,9.346990180931352,7.372527353418036,0.9152821182875799,23.618880784921526,247768.52788836817
2340,8.49930727285764,0.0686917346345509,5.318646865423071,0.8689836195111272,0.07770069304219797,0.10977975590166449,10.688708308424879,9.725100238754532,0.9451758309378,23.410927283759435,238901.1104669901
2341,8.2309466876008,0.07203226985271492,5.653167911036258,0.874150857925415,0.07895526739062929,0.12883580314822424,12.912620827124961,14.715542144536146,0.9508930595921717,22.566496323359004,235439.30285183954
2342,8.0345591719155,0.07715277848137055,6.103570608606363,0.8733681869506834,0.08043332318471587,0.12730130674631998,12.510746249645283,20.527007161218442,0.9143666869621668,22.18619224638083,229664.61741960008
2343,7.687229324923298,0.07800878935899032,6.628183752064054,0.8642038854956625,0.08184083434524358,0.12419808774056579,8.867673978979067,17.40706215996111,0.8875143189049153,21.741080763901877,219054.2239169867
2344,7.630507212080093,0.07696036421394972,6.868566974539807,0.8512468308210371,0.08288993449641177,0.12822750237442077,7.270450760003781,11.159186668360558,0.8845647959812867,21.096396135642294,213943.2738294384
2345,7.544552279557131,0.07668280720142588,9.286609372158964,0.8384656766057013,0.08357485615993034,0.13021559005162414,6.516670169588728,10.444280239759928,0.8786530753368825,20.88024125573326,208479.88864686366
2346,7.452051263399253,0.07909042529700147,5.3285417187617865,0.8243343070149421,0.08396024451328803,0.12762174799802278,6.2080281921772205,11.268605414756912,0.8658357799125691,20.782696855255626,207597.31196928036
2347,7.393778124364116,0.08611523259841385,6.009316603308154,0.8232845985889433,0.08397219224583059,0.11765616494900519,5.626019129263837,9.154498720451908,0.8575519621109273,20.87834261681147,208875.21608626214
2348,7.351932031782146,0.09183390726033759,8.126384035426463,0.8254069820046425,0.0836256062574345,0.11395388328387955,4.371923984977819,6.454317716783486,0.8505634343893297,20.944290586421765,210171.67139162304
2349,7.331855800294833,0.08897902680441146,7.753847596236234,0.8197289860248562,0.08324016953254079,0.10826346727150071,3.7839972365362575,5.213474283988159,0.8484081599043795,20.95120345287328,207841.53723570917
2350,7.3041065570458565,0.08886040529457907,6.443373847773331,0.8259924668073652,0.08303605043711258,0.09704473910837103,3.462896059032862,4.090549104156615,0.8451841917610949,20.62897333145905,207736.61440695138
2351,7.2385261367465485,0.0906425186530038,5.066767890792667,0.8267788892984388,0.0829262800000996,0.0895310589565054,3.170208836321061,4.9696857827346586,0.8389061718555895,20.607837010758637,200283.08729902576
2352,7.177210413052766,0.09368986322932499,8.309313719974968,0.8233435148000715,0.0827230775181614,0.08446891977458594,3.6592112290950727,5.342409569125978,0.8334217620095213,20.046731008195778,201081.13079425896
2353,6.96799815132355,0.09271317318323373,10,0.8220213678479192,0.08244514105713263,0.08149195549207808,3.555705447276801,5.266880970592382,0.8273804090208525,20.061915498118285,199131.70465838717
2354,6.801391142303232,0.0865614214673877,9.297324898988713,0.813863553702831,0.08207303830177864,0.07765594141856862,2.491812396350239,3.7000094161242054,0.8241472790471458,19.630149647244075,194436.92559257778
2355,6.429525983543032,0.0809834089673029,8.490298734487396,0.8026664623618125,0.08121636031475504,0.07009189093604234,1.1772090911763105,3.412954036008403,0.8221320182994449,18.601521179390232,191282.38873563448
2356,6.095463188735007,0.07475379000738606,7.097092708809399,0.7990516424179077,0.08026424712852473,0.06317159798279653,2.7437123212265626,3.3127405735609905,0.8329544494871273,18.100834064368325,192928.81010779028
2357,5.45477233368373,0.06880310705720032,10,0.8046231833100317,0.07858936588646613,0.06391067733148889,3.594215542847428,2.561531519250466,0.8352531457472285,17.30270746331209,189725.23525559594
2358,4.29893143806496,0.06783934518664866,10,0.8065628737211226,0.07684965371289991,0.06383878102698765,1.4219258331756222,3.1818658516953344,0.8356378230967543,17.173538279692593,146885.1478881507
2359,3.546634979472484,0.06735417987740255,10,0.8057786685228349,0.07509600800817154,0.05818807252013759,1.8361672393310997,2.510812512306549,0.8386619417751611,16.566276888799038,134973.03474038205
2360,2.863122473709878,0.06657432394824692,8.602405272577263,0.8098547145724295,0.07305248899408502,0.05320333506902735,2.0390976303889348,2.0899153562302075,0.8417635780678984,16.01403264329056,122742.9409682788
2361,2.2003992466643654,0.06893582528487051,10,0.8224430850148199,0.07076596495178344,0.05419807048330565,2.9099535086514736,2.883666138215403,0.8427970102785658,15.427907704202745,101028.22419089504
2362,1.7802533112825343,0.07016969063499594,10,0.8262176838517189,0.06839697399152349,0.05461774823754315,2.0891539518069813,1.582729652846413,0.8485655230623299,14.101637383939995,98309.59224529252
2363,1.577155332571929,0.0671348135088091,10,0.817462994754314,0.06625527003685037,0.0514108067056842,1.2611840673435644,3.777900711609144,0.8465750952107148,13.56850466711891,82432.32834393306
2364,1.4346695320024585,0.06618154334797856,10,0.823411062955856,0.0640871512528945,0.04825163786706805,1.7327494822651357,3.1902877879440488,0.8474538849150617,13.10759747499236,83863.61989355535
2365,1.2339562126445298,0.06775315937698372,7.465203309729693,0.8371618491411206,0.061983517156770404,0.0471495951429428,2.7985710040684393,2.313681991869447,0.8515908596780869,12.700157461199424,70020.73544868623
2366,1.2081610274754706,0.0692813303764836,10,0.8548646047711369,0.06023045605919036,0.04679606549841637,2.4467730778631998,2.598475822383713,0.862930231980289,11.962218555880844,68825.70828629863
2367,1.1968522590852302,0.0687771626946416,8.929305405079631,0.8586809799075125,0.05868831906459485,0.045695097713730794,2.316523832671974,2.200882483740504,0.8811486216980456,12.068044681363132,58960.70432425611
2368,1.1555662144071304,0.06868589680174884,8.51248527678832,0.8557486596703527,0.05725606346959536,0.046941380389558,3.012041353211723,3.3878923775357297,0.8922255184305435,12.179737406841546,58823.406097220206
2369,1.0876718018472809,0.0710141342821297,9.927814284683928,0.8572499775886535,0.05583042276239048,0.05016566513378165,2.427159359843545,2.7447573173792046,0.9167313091613745,12.219681079475347,58162.31061028918
2370,1.0758039158067014,0.07235229542151426,9.927814284683928,0.862777611017227,0.05446632784637935,0.05383082350355854,2.4782487739120524,1.872120691070763,0.9405454236730539,12.051483738254195,58385.15259695777
